river,year,doy,date,mean_discharge,passage
Copper River,1989,173,6/22/1989,3875.278499,8868
Copper River,1989,174,6/23/1989,3989.135821,5850
Copper River,1989,175,6/24/1989,4259.325736,3927
Copper River,1989,176,6/25/1989,4784.367274,2996
Copper River,1989,177,6/26/1989,5104.111672,3426
Copper River,1989,178,6/27/1989,5043.938372,3240
Copper River,1989,179,6/28/1989,4914.742757,6302
Copper River,1989,180,6/29/1989,4839.8211,6490
Copper River,1989,181,6/30/1989,5013.851722,7354
Copper River,1989,182,7/1/1989,5097.622394,7930
Copper River,1989,183,7/2/1989,5471.640748,5296
Copper River,1989,217,8/5/1989,5262.804002,NA
Copper River,1989,218,8/6/1989,5140.687599,NA
Copper River,1989,219,8/7/1989,5248.645578,NA
Copper River,1989,220,8/8/1989,5125.939241,NA
Copper River,1989,221,8/9/1989,4810.324384,NA
Copper River,1989,222,8/10/1989,4582.60974,NA
Copper River,1989,223,8/11/1989,4705.316077,NA
Copper River,1989,224,8/12/1989,5071.07535,NA
Copper River,1989,225,8/13/1989,5429.755412,NA
Copper River,1989,226,8/14/1989,5673.988218,NA
Copper River,1989,227,8/15/1989,5725.312503,NA
Copper River,1989,228,8/16/1989,5418.54666,NA
Copper River,1989,229,8/17/1989,5110.600949,NA
Copper River,1989,230,8/18/1989,5003.232904,NA
Copper River,1989,231,8/19/1989,4987.894612,NA
Copper River,1989,232,8/20/1989,4993.793955,NA
Copper River,1989,233,8/21/1989,4882.886305,NA
Copper River,1989,234,8/22/1989,4577.890265,NA
Copper River,1989,235,8/23/1989,4380.852205,NA
Copper River,1989,236,8/24/1989,4268.174751,NA
Copper River,1989,237,8/25/1989,4384.391811,NA
Copper River,1989,238,8/26/1989,4805.60491,NA
Copper River,1989,239,8/27/1989,5156.615826,NA
Copper River,1989,240,8/28/1989,5093.492854,NA
Copper River,1989,241,8/29/1989,4956.038159,NA
Copper River,1989,242,8/30/1989,4849.849983,NA
Copper River,1989,243,8/31/1989,4441.025505,NA
Copper River,1989,244,9/1/1989,4108.892487,NA
Copper River,1989,245,9/2/1989,3935.451799,NA
Copper River,1989,246,9/3/1989,3911.854426,NA
Copper River,1989,247,9/4/1989,3490.641327,NA
Copper River,1989,248,9/5/1989,3142.580083,NA
Copper River,1989,249,9/6/1989,3199.213777,NA
Copper River,1989,250,9/7/1989,3435.187502,NA
Copper River,1989,251,9/8/1989,3800.356841,NA
Copper River,1989,252,9/9/1989,4026.891617,NA
Copper River,1989,253,9/10/1989,4367.283715,NA
Copper River,1989,254,9/11/1989,4709.445617,NA
Copper River,1989,255,9/12/1989,4659.891134,NA
Copper River,1989,256,9/13/1989,4211.541057,NA
Copper River,1989,257,9/14/1989,3671.161227,NA
Copper River,1989,258,9/15/1989,3169.127127,NA
Copper River,1989,259,9/16/1989,2680.602523,NA
Copper River,1989,260,9/17/1989,2359.56027,NA
Copper River,1989,261,9/18/1989,2128.365013,NA
Copper River,1989,262,9/19/1989,1921.180082,NA
Copper River,1989,263,9/20/1989,1808.856589,NA
Copper River,1989,264,9/21/1989,1785.849151,NA
Copper River,1989,265,9/22/1989,1961.295615,NA
Copper River,1989,266,9/23/1989,2325.403073,NA
Copper River,1989,267,9/24/1989,3028.958734,NA
Copper River,1989,268,9/25/1989,4536.594863,NA
Copper River,1989,269,9/26/1989,4184.994013,NA
Copper River,1989,270,9/27/1989,3701.247877,NA
Copper River,1989,271,9/28/1989,3169.127127,NA
Copper River,1989,272,9/29/1989,2796.878576,NA
Copper River,1989,273,9/30/1989,2739.477967,NA
Copper River,1990,140,5/20/1990,2066.008956,NA
Copper River,1990,141,5/21/1990,2204.8205,1121
Copper River,1990,142,5/22/1990,2324.164211,4843
Copper River,1990,143,5/23/1990,2197.151353,7177
Copper River,1990,144,5/24/1990,2025.126508,11923
Copper River,1990,145,5/25/1990,1941.178855,14333
Copper River,1990,146,5/26/1990,1964.599247,11337
Copper River,1990,147,5/27/1990,2091.022171,12060
Copper River,1990,148,5/28/1990,2277.795374,7434
Copper River,1990,149,5/29/1990,2567.335135,9176
Copper River,1990,150,5/30/1990,3047.836632,9541
Copper River,1990,151,5/31/1990,3314.840902,10343
Copper River,1990,152,6/1/1990,3502.440013,10026
Copper River,1990,153,6/2/1990,3673.520964,9909
Copper River,1990,154,6/3/1990,3867.019418,8576
Copper River,1990,155,6/4/1990,4025.711749,7572
Copper River,1990,156,6/5/1990,4304.160744,10173
Copper River,1990,157,6/6/1990,4522.43644,10410
Copper River,1990,158,6/7/1990,4780.237734,11137
Copper River,1990,159,6/8/1990,4939.519999,7637
Copper River,1990,160,6/9/1990,4881.706436,9905
Copper River,1990,161,6/10/1990,4691.747587,11660
Copper River,1990,162,6/11/1990,4436.895964,16181
Copper River,1990,163,6/12/1990,4261.095539,23929
Copper River,1990,164,6/13/1990,4295.901664,24448
Copper River,1990,165,6/14/1990,4474.061826,14302
Copper River,1990,166,6/15/1990,4468.162483,8390
Copper River,1990,167,6/16/1990,4399.140168,10112
Copper River,1990,168,6/17/1990,4344.276277,12695
Copper River,1990,169,6/18/1990,4072.906494,8052
Copper River,1990,170,6/19/1990,3821.594476,9763
Copper River,1990,171,6/20/1990,3680.010241,9315
Copper River,1990,172,6/21/1990,3613.347664,10292
Copper River,1990,173,6/22/1990,3558.483773,10157
Copper River,1990,174,6/23/1990,3614.916638,10166
Copper River,1990,175,6/24/1990,3674.110898,9340
Copper River,1990,176,6/25/1990,3762.601045,10010
Copper River,1990,177,6/26/1990,3903.005412,6812
Copper River,1990,178,6/27/1990,4189.713487,9234
Copper River,1990,179,6/28/1990,4588.509083,6881
Copper River,1990,180,6/29/1990,5126.529176,4499
Copper River,1990,181,6/30/1990,5545.972472,3975
Copper River,1990,182,7/1/1990,5891.673979,4323
Copper River,1990,183,7/2/1990,6109.35974,5067
Copper River,1990,184,7/3/1990,5719.059199,4682
Copper River,1990,195,7/14/1990,4107.122684,8206
Copper River,1990,196,7/15/1990,4025.121814,8309
Copper River,1990,197,7/16/1990,3920.703441,6093
Copper River,1990,198,7/17/1990,3958.459237,6259
Copper River,1990,199,7/18/1990,4290.592255,5726
Copper River,1990,200,7/19/1990,4717.114763,5975
Copper River,1990,201,7/20/1990,5057.506861,4315
Copper River,1990,202,7/21/1990,5414.41712,2534
Copper River,1990,203,7/22/1990,5730.621912,2457
Copper River,1990,204,7/23/1990,5836.810088,3901
Copper River,1990,205,7/24/1990,5951.257345,2883
Copper River,1990,206,7/25/1990,6036.207886,2050
Copper River,1990,207,7/26/1990,5813.212715,2257
Copper River,1990,208,7/27/1990,5076.384759,2885
Copper River,1990,209,7/28/1990,4884.066173,1934
Copper River,1990,210,7/29/1990,5168.414512,2808
Copper River,1990,211,7/30/1990,5594.083498,2462
Copper River,1990,212,7/31/1990,5543.0228,2550
Copper River,1990,213,8/1/1990,5139.507731,3839
Copper River,1990,214,8/2/1990,4691.157653,5249
Copper River,1990,215,8/3/1990,4379.082402,NA
Copper River,1990,216,8/4/1990,4288.822452,NA
Copper River,1990,217,8/5/1990,4320.970106,NA
Copper River,1990,218,8/6/1990,4388.521351,NA
Copper River,1990,219,8/7/1990,4149.597954,NA
Copper River,1990,220,8/8/1990,3961.408908,NA
Copper River,1990,221,8/9/1990,3809.205856,NA
Copper River,1990,222,8/10/1990,4043.409778,NA
Copper River,1990,223,8/11/1990,4938.930064,NA
Copper River,1990,224,8/12/1990,5991.962812,NA
Copper River,1990,225,8/13/1990,6988.9518,NA
Copper River,1990,226,8/14/1990,7308.696198,NA
Copper River,1990,227,8/15/1990,7577.706244,NA
Copper River,1990,228,8/16/1990,7499.144566,NA
Copper River,1990,229,8/17/1990,7309.876066,NA
Copper River,1990,230,8/18/1990,6935.857712,NA
Copper River,1990,231,8/19/1990,6494.586846,NA
Copper River,1990,232,8/20/1990,6384.26913,NA
Copper River,1990,233,8/21/1990,6424.974597,NA
Copper River,1990,234,8/22/1990,5835.040285,NA
Copper River,1990,235,8/23/1990,5133.608387,NA
Copper River,1990,236,8/24/1990,4719.4745,NA
Copper River,1990,237,8/25/1990,4478.191366,NA
Copper River,1990,238,8/26/1990,4285.87278,NA
Copper River,1990,239,8/27/1990,4330.117854,NA
Copper River,1990,240,8/28/1990,4735.992661,NA
Copper River,1990,241,8/29/1990,5143.637271,NA
Copper River,1990,242,8/30/1990,5016.801394,NA
Copper River,1990,243,8/31/1990,4197.972568,NA
Copper River,1990,244,9/1/1990,3580.901277,NA
Copper River,1990,245,9/2/1990,3229.890361,NA
Copper River,1990,246,9/3/1990,2999.815979,NA
Copper River,1990,247,9/4/1990,3249.358193,NA
Copper River,1990,248,9/5/1990,3655.822935,NA
Copper River,1990,249,9/6/1990,3897.106068,NA
Copper River,1990,250,9/7/1990,4017.452668,NA
Copper River,1990,251,9/8/1990,3968.48812,NA
Copper River,1990,252,9/9/1990,3662.312212,NA
Copper River,1990,253,9/10/1990,3759.061439,NA
Copper River,1990,254,9/11/1990,4120.691173,NA
Copper River,1990,255,9/12/1990,4669.330083,NA
Copper River,1990,256,9/13/1990,5105.29154,NA
Copper River,1990,257,9/14/1990,5758.348824,NA
Copper River,1990,258,9/15/1990,6213.188179,NA
Copper River,1990,259,9/16/1990,5430.345347,NA
Copper River,1990,260,9/17/1990,4446.334913,NA
Copper River,1990,261,9/18/1990,3795.047432,NA
Copper River,1990,262,9/19/1990,3671.161227,NA
Copper River,1990,263,9/20/1990,3921.88331,NA
Copper River,1990,264,9/21/1990,4384.391811,NA
Copper River,1990,265,9/22/1990,5150.716482,NA
Copper River,1990,266,9/23/1990,5216.789125,NA
Copper River,1990,267,9/24/1990,4348.405817,NA
Copper River,1990,268,9/25/1990,4320.08897,NA
Copper River,1990,269,9/26/1990,3770.270191,NA
Copper River,1990,270,9/27/1990,3199.213777,NA
Copper River,1990,271,9/28/1990,2829.029996,NA
Copper River,1990,272,9/29/1990,2703.845934,NA
Copper River,1990,273,9/30/1990,2890.914105,NA
Copper River,1991,142,5/22/1991,1160.341799,1717
Copper River,1991,143,5/23/1991,1251.722624,3161
Copper River,1991,144,5/24/1991,1428.820905,2465
Copper River,1991,145,5/25/1991,1596.480236,3046
Copper River,1991,146,5/26/1991,1711.163467,3274
Copper River,1991,147,5/27/1991,1784.315322,3893
Copper River,1991,148,5/28/1991,1861.65571,3389
Copper River,1991,149,5/29/1991,1870.740698,3933
Copper River,1991,150,5/30/1991,1890.621485,4417
Copper River,1991,151,5/31/1991,1945.721349,9362
Copper River,1991,152,6/1/1991,1887.081879,16833
Copper River,1991,153,6/2/1991,1790.804599,21151
Copper River,1991,154,6/3/1991,1742.370992,17808
Copper River,1991,155,6/4/1991,1740.95515,14557
Copper River,1991,156,6/5/1991,1787.854927,18673
Copper River,1991,157,6/6/1991,1823.368973,11688
Copper River,1991,158,6/7/1991,1884.781135,8440
Copper River,1991,159,6/8/1991,1959.289839,9471
Copper River,1991,160,6/9/1991,1975.749006,11665
Copper River,1991,161,6/10/1991,1973.50349,8565
Copper River,1991,162,6/11/1991,2124.471446,8104
Copper River,1991,163,6/12/1991,2336.080884,12688
Copper River,1991,164,6/13/1991,2529.933299,9066
Copper River,1991,165,6/14/1991,2774.756039,9236
Copper River,1991,166,6/15/1991,3031.082498,14967
Copper River,1991,167,6/16/1991,3321.920114,14367
Copper River,1991,168,6/17/1991,3527.217254,10129
Copper River,1991,169,6/18/1991,3611.577861,11051
Copper River,1991,170,6/19/1991,3543.145481,12921
Copper River,1991,171,6/20/1991,3739.003673,14146
Copper River,1991,172,6/21/1991,4472.292023,8750
Copper River,1991,173,6/22/1991,5396.129156,7830
Copper River,1991,174,6/23/1991,6105.2302,6358
Copper River,1991,175,6/24/1991,6462.868463,5963
Copper River,1991,176,6/25/1991,6385.448999,7660
Copper River,1991,179,6/28/1991,5782.059163,10810
Copper River,1991,182,7/1/1991,6140.446714,7303
Copper River,1991,183,7/2/1991,6129.953811,5109
Copper River,1991,186,7/5/1991,5594.083498,5845
Copper River,1991,189,7/8/1991,4997.622252,7069
Copper River,1991,191,7/10/1991,5524.195109,4610
Copper River,1991,192,7/11/1991,5060.456533,4477
Copper River,1991,193,7/12/1991,4899.417017,4818
Copper River,1991,194,7/13/1991,4803.621726,3969
Copper River,1991,197,7/16/1991,4695.671933,9671
Copper River,1991,200,7/19/1991,4024.004705,7513
Copper River,1991,201,7/20/1991,3769.218569,10681
Copper River,1991,202,7/21/1991,3706.557285,10268
Copper River,1991,205,7/24/1991,4499.429001,4245
Copper River,1991,206,7/25/1991,4698.749851,3066
Copper River,1991,207,7/26/1991,4797.345829,4422
Copper River,1991,208,7/27/1991,4659.891134,3884
Copper River,1991,209,7/28/1991,4627.444747,4793
Copper River,1991,210,7/29/1991,4564.321776,5354
Copper River,1991,211,7/30/1991,4405.629446,4711
Copper River,1991,212,7/31/1991,4252.246525,2901
Copper River,1991,213,8/1/1991,4191.495842,NA
Copper River,1991,214,8/2/1991,4091.194457,NA
Copper River,1991,215,8/3/1991,3948.430354,NA
Copper River,1991,216,8/4/1991,3664.671949,NA
Copper River,1991,217,8/5/1991,3395.071968,NA
Copper River,1991,218,8/6/1991,3372.06453,NA
Copper River,1991,219,8/7/1991,3259.387077,NA
Copper River,1991,220,8/8/1991,3336.078537,NA
Copper River,1991,221,8/9/1991,3439.317042,NA
Copper River,1991,222,8/10/1991,3557.303904,NA
Copper River,1991,223,8/11/1991,3854.040864,NA
Copper River,1991,224,8/12/1991,4090.604523,NA
Copper River,1991,225,8/13/1991,4277.023766,NA
Copper River,1991,226,8/14/1991,4679.948901,NA
Copper River,1991,227,8/15/1991,4961.347568,NA
Copper River,1991,228,8/16/1991,5055.147124,NA
Copper River,1991,229,8/17/1991,5551.871815,NA
Copper River,1991,230,8/18/1991,6450.931707,NA
Copper River,1991,231,8/19/1991,6389.967644,NA
Copper River,1991,232,8/20/1991,5421.496332,NA
Copper River,1991,233,8/21/1991,4653.991791,NA
Copper River,1991,234,8/22/1991,4255.78613,NA
Copper River,1991,235,8/23/1991,3990.905624,NA
Copper River,1991,236,8/24/1991,3770.270191,NA
Copper River,1991,237,8/25/1991,3535.990958,NA
Copper River,1991,239,8/27/1991,3169.127127,NA
Copper River,1991,241,8/29/1991,2597.409986,NA
Copper River,1991,243,8/31/1991,2365.601448,NA
Copper River,1991,246,9/3/1991,2109.605102,NA
Copper River,1991,247,9/4/1991,2124.727503,NA
Copper River,1991,248,9/5/1991,2261.57218,NA
Copper River,1991,249,9/6/1991,2456.781444,NA
Copper River,1991,250,9/7/1991,2742.663612,NA
Copper River,1991,251,9/8/1991,3021.643549,NA
Copper River,1991,252,9/9/1991,3278.854909,NA
Copper River,1991,253,9/10/1991,3446.396254,NA
Copper River,1991,254,9/11/1991,3548.45489,NA
Copper River,1991,255,9/12/1991,3070.195143,NA
Copper River,1991,256,9/13/1991,2636.88839,NA
Copper River,1991,257,9/14/1991,2374.249634,NA
Copper River,1991,258,9/15/1991,2329.591607,NA
Copper River,1991,259,9/16/1991,2471.942756,NA
Copper River,1991,260,9/17/1991,2996.512347,NA
Copper River,1991,261,9/18/1991,3114.263236,NA
Copper River,1991,262,9/19/1991,2991.320925,NA
Copper River,1991,263,9/20/1991,2594.41312,NA
Copper River,1991,264,9/21/1991,2214.613409,NA
Copper River,1991,265,9/22/1991,1957.756009,NA
Copper River,1991,266,9/23/1991,2023.002744,NA
Copper River,1991,267,9/24/1991,2181.754068,NA
Copper River,1991,268,9/25/1991,2019.168171,NA
Copper River,1991,269,9/26/1991,1949.260955,NA
Copper River,1991,270,9/27/1991,2003.121958,NA
Copper River,1991,271,9/28/1991,1893.925117,NA
Copper River,1991,272,9/29/1991,1721.959265,NA
Copper River,1991,273,9/30/1991,1594.592447,NA
Copper River,1993,137,5/17/1993,1603.736429,NA
Copper River,1993,138,5/18/1993,1856.051334,NA
Copper River,1993,139,5/19/1993,2217.740061,NA
Copper River,1993,140,5/20/1993,2548.264525,9503
Copper River,1993,141,5/21/1993,2736.823263,13677
Copper River,1993,142,5/22/1993,2847.553933,22706
Copper River,1993,143,5/23/1993,2819.237086,28425
Copper River,1993,144,5/24/1993,2888.318394,31980
Copper River,1993,145,5/25/1993,3026.952957,38581
Copper River,1993,146,5/26/1993,3126.651856,23647
Copper River,1993,147,5/27/1993,3103.054484,12885
Copper River,1993,148,5/28/1993,3161.457981,17476
Copper River,1993,149,5/29/1993,3347.287289,13156
Copper River,1993,150,5/30/1993,3581.491211,8478
Copper River,1993,151,5/31/1993,3864.659681,16686
Copper River,1993,152,6/1/1993,4034.560763,16473
Copper River,1993,153,6/2/1993,4116.561633,22831
Copper River,1993,154,6/3/1993,4161.39664,14591
Copper River,1993,155,6/4/1993,4245.167313,17585
Copper River,1993,156,6/5/1993,4313.009759,25779
Copper River,1993,157,6/6/1993,4410.938855,25643
Copper River,1993,158,6/7/1993,4504.148476,18068
Copper River,1993,159,6/8/1993,4333.65746,20762
Copper River,1993,160,6/9/1993,3924.832981,24997
Copper River,1993,161,6/10/1993,3554.354233,19794
Copper River,1993,162,6/11/1993,3429.878093,11119
Copper River,1993,163,6/12/1993,3454.0654,18322
Copper River,1993,164,6/13/1993,3482.382247,12872
Copper River,1993,165,6/14/1993,3593.879832,8357
Copper River,1993,166,6/15/1993,3808.615922,13351
Copper River,1993,167,6/16/1993,4129.540188,14247
Copper River,1993,168,6/17/1993,4441.025505,7621
Copper River,1993,170,6/19/1993,4342.506474,6324
Copper River,1993,171,6/20/1993,4301.801007,4900
Copper River,1993,172,6/21/1993,4200.332305,3536
Copper River,1993,173,6/22/1993,4254.016327,2864
Copper River,1993,174,6/23/1993,4318.909102,5069
Copper River,1993,175,6/24/1993,4452.824191,6071
Copper River,1993,176,6/25/1993,4554.292893,4321
Copper River,1993,177,6/26/1993,4828.612348,2718
Copper River,1993,178,6/27/1993,4559.602301,3370
Copper River,1993,179,6/28/1993,4410.34892,4361
Copper River,1993,180,6/29/1993,4397.9603,4976
Copper River,1993,181,6/30/1993,4501.198804,8384
Copper River,1993,182,7/1/1993,4494.119593,7639
Copper River,1993,183,7/2/1993,4478.781301,5720
Copper River,1993,184,7/3/1993,4426.867081,5145
Copper River,1993,185,7/4/1993,4438.665767,5527
Copper River,1993,186,7/5/1993,4464.622877,6339
Copper River,1993,187,7/6/1993,4396.190497,6431
Copper River,1993,188,7/7/1993,4304.160744,9229
Copper River,1993,189,7/8/1993,4095.913932,10386
Copper River,1993,190,7/9/1993,4164.346312,11105
Copper River,1993,191,7/10/1993,4443.385242,9566
Copper River,1993,192,7/11/1993,4920.642101,7364
Copper River,1993,193,7/12/1993,5196.141425,6819
Copper River,1993,194,7/13/1993,5379.021061,5615
Copper River,1993,195,7/14/1993,5791.385146,7673
Copper River,1993,196,7/15/1993,6110.539609,6112
Copper River,1993,197,7/16/1993,6448.57197,6880
Copper River,1993,198,7/17/1993,6755.927747,5175
Copper River,1993,199,7/18/1993,6946.47653,5398
Copper River,1993,200,7/19/1993,6778.935185,6782
Copper River,1993,201,7/20/1993,6545.321197,7417
Copper River,1993,202,7/21/1993,6537.062117,7844
Copper River,1993,203,7/22/1993,6357.722086,9241
Copper River,1993,204,7/23/1993,5745.370269,14012
Copper River,1993,205,7/24/1993,5551.281881,12723
Copper River,1993,206,7/25/1993,5438.604427,9048
Copper River,1993,208,7/27/1993,5560.130895,7465
Copper River,1993,209,7/28/1993,5673.988218,5972
Copper River,1993,210,7/29/1993,5877.854454,6116
Copper River,1993,211,7/30/1993,5915.271351,6503
Copper River,1993,212,7/31/1993,6004.351433,5539
Copper River,1993,213,8/1/1993,6052.136112,4560
Copper River,1993,214,8/2/1993,5747.730007,4209
Copper River,1993,215,8/3/1993,5528.274442,NA
Copper River,1993,216,8/4/1993,5432.705084,NA
Copper River,1993,217,8/5/1993,5373.711653,NA
Copper River,1993,218,8/6/1993,5381.380799,NA
Copper River,1993,219,8/7/1993,5242.156301,NA
Copper River,1993,220,8/8/1993,5171.364183,NA
Copper River,1993,221,8/9/1993,5250.415381,NA
Copper River,1993,222,8/10/1993,5322.387367,NA
Copper River,1993,223,8/11/1993,5289.351046,NA
Copper River,1993,224,8/12/1993,5174.313855,NA
Copper River,1993,225,8/13/1993,5082.284102,NA
Copper River,1993,226,8/14/1993,5213.24952,NA
Copper River,1993,227,8/15/1993,5908.782074,NA
Copper River,1993,228,8/16/1993,6951.196004,NA
Copper River,1993,229,8/17/1993,6568.328635,NA
Copper River,1993,230,8/18/1993,5446.863507,NA
Copper River,1993,231,8/19/1993,4884.066173,NA
Copper River,1993,232,8/20/1993,4423.327475,NA
Copper River,1993,233,8/21/1993,4006.833851,NA
Copper River,1993,234,8/22/1993,3758.471505,NA
Copper River,1993,237,8/25/1993,3942.53101,NA
Copper River,1993,238,8/26/1993,3762.011111,NA
Copper River,1993,239,8/27/1993,3548.45489,NA
Copper River,1993,240,8/28/1993,3444.626451,NA
Copper River,1993,241,8/29/1993,3401.561246,NA
Copper River,1993,242,8/30/1993,3581.491211,NA
Copper River,1993,243,8/31/1993,4232.778692,NA
Copper River,1993,244,9/1/1993,5190.832016,NA
Copper River,1993,245,9/2/1993,6046.826703,NA
Copper River,1993,246,9/3/1993,6174.842449,NA
Copper River,1993,247,9/4/1993,5544.202669,NA
Copper River,1993,248,9/5/1993,4995.563758,NA
Copper River,1993,249,9/6/1993,4871.677553,NA
Copper River,1993,250,9/7/1993,5066.94581,NA
Copper River,1993,251,9/8/1993,5010.90205,NA
Copper River,1993,252,9/9/1993,4508.278016,NA
Copper River,1993,253,9/10/1993,4023.941946,NA
Copper River,1993,254,9/11/1993,3601.548978,NA
Copper River,1993,255,9/12/1993,3298.912676,NA
Copper River,1993,256,9/13/1993,3170.89693,NA
Copper River,1993,257,9/14/1993,3035.212038,NA
Copper River,1993,258,9/15/1993,2821.89179,NA
Copper River,1993,259,9/16/1993,2882.06509,NA
Copper River,1993,260,9/17/1993,3802.126644,NA
Copper River,1993,261,9/18/1993,3608.62819,NA
Copper River,1993,262,9/19/1993,3167.357324,NA
Copper River,1993,263,9/20/1993,2748.798929,NA
Copper River,1993,264,9/21/1993,3005.833309,NA
Copper River,1993,265,9/22/1993,2903.71568,NA
Copper River,1993,266,9/23/1993,2593.056271,NA
Copper River,1993,267,9/24/1993,2312.424518,NA
Copper River,1993,268,9/25/1993,2126.005275,NA
Copper River,1993,269,9/26/1993,2123.527551,NA
Copper River,1993,270,9/27/1993,2112.318799,NA
Copper River,1993,271,9/28/1993,2281.68894,NA
Copper River,1993,272,9/29/1993,2831.330739,NA
Copper River,1993,273,9/30/1993,2930.085743,NA
Copper River,1994,135,5/15/1994,1052.38382,NA
Copper River,1994,136,5/16/1994,1090.139616,NA
Copper River,1994,137,5/17/1994,1168.305912,448
Copper River,1994,138,5/18/1994,1240.631859,686
Copper River,1994,139,5/19/1994,1449.114645,952
Copper River,1994,140,5/20/1994,1784.551295,955
Copper River,1994,141,5/21/1994,1833.45685,1610
Copper River,1994,142,5/22/1994,1702.078478,2422
Copper River,1994,143,5/23/1994,1628.100716,3558
Copper River,1994,144,5/24/1994,1685.501324,2897
Copper River,1994,145,5/25/1994,1684.026488,4083
Copper River,1994,146,5/26/1994,1604.562337,3282
Copper River,1994,147,5/27/1994,1611.110607,2855
Copper River,1994,148,5/28/1994,1617.835859,3047
Copper River,1994,149,5/29/1994,1669.750078,2888
Copper River,1994,150,5/30/1994,1740.070248,1966
Copper River,1994,151,5/31/1994,1742.194012,4616
Copper River,1994,152,6/1/1994,1728.802503,9423
Copper River,1994,154,6/3/1994,1779.511571,3137
Copper River,1994,155,6/4/1994,1830.481895,6143
Copper River,1994,156,6/5/1994,1915.259068,5265
Copper River,1994,157,6/6/1994,2058.865935,12100
Copper River,1994,158,6/7/1994,2252.056179,16732
Copper River,1994,159,6/8/1994,2369.195462,18022
Copper River,1994,160,6/9/1994,2460.156109,18042
Copper River,1994,161,6/10/1994,2623.238032,17588
Copper River,1994,162,6/11/1994,2901.205449,12272
Copper River,1994,163,6/12/1994,3122.365803,13008
Copper River,1994,164,6/13/1994,3375.483741,9081
Copper River,1994,165,6/14/1994,3727.421697,15639
Copper River,1994,166,6/15/1994,4292.024952,11679
Copper River,1994,167,6/16/1994,4789.592407,14227
Copper River,1994,168,6/17/1994,5142.686152,11445
Copper River,1994,169,6/18/1994,5312.587234,17223
Copper River,1994,170,6/19/1994,5244.973538,19392
Copper River,1994,171,6/20/1994,4946.201908,11498
Copper River,1994,172,6/21/1994,4722.556606,11699
Copper River,1994,173,6/22/1994,4612.178692,13305
Copper River,1994,174,6/23/1994,4819.065044,18686
Copper River,1994,175,6/24/1994,5192.963003,24282
Copper River,1994,176,6/25/1994,5445.503047,14140
Copper River,1994,177,6/26/1994,5359.396716,12204
Copper River,1994,178,6/27/1994,4855.472418,14146
Copper River,1994,179,6/28/1994,4207.074411,9213
Copper River,1994,180,6/29/1994,3788.67855,15859
Copper River,1994,181,6/30/1994,3626.290101,10845
Copper River,1994,182,7/1/1994,3776.542758,10359
Copper River,1994,183,7/2/1994,4040.062804,9802
Copper River,1994,184,7/3/1994,4179.913354,9965
Copper River,1994,185,7/4/1994,4212.85336,8782
Copper River,1994,186,7/5/1994,4312.251272,6196
Copper River,1994,187,7/6/1994,4216.320729,9544
Copper River,1994,188,7/7/1994,4010.590167,9921
Copper River,1994,189,7/8/1994,3889.810146,7947
Copper River,1994,190,7/9/1994,3930.840679,9391
Copper River,1994,191,7/10/1994,4049.887016,14539
Copper River,1994,192,7/11/1994,4074.158599,13656
Copper River,1994,193,7/12/1994,4188.581777,16223
Copper River,1994,194,7/13/1994,4327.854432,13924
Copper River,1994,195,7/14/1994,4512.78078,13333
Copper River,1994,196,7/15/1994,4716.777657,10161
Copper River,1994,197,7/16/1994,4874.542948,7955
Copper River,1994,198,7/17/1994,4888.990319,7642
Copper River,1994,199,7/18/1994,4913.839797,7063
Copper River,1994,200,7/19/1994,5009.77034,4675
Copper River,1994,201,7/20/1994,4806.351357,3922
Copper River,1994,202,7/21/1994,4448.056558,7756
Copper River,1994,203,7/22/1994,4062.600702,13476
Copper River,1994,204,7/23/1994,3822.774345,14447
Copper River,1994,205,7/24/1994,3792.723813,10424
Copper River,1994,206,7/25/1994,3973.604897,13043
Copper River,1994,207,7/26/1994,4222.099677,5897
Copper River,1994,208,7/27/1994,4563.635526,4888
Copper River,1994,209,7/28/1994,4687.305021,5467
Copper River,1994,210,7/29/1994,4763.587139,3996
Copper River,1994,211,7/30/1994,4958.915594,3156
Copper River,1994,212,7/31/1994,5180.827211,3686
Copper River,1994,213,8/1/1994,4921.930324,4014
Copper River,1994,214,8/2/1994,5113.213515,NA
Copper River,1994,215,8/3/1994,5434.523045,NA
Copper River,1994,216,8/4/1994,5740.229413,NA
Copper River,1994,217,8/5/1994,6008.372618,NA
Copper River,1994,218,8/6/1994,6255.711608,NA
Copper River,1994,219,8/7/1994,6363.200047,NA
Copper River,1994,220,8/8/1994,6441.21585,NA
Copper River,1994,221,8/9/1994,6518.653758,NA
Copper River,1994,222,8/10/1994,6505.362177,NA
Copper River,1994,223,8/11/1994,6475.311646,NA
Copper River,1994,224,8/12/1994,6526.744286,NA
Copper River,1994,225,8/13/1994,6352.220045,NA
Copper River,1994,226,8/14/1994,6151.690537,NA
Copper River,1994,227,8/15/1994,5720.580989,NA
Copper River,1994,228,8/16/1994,5369.220928,NA
Copper River,1994,229,8/17/1994,5170.425104,NA
Copper River,1994,230,8/18/1994,5094.720881,NA
Copper River,1994,231,8/19/1994,5142.108257,NA
Copper River,1994,232,8/20/1994,5166.957735,NA
Copper River,1994,233,8/21/1994,5109.746146,NA
Copper River,1994,234,8/22/1994,4932.332432,NA
Copper River,1994,235,8/23/1994,4626.626063,NA
Copper River,1994,236,8/24/1994,4091.495444,NA
Copper River,1994,237,8/25/1994,3632.646944,NA
Copper River,1994,238,8/26/1994,3454.655334,NA
Copper River,1994,239,8/27/1994,3742.446963,NA
Copper River,1994,240,8/28/1994,4298.381796,NA
Copper River,1994,241,8/29/1994,4753.762927,NA
Copper River,1994,242,8/30/1994,4551.499734,NA
Copper River,1994,243,8/31/1994,4095.540708,NA
Copper River,1994,244,9/1/1994,3818.729081,NA
Copper River,1994,245,9/2/1994,3478.349022,NA
Copper River,1994,246,9/3/1994,3024.123681,NA
Copper River,1994,247,9/4/1994,2717.49268,NA
Copper River,1994,248,9/5/1994,2549.267493,NA
Copper River,1994,249,9/6/1994,2479.198948,NA
Copper River,1994,250,9/7/1994,2400.343994,NA
Copper River,1994,251,9/8/1994,2301.870714,NA
Copper River,1994,252,9/9/1994,2210.967856,NA
Copper River,1994,253,9/10/1994,2164.505111,NA
Copper River,1994,254,9/11/1994,2040.835616,NA
Copper River,1994,255,9/12/1994,2087.35615,NA
Copper River,1994,256,9/13/1994,2225.588595,NA
Copper River,1994,257,9/14/1994,2231.829859,NA
Copper River,1994,258,9/15/1994,2220.849858,NA
Copper River,1994,259,9/16/1994,2659.934355,NA
Copper River,1994,260,9/17/1994,2840.468702,NA
Copper River,1994,261,9/18/1994,2875.778076,NA
Copper River,1994,262,9/19/1994,2969.223671,NA
Copper River,1994,263,9/20/1994,2948.419457,NA
Copper River,1994,264,9/21/1994,3180.733181,NA
Copper River,1994,265,9/22/1994,3289.377411,NA
Copper River,1994,266,9/23/1994,3291.111095,NA
Copper River,1994,267,9/24/1994,2935.416823,NA
Copper River,1994,268,9/25/1994,2408.66568,NA
Copper River,1994,269,9/26/1994,1965.36255,NA
Copper River,1994,270,9/27/1994,1681.211659,NA
Copper River,1994,271,9/28/1994,1446.875303,NA
Copper River,1994,272,9/29/1994,1290.265802,NA
Copper River,1994,273,9/30/1994,1153.709252,NA
Copper River,1995,142,5/22/1995,1587.985182,2808
Copper River,1995,143,5/23/1995,1665.237081,4301
Copper River,1995,144,5/24/1995,1763.31366,2473
Copper River,1995,145,5/25/1995,2006.573074,1841
Copper River,1995,146,5/26/1995,2366.02005,3032
Copper River,1995,147,5/27/1995,2671.232503,3806
Copper River,1995,148,5/28/1995,2676.384492,7168
Copper River,1995,149,5/29/1995,2584.88568,9878
Copper River,1995,150,5/30/1995,2403.038429,12779
Copper River,1995,151,5/31/1995,2230.777609,10755
Copper River,1995,152,6/1/1995,2107.363351,8980
Copper River,1995,153,6/2/1995,2028.695611,9428
Copper River,1995,154,6/3/1995,1955.632246,5647
Copper River,1995,155,6/4/1995,1872.569495,6745
Copper River,1995,156,6/5/1995,1835.462626,5895
Copper River,1995,157,6/6/1995,1855.785864,9236
Copper River,1995,158,6/7/1995,1932.005377,8044
Copper River,1995,159,6/8/1995,2090.166766,5738
Copper River,1995,160,6/9/1995,2257.118176,5479
Copper River,1995,161,6/10/1995,2529.962796,8054
Copper River,1995,162,6/11/1995,3173.286164,11950
Copper River,1995,163,6/12/1995,4042.229909,7274
Copper River,1995,164,6/13/1995,4808.259614,8945
Copper River,1995,165,6/14/1995,5304.689338,14021
Copper River,1995,166,6/15/1995,5612.635049,11853
Copper River,1995,167,6/16/1995,5648.916009,19732
Copper River,1995,168,6/17/1995,5140.097665,19918
Copper River,1995,169,6/18/1995,4638.653499,17938
Copper River,1995,170,6/19/1995,4593.228557,16025
Copper River,1995,171,6/20/1995,4637.178663,16863
Copper River,1995,172,6/21/1995,4621.840371,15430
Copper River,1995,173,6/22/1995,4582.314772,9862
Copper River,1995,174,6/23/1995,4726.848679,5320
Copper River,1995,175,6/24/1995,4836.576461,7357
Copper River,1995,176,6/25/1995,4437.780866,9211
Copper River,1995,177,6/26/1995,4056.978267,9989
Copper River,1995,178,6/27/1995,3883.242612,16025
Copper River,1995,179,6/28/1995,3888.552021,13673
Copper River,1995,180,6/29/1995,4052.848727,9723
Copper River,1995,181,6/30/1995,4257.8509,4402
Copper River,1995,182,7/1/1995,4518.896834,5730
Copper River,1995,183,7/2/1995,4842.770771,5218
Copper River,1995,184,7/3/1995,5148.356745,4851
Copper River,1995,185,7/4/1995,5422.971168,4291
Copper River,1995,186,7/5/1995,5564.85037,7787
Copper River,1995,187,7/6/1995,5855.393019,8172
Copper River,1995,188,7/7/1995,6152.424945,6620
Copper River,1995,189,7/8/1995,6348.578104,4272
Copper River,1995,190,7/9/1995,6273.951413,6845
Copper River,1995,191,7/10/1995,6045.0569,14846
Copper River,1995,192,7/11/1995,6004.351433,9368
Copper River,1995,193,7/12/1995,6043.877032,6467
Copper River,1995,194,7/13/1995,5894.623651,5978
Copper River,1995,195,7/14/1995,5752.449481,9602
Copper River,1995,196,7/15/1995,5658.354958,11587
Copper River,1995,197,7/16/1995,5465.741405,5935
Copper River,1995,198,7/17/1995,5121.809701,10858
Copper River,1995,199,7/18/1995,5138.327862,10642
Copper River,1995,200,7/19/1995,5306.164174,8164
Copper River,1995,201,7/20/1995,5306.164174,7003
Copper River,1995,202,7/21/1995,5408.812744,5354
Copper River,1995,203,7/22/1995,5635.937454,4596
Copper River,1995,204,7/23/1995,5993.732615,4256
Copper River,1995,205,7/24/1995,6112.899346,4255
Copper River,1995,206,7/25/1995,5620.009228,3310
Copper River,1995,207,7/26/1995,5255.134856,3190
Copper River,1995,208,7/27/1995,4913.857856,5196
Copper River,1995,209,7/28/1995,4631.869255,5093
Copper River,1995,210,7/29/1995,4231.008889,5973
Copper River,1995,211,7/30/1995,4152.547626,6281
Copper River,1995,212,7/31/1995,4172.015458,5039
Copper River,1995,213,8/1/1995,4159.036903,3425
Copper River,1995,214,8/2/1995,4236.023331,1589
Copper River,1995,215,8/3/1995,4472.292023,NA
Copper River,1995,216,8/4/1995,4432.17649,NA
Copper River,1995,217,8/5/1995,4302.095974,NA
Copper River,1995,218,8/6/1995,4164.051345,NA
Copper River,1995,219,8/7/1995,4094.439096,NA
Copper River,1995,220,8/8/1995,4001.229475,NA
Copper River,1995,221,8/9/1995,3942.236043,NA
Copper River,1995,222,8/10/1995,3902.710444,NA
Copper River,1995,223,8/11/1995,3844.306947,NA
Copper River,1995,224,8/12/1995,3824.249181,NA
Copper River,1995,225,8/13/1995,3995.625099,NA
Copper River,1995,226,8/14/1995,3991.790526,NA
Copper River,1995,227,8/15/1995,3784.723582,NA
Copper River,1995,228,8/16/1995,3683.549847,NA
Copper River,1995,229,8/17/1995,3718.061005,NA
Copper River,1995,230,8/18/1995,3776.169534,NA
Copper River,1995,231,8/19/1995,3787.968221,NA
Copper River,1995,232,8/20/1995,3732.514395,NA
Copper River,1995,233,8/21/1995,3665.261884,NA
Copper River,1995,234,8/22/1995,3597.419438,NA
Copper River,1995,235,8/23/1995,3520.43301,NA
Copper River,1995,236,8/24/1995,3452.295597,NA
Copper River,1995,237,8/25/1995,3390.057527,NA
Copper River,1995,238,8/26/1995,3443.446582,NA
Copper River,1995,239,8/27/1995,3309.82646,NA
Copper River,1995,240,8/28/1995,3210.422529,NA
Copper River,1995,241,8/29/1995,3080.342013,NA
Copper River,1995,242,8/30/1995,2954.980971,NA
Copper River,1995,243,8/31/1995,2926.07419,NA
Copper River,1995,244,9/1/1995,2992.146833,NA
Copper River,1995,245,9/2/1995,3185.645288,NA
Copper River,1995,246,9/3/1995,3330.179194,NA
Copper River,1995,247,9/4/1995,3286.229088,NA
Copper River,1995,248,9/5/1995,3074.147702,NA
Copper River,1995,249,9/6/1995,2910.440931,NA
Copper River,1995,250,9/7/1995,2926.959091,NA
Copper River,1995,251,9/8/1995,3401.266279,NA
Copper River,1995,252,9/9/1995,4150.482856,NA
Copper River,1995,253,9/10/1995,4496.774297,NA
Copper River,1995,254,9/11/1995,4823.302939,NA
Copper River,1995,255,9/12/1995,5235.667023,NA
Copper River,1995,256,9/13/1995,5470.165913,NA
Copper River,1995,257,9/14/1995,4625.969911,NA
Copper River,1995,258,9/15/1995,3747.852687,NA
Copper River,1995,259,9/16/1995,3203.04835,NA
Copper River,1995,260,9/17/1995,2923.714453,NA
Copper River,1995,261,9/18/1995,2848.350344,NA
Copper River,1995,262,9/19/1995,2957.045741,NA
Copper River,1995,263,9/20/1995,3358.496041,NA
Copper River,1995,264,9/21/1995,6308.757538,NA
Copper River,1995,265,9/22/1995,10736.50952,NA
Copper River,1995,266,9/23/1995,11388.97687,NA
Copper River,1995,267,9/24/1995,9820.931467,NA
Copper River,1995,268,9/25/1995,8291.526762,NA
Copper River,1995,269,9/26/1995,7257.371912,NA
Copper River,1995,270,9/27/1995,6487.212667,NA
Copper River,1995,271,9/28/1995,6024.999134,NA
Copper River,1995,272,9/29/1995,5995.207451,NA
Copper River,1995,273,9/30/1995,6228.821439,NA
Copper River,2005,161,6/10/2005,4010.261679,12856
Copper River,2005,162,6/11/2005,4296.328425,18020
Copper River,2005,163,6/12/2005,4596.271376,17186
Copper River,2005,164,6/13/2005,4783.162566,11761
Copper River,2005,165,6/14/2005,5021.225901,14364
Copper River,2005,166,6/15/2005,5368.697211,16692
Copper River,2005,167,6/16/2005,5767.298253,13692
Copper River,2005,168,6/17/2005,6220.68229,9998
Copper River,2005,169,6/18/2005,6742.654225,11634
Copper River,2005,170,6/19/2005,7107.528597,10184
Copper River,2005,171,6/20/2005,7360.271519,6044
Copper River,2005,172,6/21/2005,7447.939725,8138
Copper River,2005,173,6/22/2005,6955.896449,13754
Copper River,2005,174,6/23/2005,6172.168917,21442
Copper River,2005,175,6/24/2005,5772.761851,19311
Copper River,2005,176,6/25/2005,5693.888668,19924
Copper River,2005,177,6/26/2005,5807.338212,19022
Copper River,2005,178,6/27/2005,5905.267572,14339
Copper River,2005,179,6/28/2005,5973.636788,13584
Copper River,2005,180,6/29/2005,6035.404571,16686
Copper River,2005,181,6/30/2005,6262.332272,14656
Copper River,2005,182,7/1/2005,6598.427837,11636
Copper River,2005,183,7/2/2005,6957.509557,5898
Copper River,2005,184,7/3/2005,6976.56318,9036
Copper River,2005,185,7/4/2005,6776.370523,6260
Copper River,2005,186,7/5/2005,6424.610595,9407
Copper River,2005,187,7/6/2005,6313.451909,10283
Copper River,2005,188,7/7/2005,6566.19483,10916
Copper River,2005,189,7/8/2005,6891.150951,8202
Copper River,2005,190,7/9/2005,7266.401012,5460
Copper River,2005,191,7/10/2005,7517.827911,5212
Copper River,2005,192,7/11/2005,7529.626598,5376
Copper River,2005,209,7/28/2005,5973.364357,5632
Copper River,2005,210,7/29/2005,5902.882731,5432
Copper River,2005,211,7/30/2005,5537.284913,6062
Copper River,2005,212,7/31/2005,4952.435794,5884
Copper River,2005,213,8/1/2005,5164.323032,NA
Copper River,2005,214,8/2/2005,5639.182093,NA
Copper River,2005,215,8/3/2005,5622.235454,NA
Copper River,2005,216,8/4/2005,5395.564326,NA
Copper River,2005,217,8/5/2005,5185.368711,NA
Copper River,2005,218,8/6/2005,5005.822405,NA
Copper River,2005,219,8/7/2005,4980.415768,NA
Copper River,2005,220,8/8/2005,5008.620971,NA
Copper River,2005,221,8/9/2005,5222.818875,NA
Copper River,2005,222,8/10/2005,5618.239425,NA
Copper River,2005,223,8/11/2005,6026.312213,NA
Copper River,2005,224,8/12/2005,6469.058215,NA
Copper River,2005,225,8/13/2005,6777.562811,NA
Copper River,2005,226,8/14/2005,6918.848974,NA
Copper River,2005,227,8/15/2005,7034.500939,NA
Copper River,2005,228,8/16/2005,7048.240199,NA
Copper River,2005,229,8/17/2005,6843.827959,NA
Copper River,2005,230,8/18/2005,6449.68353,NA
Copper River,2005,231,8/19/2005,5914.527521,NA
Copper River,2005,232,8/20/2005,5557.476191,NA
Copper River,2005,233,8/21/2005,5478.564714,NA
Copper River,2005,234,8/22/2005,5216.324709,NA
Copper River,2005,237,8/25/2005,5867.743165,NA
Copper River,2005,238,8/26/2005,5823.028218,NA
Copper River,2005,239,8/27/2005,5094.321273,NA
Copper River,2005,240,8/28/2005,4439.281351,NA
Copper River,2005,241,8/29/2005,3996.329214,NA
Copper River,2005,242,8/30/2005,3672.636062,NA
Copper River,2005,243,8/31/2005,3386.517921,NA
Copper River,2005,244,9/1/2005,3229.610918,NA
Copper River,2005,245,9/2/2005,3162.24663,NA
Copper River,2005,246,9/3/2005,3133.141134,NA
Copper River,2005,247,9/4/2005,3029.607662,NA
Copper River,2005,248,9/5/2005,3069.428228,NA
Copper River,2005,249,9/6/2005,3235.789704,NA
Copper River,2005,250,9/7/2005,3549.740326,NA
Copper River,2005,251,9/8/2005,3448.027987,NA
Copper River,2005,252,9/9/2005,3239.816647,NA
Copper River,2005,253,9/10/2005,3381.798446,NA
Copper River,2005,254,9/11/2005,3746.169822,NA
Copper River,2005,255,9/12/2005,4056.921177,NA
Copper River,2005,256,9/13/2005,4121.281107,NA
Copper River,2005,257,9/14/2005,4016.2728,NA
Copper River,2005,258,9/15/2005,3677.945471,NA
Copper River,2005,259,9/16/2005,3415.719669,NA
Copper River,2005,260,9/17/2005,3472.943298,NA
Copper River,2005,261,9/18/2005,3406.367658,NA
Copper River,2005,262,9/19/2005,3195.674171,NA
Copper River,2005,263,9/20/2005,2958.663403,NA
Copper River,2005,264,9/21/2005,2767.411357,NA
Copper River,2005,265,9/22/2005,2609.233511,NA
Copper River,2005,266,9/23/2005,2505.510019,NA
Copper River,2005,267,9/24/2005,2799.105422,NA
Copper River,2005,268,9/25/2005,3219.384509,NA
Copper River,2005,269,9/26/2005,3082.065242,NA
Copper River,2006,146,5/26/2006,2567.964614,2706
Copper River,2006,147,5/27/2006,2878.391589,5590
Copper River,2006,148,5/28/2006,3227.176663,7710
Copper River,2006,149,5/29/2006,3294.407723,17990
Copper River,2006,150,5/30/2006,3130.723051,34122
Copper River,2006,151,5/31/2006,3153.238229,51716
Copper River,2006,152,6/1/2006,3237.662104,51138
Copper River,2006,153,6/2/2006,3119.371816,47734
Copper River,2006,154,6/3/2006,3211.602397,52220
Copper River,2006,155,6/4/2006,3487.14519,34778
Copper River,2006,156,6/5/2006,3726.198993,16594
Copper River,2006,157,6/6/2006,3572.095731,19494
Copper River,2006,158,6/7/2006,3271.854355,16914
Copper River,2006,159,6/8/2006,3200.697927,14210
Copper River,2006,160,6/9/2006,3189.371188,12476
Copper River,2006,161,6/10/2006,3370.599009,16360
Copper River,2006,162,6/11/2006,3749.62249,11486
Copper River,2006,163,6/12/2006,4279.973437,8600
Copper River,2006,164,6/13/2006,4567.566415,11316
Copper River,2006,165,6/14/2006,4806.860899,16350
Copper River,2006,166,6/15/2006,5159.925668,19732
Copper River,2006,167,6/16/2006,5609.095443,10880
Copper River,2006,168,6/17/2006,5987.899557,10088
Copper River,2006,169,6/18/2006,6047.882375,12452
Copper River,2006,170,6/19/2006,6015.094447,17901
Copper River,2006,171,6/20/2006,5745.33922,14728
Copper River,2006,172,6/21/2006,5279.452569,15386
Copper River,2006,173,6/22/2006,4863.940098,15466
Copper River,2006,174,6/23/2006,4712.471409,10428
Copper River,2006,175,6/24/2006,4561.396944,9282
Copper River,2006,176,6/25/2006,4382.429782,14206
Copper River,2006,177,6/26/2006,4463.629303,10966
Copper River,2006,178,6/27/2006,4430.701654,8270
Copper River,2006,179,6/28/2006,4302.980875,9622
Copper River,2006,180,6/29/2006,4402.968465,9756
Copper River,2006,181,6/30/2006,4560.859118,8070
Copper River,2006,182,7/1/2006,4768.496138,9568
Copper River,2006,183,7/2/2006,4941.73691,12224
Copper River,2006,184,7/3/2006,5107.575967,14024
Copper River,2006,185,7/4/2006,5401.589187,10176
Copper River,2006,186,7/5/2006,5771.569563,8996
Copper River,2006,187,7/6/2006,6228.200125,9840
Copper River,2006,188,7/7/2006,6723.272028,6900
Copper River,2006,189,7/8/2006,6738.505857,5620
Copper River,2006,190,7/9/2006,6616.30582,7568
Copper River,2006,191,7/10/2006,6308.099295,10598
Copper River,2006,192,7/11/2006,6179.034087,11410
Copper River,2006,193,7/12/2006,6184.947453,10824
Copper River,2006,194,7/13/2006,6335.666155,11930
Copper River,2006,195,7/14/2006,6645.516883,10078
Copper River,2006,196,7/15/2006,6732.255856,10508
Copper River,2006,197,7/16/2006,6635.382432,7910
Copper River,2006,198,7/17/2006,6120.053869,9984
Copper River,2006,199,7/18/2006,5517.950592,12926
Copper River,2006,200,7/19/2006,5254.621869,12484
Copper River,2006,201,7/20/2006,5174.233127,13480
Copper River,2006,202,7/21/2006,5185.332305,10090
Copper River,2006,203,7/22/2006,5139.212763,7926
Copper River,2006,204,7/23/2006,5071.665285,8564
Copper River,2006,205,7/24/2006,4995.687955,11930
Copper River,2006,206,7/25/2006,5260.077884,10002
Copper River,2006,207,7/26/2006,5488.103021,7846
Copper River,2006,208,7/27/2006,5464.853399,6934
Copper River,2006,209,7/28/2006,5287.202443,9958
Copper River,2006,210,7/29/2006,5299.084962,12494
Copper River,2006,211,7/30/2006,5473.586276,9962
Copper River,2006,212,7/31/2006,5763.382094,7434
Copper River,2006,213,8/1/2006,5573.994352,NA
Copper River,2006,214,8/2/2006,5146.881909,NA
Copper River,2006,215,8/3/2006,4820.421576,NA
Copper River,2006,216,8/4/2006,4618.32871,NA
Copper River,2006,217,8/5/2006,4533.974313,NA
Copper River,2006,218,8/6/2006,4452.234256,NA
Copper River,2006,219,8/7/2006,4467.133236,NA
Copper River,2006,220,8/8/2006,4504.533216,NA
Copper River,2006,221,8/9/2006,4539.935754,NA
Copper River,2006,222,8/10/2006,4586.149345,NA
Copper River,2006,223,8/11/2006,4562.887304,NA
Copper River,2006,224,8/12/2006,4695.287193,NA
Copper River,2006,225,8/13/2006,4870.792651,NA
Copper River,2006,226,8/14/2006,4875.217159,NA
Copper River,2006,227,8/15/2006,4650.818566,NA
Copper River,2006,228,8/16/2006,4723.899007,NA
Copper River,2006,229,8/17/2006,4805.899877,NA
Copper River,2006,230,8/18/2006,4759.000099,NA
Copper River,2006,231,8/19/2006,5201.450833,NA
Copper River,2006,232,8/20/2006,5847.428906,NA
Copper River,2006,233,8/21/2006,8021.801263,NA
Copper River,2006,234,8/22/2006,8660.782173,NA
Copper River,2006,235,8/23/2006,7967.06289,NA
Copper River,2006,236,8/24/2006,5706.729572,NA
Copper River,2006,237,8/25/2006,5291.971596,NA
Copper River,2006,238,8/26/2006,5233.602253,NA
Copper River,2006,239,8/27/2006,6124.698032,NA
Copper River,2006,240,8/28/2006,5313.243386,NA
Copper River,2006,241,8/29/2006,4452.824191,NA
Copper River,2006,242,8/30/2006,4022.482634,NA
Copper River,2006,243,8/31/2006,3879.408039,NA
Copper River,2006,244,9/1/2006,3912.444361,NA
Copper River,2006,245,9/2/2006,3805.371283,NA
Copper River,2006,246,9/3/2006,3589.750292,NA
Copper River,2006,247,9/4/2006,3357.221022,NA
Copper River,2006,248,9/5/2006,3311.564884,NA
Copper River,2006,249,9/6/2006,3308.14643,NA
Copper River,2006,250,9/7/2006,4224.632578,NA
Copper River,2006,251,9/8/2006,3934.566897,NA
Copper River,2006,252,9/9/2006,3184.170452,NA
Copper River,2006,253,9/10/2006,2816.464395,NA
Copper River,2006,254,9/11/2006,2612.73058,NA
Copper River,2006,255,9/12/2006,2466.21853,NA
Copper River,2006,256,9/13/2006,2416.559723,NA
Copper River,2006,257,9/14/2006,2387.110202,NA
Copper River,2006,258,9/15/2006,2330.240534,NA
Copper River,2006,259,9/16/2006,2244.065414,NA
Copper River,2006,260,9/17/2006,2305.606929,NA
Copper River,2006,261,9/18/2006,2348.509869,NA
Copper River,2006,262,9/19/2006,1915.560182,NA
Copper River,2006,263,9/20/2006,1873.60188,NA
Copper River,2006,264,9/21/2006,1854.664988,NA
Copper River,2006,265,9/22/2006,1942.21124,NA
Copper River,2006,266,9/23/2006,2325.373576,NA
Copper River,2006,267,9/24/2006,2179.07175,NA
Copper River,2006,268,9/25/2006,1911.357048,NA
Copper River,2006,269,9/26/2006,1743.727841,NA
Copper River,2006,270,9/27/2006,1928.91381,NA
Copper River,2006,271,9/28/2006,2665.883661,NA
Copper River,2006,272,9/29/2006,2906.311391,NA
Copper River,2006,273,9/30/2006,2735.790878,NA
Copper River,2007,138,5/18/2007,1500.645407,NA
Copper River,2007,139,5/19/2007,1473.242959,NA
Copper River,2007,140,5/20/2007,1410.060994,NA
Copper River,2007,141,5/21/2007,1419.027995,123
Copper River,2007,142,5/22/2007,1456.269168,276
Copper River,2007,143,5/23/2007,1482.748432,693
Copper River,2007,144,5/24/2007,1563.089954,1224
Copper River,2007,145,5/25/2007,1672.61126,1900
Copper River,2007,146,5/26/2007,1893.473041,4912
Copper River,2007,147,5/27/2007,2201.015423,7369
Copper River,2007,148,5/28/2007,2277.648842,15232
Copper River,2007,149,5/29/2007,2096.573262,23008
Copper River,2007,150,5/30/2007,1948.287564,31754
Copper River,2007,151,5/31/2007,1909.241054,30380
Copper River,2007,152,6/1/2007,1942.919162,33102
Copper River,2007,153,6/2/2007,1998.275182,36204
Copper River,2007,154,6/3/2007,2096.44078,35372
Copper River,2007,155,6/4/2007,2385.423241,23210
Copper River,2007,156,6/5/2007,2926.335267,19678
Copper River,2007,157,6/6/2007,3537.836072,16333
Copper River,2007,158,6/7/2007,3839.292506,14858
Copper River,2007,159,6/8/2007,3716.134304,16286
Copper River,2007,160,6/9/2007,3282.043065,13104
Copper River,2007,161,6/10/2007,3061.759082,13264
Copper River,2007,162,6/11/2007,3332.538931,13878
Copper River,2007,163,6/12/2007,3643.434314,14988
Copper River,2007,164,6/13/2007,3895.241115,18804
Copper River,2007,165,6/14/2007,3959.589427,13024
Copper River,2007,166,6/15/2007,3974.493031,14988
Copper River,2007,167,6/16/2007,4115.481121,10640
Copper River,2007,168,6/17/2007,4405.207177,9938
Copper River,2007,169,6/18/2007,4593.354075,7176
Copper River,2007,170,6/19/2007,4689.149366,6158
Copper River,2007,171,6/20/2007,5010.559508,8516
Copper River,2007,172,6/21/2007,5319.096155,9730
Copper River,2007,173,6/22/2007,5480.055075,5948
Copper River,2007,174,6/23/2007,5314.923146,8532
Copper River,2007,175,6/24/2007,5253.66002,11980
Copper River,2007,176,6/25/2007,5149.147508,11110
Copper River,2007,177,6/26/2007,4961.707739,13204
Copper River,2007,178,6/27/2007,4888.87351,18064
Copper River,2007,179,6/28/2007,4884.963899,20010
Copper River,2007,180,6/29/2007,5034.499423,18290
Copper River,2007,181,6/30/2007,5130.416532,14236
Copper River,2007,182,7/1/2007,5348.498373,15310
Copper River,2007,183,7/2/2007,5538.353533,13238
Copper River,2007,184,7/3/2007,5305.682912,15076
Copper River,2007,185,7/4/2007,5109.684668,25838
Copper River,2007,186,7/5/2007,5226.818009,28116
Copper River,2007,187,7/6/2007,5412.094642,20738
Copper River,2007,188,7/7/2007,5314.923146,14484
Copper River,2007,189,7/8/2007,5164.284972,14106
Copper River,2007,190,7/9/2007,5311.178615,10758
Copper River,2007,191,7/10/2007,5352.17905,7906
Copper River,2007,192,7/11/2007,5186.550234,6520
Copper River,2007,193,7/12/2007,4891.283455,8662
Copper River,2007,194,7/13/2007,4735.91654,9550
Copper River,2007,195,7/14/2007,4730.403809,8966
Copper River,2007,196,7/15/2007,4848.506941,7622
Copper River,2007,197,7/16/2007,5022.350666,5240
Copper River,2007,198,7/17/2007,5227.8861,3516
Copper River,2007,199,7/18/2007,5384.33047,4906
Copper River,2007,200,7/19/2007,5486.016516,5694
Copper River,2007,201,7/20/2007,5540.563706,5988
Copper River,2007,202,7/21/2007,5713.375747,6056
Copper River,2007,203,7/22/2007,5825.222536,6772
Copper River,2007,204,7/23/2007,5894.918618,7300
Copper River,2007,205,7/24/2007,5823.028218,3636
Copper River,2007,206,7/25/2007,5650.254229,5192
Copper River,2007,207,7/26/2007,5267.231614,7818
Copper River,2007,208,7/27/2007,5081.989135,9162
Copper River,2007,209,7/28/2007,5053.352217,7614
Copper River,2007,210,7/29/2007,5107.464983,11770
Copper River,2007,211,7/30/2007,5360.143163,7162
Copper River,2007,212,7/31/2007,5556.361526,6730
Copper River,2007,213,8/1/2007,5600.710845,5986
Copper River,2007,214,8/2/2007,5491.108581,7178
Copper River,2007,215,8/3/2007,5379.604786,7972
Copper River,2007,216,8/4/2007,5279.58575,6360
Copper River,2007,217,8/5/2007,5178.406136,NA
Copper River,2007,218,8/6/2007,5106.272694,NA
Copper River,2007,219,8/7/2007,5238.917938,NA
Copper River,2007,220,8/8/2007,5450.844011,NA
Copper River,2007,221,8/9/2007,5486.979041,NA
Copper River,2007,222,8/10/2007,5379.598444,NA
Copper River,2007,223,8/11/2007,5072.933016,NA
Copper River,2007,224,8/12/2007,4916.587871,NA
Copper River,2007,225,8/13/2007,4835.69156,NA
Copper River,2007,226,8/14/2007,4838.007828,NA
Copper River,2007,227,8/15/2007,5026.240343,NA
Copper River,2007,228,8/16/2007,5169.004446,NA
Copper River,2007,229,8/17/2007,5172.945709,NA
Copper River,2007,230,8/18/2007,5257.293764,NA
Copper River,2007,231,8/19/2007,5365.89347,NA
Copper River,2007,232,8/20/2007,5222.393501,NA
Copper River,2007,233,8/21/2007,4921.468009,NA
Copper River,2007,234,8/22/2007,4572.869547,NA
Copper River,2007,235,8/23/2007,4367.053952,NA
Copper River,2007,236,8/24/2007,4194.470221,NA
Copper River,2007,237,8/25/2007,3890.734778,NA
Copper River,2007,238,8/26/2007,3758.092705,NA
Copper River,2007,239,8/27/2007,3742.891029,NA
Copper River,2007,240,8/28/2007,3759.746524,NA
Copper River,2007,241,8/29/2007,3742.248311,NA
Copper River,2007,242,8/30/2007,3780.004107,NA
Copper River,2007,243,8/31/2007,3811.86056,NA
Copper River,2007,244,9/1/2007,3731.266218,NA
Copper River,2007,245,9/2/2007,3686.499519,NA
Copper River,2007,246,9/3/2007,3540.195809,NA
Copper River,2007,247,9/4/2007,3418.290541,NA
Copper River,2007,248,9/5/2007,3266.869928,NA
Copper River,2007,249,9/6/2007,3006.010289,NA
Copper River,2007,250,9/7/2007,2886.97707,NA
Copper River,2007,251,9/8/2007,2857.700803,NA
Copper River,2007,252,9/9/2007,3778.659678,NA
Copper River,2007,253,9/10/2007,5731.031761,NA
Copper River,2007,254,9/11/2007,6997.505848,NA
Copper River,2007,255,9/12/2007,7640.481465,NA
Copper River,2007,256,9/13/2007,6764.681611,NA
Copper River,2007,257,9/14/2007,5863.997273,NA
Copper River,2007,258,9/15/2007,5479.160858,NA
Copper River,2007,259,9/16/2007,5283.451703,NA
Copper River,2007,260,9/17/2007,4468.994601,NA
Copper River,2007,261,9/18/2007,3615.412434,NA
Copper River,2007,262,9/19/2007,3206.361297,NA
Copper River,2007,263,9/20/2007,3152.608966,NA
Copper River,2007,264,9/21/2007,3153.1989,NA
Copper River,2007,265,9/22/2007,2608.158589,NA
Copper River,2007,266,9/23/2007,2479.729889,NA
Copper River,2007,267,9/24/2007,2032.087733,NA
Copper River,2007,270,9/27/2007,2266.822596,NA
Copper River,2007,271,9/28/2007,1854.812472,NA
Copper River,2007,272,9/29/2007,1595.388858,NA
Copper River,2007,273,9/30/2007,1505.099411,NA
Copper River,2009,141,5/21/2009,1746.382545,8011
Copper River,2009,142,5/22/2009,1839.031729,13458
Copper River,2009,143,5/23/2009,1986.547314,12702
Copper River,2009,144,5/24/2009,1997.57281,13062
Copper River,2009,145,5/25/2009,1938.0817,18813
Copper River,2009,146,5/26/2009,2056.458851,18756
Copper River,2009,147,5/27/2009,2459.541716,15775
Copper River,2009,148,5/28/2009,2810.830522,14190
Copper River,2009,149,5/29/2009,2781.708477,17062
Copper River,2009,150,5/30/2009,2627.986091,14292
Copper River,2009,151,5/31/2009,2494.655227,8964
Copper River,2009,152,6/1/2009,2357.554493,7470
Copper River,2009,153,6/2/2009,2413.499094,9996
Copper River,2009,154,6/3/2009,2699.952368,11622
Copper River,2009,155,6/4/2009,3116.045458,7280
Copper River,2009,156,6/5/2009,3500.080276,4428
Copper River,2009,157,6/6/2009,3961.113941,5121
Copper River,2009,158,6/7/2009,4542.443999,4345
Copper River,2009,159,6/8/2009,5147.176877,4767
Copper River,2009,160,6/9/2009,5643.398571,6980
Copper River,2009,161,6/10/2009,5752.791022,8916
Copper River,2009,162,6/11/2009,5917.624879,9372
Copper River,2009,163,6/12/2009,6065.468627,9301
Copper River,2009,164,6/13/2009,5933.952605,10146
Copper River,2009,165,6/14/2009,5429.460445,11008
Copper River,2009,166,6/15/2009,4834.216724,14792
Copper River,2009,167,6/16/2009,4494.068294,15598
Copper River,2009,168,6/17/2009,4460.807132,16549
Copper River,2009,169,6/18/2009,4408.874084,15464
Copper River,2009,170,6/19/2009,4217.703988,12534
Copper River,2009,171,6/20/2009,3882.38876,8592
Copper River,2009,172,6/21/2009,3733.907644,8502
Copper River,2009,183,7/2/2009,3748.852471,10668
Copper River,2009,184,7/3/2009,4097.417313,10260
Copper River,2009,185,7/4/2009,4468.036965,9952
Copper River,2009,186,7/5/2009,4968.721747,7053
Copper River,2009,187,7/6/2009,5508.996912,8161
Copper River,2009,188,7/7/2009,5960.401326,6753
Copper River,2009,189,7/8/2009,6307.801223,6480
Copper River,2009,190,7/9/2009,6665.962764,5936
Copper River,2009,191,7/10/2009,6964.388491,9628
Copper River,2009,192,7/11/2009,7131.672435,7976
Copper River,2009,193,7/12/2009,7220.795985,9060
Copper River,2009,194,7/13/2009,7326.611571,10745
Copper River,2009,195,7/14/2009,7542.605152,8234
Copper River,2009,196,7/15/2009,7772.66671,9456
Copper River,2009,197,7/16/2009,7982.639667,5620
Copper River,2009,198,7/17/2009,7405.457977,9206
Copper River,2009,199,7/18/2009,6853.273118,12805
Copper River,2009,200,7/19/2009,6418.385963,14376
Copper River,2009,201,7/20/2009,6138.198213,13610
Copper River,2009,205,7/24/2009,5479.160858,6525
Copper River,2009,206,7/25/2009,4879.836219,10327
Copper River,2009,207,7/26/2009,4518.645798,7690
Copper River,2009,208,7/27/2009,4686.143211,5608
Copper River,2009,209,7/28/2009,5381.380799,5840
Copper River,2009,210,7/29/2009,6296.772557,5559
Copper River,2009,211,7/30/2009,7238.64791,4015
Copper River,2009,212,7/31/2009,8225.000801,3635
Copper River,2009,213,8/1/2009,8569.347763,2335
Copper River,2009,214,8/2/2009,7704.009277,NA
Copper River,2009,215,8/3/2009,6721.525262,NA
Copper River,2009,216,8/4/2009,6153.996033,NA
Copper River,2009,217,8/5/2009,6000.811827,NA
Copper River,2009,218,8/6/2009,6194.618073,NA
Copper River,2009,219,8/7/2009,6401.377225,NA
Copper River,2009,220,8/8/2009,6258.321259,NA
Copper River,2009,221,8/9/2009,5658.059991,NA
Copper River,2009,222,8/10/2009,5325.675937,NA
Copper River,2009,223,8/11/2009,5350.11428,NA
Copper River,2009,224,8/12/2009,5290.530915,NA
Copper River,2009,225,8/13/2009,5665.43417,NA
Copper River,2009,226,8/14/2009,5901.112928,NA
Copper River,2009,227,8/15/2009,4934.800524,NA
Copper River,2009,228,8/16/2009,4550.458319,NA
Copper River,2009,229,8/17/2009,6113.458231,NA
Copper River,2009,230,8/18/2009,6693.984644,NA
Copper River,2009,231,8/19/2009,6778.345251,NA
Copper River,2009,232,8/20/2009,7085.111093,NA
Copper River,2009,233,8/21/2009,5988.566032,NA
Copper River,2009,234,8/22/2009,4919.600302,NA
Copper River,2009,235,8/23/2009,4536.594863,NA
Copper River,2009,236,8/24/2009,4427.457015,NA
Copper River,2009,237,8/25/2009,4164.346312,NA
Copper River,2009,238,8/26/2009,3879.408039,NA
Copper River,2009,239,8/27/2009,3744.083318,NA
Copper River,2009,240,8/28/2009,3899.892567,NA
Copper River,2009,241,8/29/2009,4265.113302,NA
Copper River,2009,242,8/30/2009,4397.370365,NA
Copper River,2009,243,8/31/2009,4271.885628,NA
Copper River,2009,244,9/1/2009,3961.113941,NA
Copper River,2009,245,9/2/2009,3659.336891,NA
Copper River,2009,246,9/3/2009,3439.291938,NA
Copper River,2009,247,9/4/2009,3235.789704,NA
Copper River,2009,248,9/5/2009,3140.487368,NA
Copper River,2009,249,9/6/2009,3095.975272,NA
Copper River,2009,250,9/7/2009,3069.365469,NA
Copper River,2009,251,9/8/2009,2929.023862,NA
Copper River,2009,252,9/9/2009,2799.385796,NA
Copper River,2009,253,9/10/2009,2677.269394,NA
Copper River,2009,254,9/11/2009,2758.603135,NA
Copper River,2009,255,9/12/2009,2813.573717,NA
Copper River,2009,256,9/13/2009,2811.154986,NA
Copper River,2009,257,9/14/2009,2655.559811,NA
Copper River,2009,258,9/15/2009,2348.911955,NA
Copper River,2009,259,9/16/2009,2197.447576,NA
Copper River,2009,260,9/17/2009,2223.993365,NA
Copper River,2009,261,9/18/2009,2190.501862,NA
Copper River,2009,262,9/19/2009,2061.615498,NA
Copper River,2009,263,9/20/2009,1941.909753,NA
Copper River,2009,264,9/21/2009,1975.247562,NA
Copper River,2009,265,9/22/2009,2263.165003,NA
Copper River,2009,266,9/23/2009,2014.341267,NA
Copper River,2009,267,9/24/2009,1609.231511,NA
Copper River,2009,268,9/25/2009,1608.544393,NA
Copper River,2009,269,9/26/2009,1654.487097,NA
Copper River,2009,270,9/27/2009,1546.807767,NA
Copper River,2009,271,9/28/2009,1337.882531,NA
Copper River,2009,272,9/29/2009,1184.617596,NA
Copper River,2009,273,9/30/2009,1053.681676,NA
Copper River,2010,160,6/9/2010,3443.013964,14224
Copper River,2010,161,6/10/2010,3466.578217,10764
Copper River,2010,164,6/13/2010,3220.156445,8136
Copper River,2010,165,6/14/2010,3064.180917,8445
Copper River,2010,166,6/15/2010,2995.326268,9350
Copper River,2010,167,6/16/2010,3048.476045,10302
Copper River,2010,168,6/17/2010,3042.719728,8718
Copper River,2010,169,6/18/2010,3122.522316,7938
Copper River,2010,170,6/19/2010,3091.305476,8214
Copper River,2010,171,6/20/2010,3176.909239,6930
Copper River,2010,172,6/21/2010,3299.797577,5948
Copper River,2010,173,6/22/2010,3529.959477,5988
Copper River,2010,174,6/23/2010,3876.363217,6170
Copper River,2010,175,6/24/2010,4113.515925,5639
Copper River,2010,176,6/25/2010,4385.109991,6354
Copper River,2010,177,6/26/2010,4526.027908,8504
Copper River,2010,178,6/27/2010,4600.398528,9450
Copper River,2010,179,6/28/2010,4623.368837,7549
Copper River,2010,180,6/29/2010,4707.181915,8923
Copper River,2010,181,6/30/2010,4789.240645,11701
Copper River,2010,182,7/1/2010,4812.605463,14150
Copper River,2010,183,7/2/2010,4751.140651,14826
Copper River,2010,184,7/3/2010,4669.81742,12734
Copper River,2010,185,7/4/2010,4727.322615,12348
Copper River,2010,186,7/5/2010,4596.556052,11634
Copper River,2010,187,7/6/2010,4657.8067,16134
Copper River,2010,188,7/7/2010,4741.39722,20119
Copper River,2010,189,7/8/2010,4732.059765,23428
Copper River,2010,190,7/9/2010,5038.196345,31188
Copper River,2010,191,7/10/2010,5188.275634,30961
Copper River,2010,192,7/11/2010,5409.483124,22482
Copper River,2010,193,7/12/2010,5338.354923,22830
Copper River,2010,194,7/13/2010,5160.745366,20484
Copper River,2010,195,7/14/2010,5016.536254,19245
Copper River,2010,196,7/15/2010,4916.240283,18641
Copper River,2010,197,7/16/2010,4833.562666,21869
Copper River,2010,198,7/17/2010,4870.160579,15471
Copper River,2010,199,7/18/2010,5004.550843,11533
Copper River,2010,200,7/19/2010,5100.455376,9732
Copper River,2010,201,7/20/2010,5121.573727,7287
Copper River,2010,202,7/21/2010,5222.43564,9354
Copper River,2010,203,7/22/2010,5456.841092,10177
Copper River,2010,204,7/23/2010,5597.827035,7627
Copper River,2010,205,7/24/2010,5607.649153,8538
Copper River,2010,206,7/25/2010,5525.116559,6858
Copper River,2010,207,7/26/2010,5254.486576,6039
Copper River,2010,208,7/27/2010,5257.097164,6870
Copper River,2010,209,7/28/2010,5438.642082,11076
Copper River,2010,210,7/29/2010,5453.889089,11354
Copper River,2010,211,7/30/2010,5378.610096,12090
Copper River,2010,212,7/31/2010,5462.689136,7326
Copper River,2010,213,8/1/2010,5808.533926,NA
Copper River,2010,214,8/2/2010,6243.031915,NA
Copper River,2010,215,8/3/2010,6798.532673,NA
Copper River,2010,217,8/5/2010,7542.329215,NA
Copper River,2010,218,8/6/2010,7811.795985,NA
Copper River,2010,219,8/7/2010,7249.112832,NA
Copper River,2010,220,8/8/2010,6235.433343,NA
Copper River,2010,221,8/9/2010,6004.473488,NA
Copper River,2010,222,8/10/2010,6371.290575,NA
Copper River,2010,223,8/11/2010,6203.277283,NA
Copper River,2010,226,8/14/2010,4951.402961,NA
Copper River,2010,227,8/15/2010,5141.530362,NA
Copper River,2010,228,8/16/2010,5598.645178,NA
Copper River,2010,229,8/17/2010,6006.067605,NA
Copper River,2010,230,8/18/2010,6239.58431,NA
Copper River,2010,231,8/19/2010,6189.433491,NA
Copper River,2010,232,8/20/2010,5723.001348,NA
Copper River,2010,233,8/21/2010,5113.4745,NA
Copper River,2010,234,8/22/2010,4697.700561,NA
Copper River,2010,235,8/23/2010,4389.415767,NA
Copper River,2010,236,8/24/2010,4133.32614,NA
Copper River,2010,237,8/25/2010,3914.188514,NA
Copper River,2010,238,8/26/2010,3770.808263,NA
Copper River,2010,239,8/27/2010,3556.281352,NA
Copper River,2010,240,8/28/2010,3409.348379,NA
Copper River,2010,241,8/29/2010,3429.416405,NA
Copper River,2010,242,8/30/2010,3458.530271,NA
Copper River,2010,243,8/31/2010,3338.813687,NA
Copper River,2010,244,9/1/2010,3252.436111,NA
Copper River,2010,245,9/2/2010,3208.266217,NA
Copper River,2010,246,9/3/2010,3019.854716,NA
Copper River,2010,247,9/4/2010,2906.646551,NA
Copper River,2010,248,9/5/2010,2906.392977,NA
Copper River,2010,249,9/6/2010,2988.933574,NA
Copper River,2010,250,9/7/2010,3038.5208,NA
Copper River,2010,251,9/8/2010,2946.561,NA
Copper River,2010,252,9/9/2010,2944.349602,NA
Copper River,2010,253,9/10/2010,3020.668875,NA
Copper River,2010,254,9/11/2010,3143.792365,NA
Copper River,2010,255,9/12/2010,3212.250677,NA
Copper River,2010,256,9/13/2010,3206.096344,NA
Copper River,2010,257,9/14/2010,3057.908302,NA
Copper River,2010,258,9/15/2010,2917.558616,NA
Copper River,2010,259,9/16/2010,2810.058097,NA
Copper River,2010,260,9/17/2010,2752.671562,NA
Copper River,2010,261,9/18/2010,2654.253204,NA
Copper River,2010,262,9/19/2010,2583.18103,NA
Copper River,2010,263,9/20/2010,2480.824062,NA
Copper River,2010,264,9/21/2010,2315.130604,NA
Copper River,2010,265,9/22/2010,2108.550751,NA
Copper River,2010,266,9/23/2010,1879.225196,NA
Copper River,2010,267,9/24/2010,1629.436631,NA
Copper River,2010,268,9/25/2010,1411.549151,NA
Copper River,2010,269,9/26/2010,1240.308023,NA
Copper River,2010,270,9/27/2010,1098.544628,NA
Copper River,2010,271,9/28/2010,980.9253873,NA
Copper River,2010,272,9/29/2010,940.9811375,NA
Copper River,2010,273,9/30/2010,1170.827105,NA
Copper River,2011,139,5/19/2011,998.3753338,1646
Copper River,2011,140,5/20/2011,1112.881584,1960
Copper River,2011,141,5/21/2011,1212.108535,2534
Copper River,2011,142,5/22/2011,1370.033951,3747
Copper River,2011,143,5/23/2011,1572.5584,9666
Copper River,2011,144,5/24/2011,1839.65116,23976
Copper River,2011,145,5/25/2011,1966.133077,36096
Copper River,2011,146,5/26/2011,2110.490003,41610
Copper River,2011,147,5/27/2011,2303.162549,40983
Copper River,2011,148,5/28/2011,2595.592988,41244
Copper River,2011,149,5/29/2011,3002.50018,27441
Copper River,2011,150,5/30/2011,3273.840467,11514
Copper River,2011,151,5/31/2011,3638.419872,15210
Copper River,2011,152,6/1/2011,4018.33757,22254
Copper River,2011,153,6/2/2011,4108.597519,16998
Copper River,2011,154,6/3/2011,4200.627272,11054
Copper River,2011,155,6/4/2011,4317.729233,10926
Copper River,2011,156,6/5/2011,4270.829455,8343
Copper River,2011,157,6/6/2011,4010.078489,6624
Copper River,2011,158,6/7/2011,3774.694699,12006
Copper River,2011,159,6/8/2011,3640.484642,15012
Copper River,2011,160,6/9/2011,3412.180064,9972
Copper River,2011,161,6/10/2011,3344.927552,6802
Copper River,2011,162,6/11/2011,3262.631715,7669
Copper River,2011,163,6/12/2011,3219.271543,5329
Copper River,2011,164,6/13/2011,3193.019466,4530
Copper River,2011,165,6/14/2011,3183.28555,7013
Copper River,2011,166,6/15/2011,3201.278547,8989
Copper River,2011,167,6/16/2011,3270.890796,6441
Copper River,2011,168,6/17/2011,3140.220345,5916
Copper River,2011,169,6/18/2011,3079.752078,6255
Copper River,2011,170,6/19/2011,3252.897799,4060
Copper River,2011,171,6/20/2011,3578.246572,4308
Copper River,2011,172,6/21/2011,4078.805837,5101
Copper River,2011,173,6/22/2011,4977.865729,6595
Copper River,2011,174,6/23/2011,5081.694168,6655
Copper River,2011,175,6/24/2011,3997.394902,8189
Copper River,2011,176,6/25/2011,4162.871476,9271
Copper River,2011,177,6/26/2011,4350.765555,8914
Copper River,2011,178,6/27/2011,4616.530962,7763
Copper River,2011,179,6/28/2011,4792.03642,7800
Copper River,2011,180,6/29/2011,4845.720443,10763
Copper River,2011,181,6/30/2011,4751.330953,12566
Copper River,2011,182,7/1/2011,4558.7174,7988
Copper River,2011,183,7/2/2011,4306.520481,7788
Copper River,2011,184,7/3/2011,4154.907363,10164
Copper River,2011,185,7/4/2011,4102.108242,8447
Copper River,2011,186,7/5/2011,4071.431658,7495
Copper River,2011,187,7/6/2011,4196.202765,15589
Copper River,2011,188,7/7/2011,4452.234256,24265
Copper River,2011,189,7/8/2011,4602.962473,21437
Copper River,2011,190,7/9/2011,4645.732711,18060
Copper River,2011,191,7/10/2011,4804.130074,19125
Copper River,2011,192,7/11/2011,4889.670549,16848
Copper River,2011,193,7/12/2011,4941.879736,15927
Copper River,2011,194,7/13/2011,5116.205325,20051
Copper River,2011,195,7/14/2011,5420.906398,24739
Copper River,2011,196,7/15/2011,5815.572453,15345
Copper River,2011,197,7/16/2011,6223.51203,13676
Copper River,2011,198,7/17/2011,6423.794729,13286
Copper River,2011,199,7/18/2011,6204.339165,11975
Copper River,2011,200,7/19/2011,5958.926491,12598
Copper River,2011,201,7/20/2011,5752.744448,13547
Copper River,2011,202,7/21/2011,5531.224114,20184
Copper River,2011,203,7/22/2011,5476.360223,17381
Copper River,2011,204,7/23/2011,5593.757151,13370
Copper River,2011,205,7/24/2011,5922.64553,11338
Copper River,2011,206,7/25/2011,6140.331292,4895
Copper River,2011,207,7/26/2011,5846.544004,4710
Copper River,2011,208,7/27/2011,5381.085831,8790
Copper River,2011,209,7/28/2011,5094.672723,10810
Copper River,2011,210,7/29/2011,4937.750196,NA
Copper River,2011,211,7/30/2011,4786.432044,NA
Copper River,2011,212,7/31/2011,4696.467062,NA
Copper River,2011,213,8/1/2011,4835.69156,NA
Copper River,2011,214,8/2/2011,4998.218463,NA
Copper River,2011,215,8/3/2011,5115.320424,NA
Copper River,2011,216,8/4/2011,5050.427649,NA
Copper River,2011,217,8/5/2011,5034.204456,NA
Copper River,2011,218,8/6/2011,4963.412338,NA
Copper River,2011,219,8/7/2011,4501.198804,NA
Copper River,2011,220,8/8/2011,4110.072355,NA
Copper River,2011,221,8/9/2011,3803.896447,NA
Copper River,2011,222,8/10/2011,3599.484208,NA
Copper River,2011,223,8/11/2011,3342.272847,NA
Copper River,2011,224,8/12/2011,3266.761255,NA
Copper River,2011,225,8/13/2011,3319.855344,NA
Copper River,2011,226,8/14/2011,3375.014202,NA
Copper River,2011,227,8/15/2011,3424.568684,NA
Copper River,2011,228,8/16/2011,3536.951171,NA
Copper River,2011,229,8/17/2011,3619.247007,NA
Copper River,2011,230,8/18/2011,3606.858387,NA
Copper River,2011,231,8/19/2011,3700.068008,NA
Copper River,2011,232,8/20/2011,4188.828586,NA
Copper River,2011,233,8/21/2011,4562.551973,NA
Copper River,2011,234,8/22/2011,4633.934025,NA
Copper River,2011,235,8/23/2011,4362.269274,NA
Copper River,2011,236,8/24/2011,3969.667989,NA
Copper River,2011,237,8/25/2011,3673.520964,NA
Copper River,2011,238,8/26/2011,3426.338487,NA
Copper River,2011,239,8/27/2011,3343.452716,NA
Copper River,2011,240,8/28/2011,3264.106551,NA
Copper River,2011,241,8/29/2011,3138.155575,NA
Copper River,2011,242,8/30/2011,3048.780527,NA
Copper River,2011,243,8/31/2011,2973.858869,NA
Copper River,2011,244,9/1/2011,2929.318829,NA
Copper River,2011,245,9/2/2011,2851.300016,NA
Copper River,2011,246,9/3/2011,3005.125388,NA
Copper River,2011,247,9/4/2011,2989.787096,NA
Copper River,2011,248,9/5/2011,2902.18185,NA
Copper River,2011,249,9/6/2011,3174.731503,NA
Copper River,2011,250,9/7/2011,3609.218124,NA
Copper River,2011,251,9/8/2011,3387.107855,NA
Copper River,2011,252,9/9/2011,2854.190694,NA
Copper River,2011,253,9/10/2011,2418.19974,NA
Copper River,2011,254,9/11/2011,2090.019282,NA
Copper River,2011,255,9/12/2011,1881.890457,NA
Copper River,2011,256,9/13/2011,1892.066824,NA
Copper River,2011,257,9/14/2011,2248.416645,NA
Copper River,2011,258,9/15/2011,2286.260931,NA
Copper River,2011,259,9/16/2011,2221.958091,NA
Copper River,2011,260,9/17/2011,2073.294645,NA
Copper River,2011,261,9/18/2011,1878.380348,NA
Copper River,2011,262,9/19/2011,1754.376155,NA
Copper River,2011,263,9/20/2011,2241.661897,NA
Copper River,2011,264,9/21/2011,3020.46368,NA
Copper River,2011,265,9/22/2011,2832.127151,NA
Copper River,2011,266,9/23/2011,2359.91423,NA
Copper River,2011,267,9/24/2011,1966.044587,NA
Copper River,2011,268,9/25/2011,1632.938177,NA
Copper River,2011,269,9/26/2011,1393.92629,NA
Copper River,2011,270,9/27/2011,1201.283241,NA
Copper River,2011,271,9/28/2011,1079.284825,NA
Copper River,2011,272,9/29/2011,987.9629931,NA
Copper River,2011,273,9/30/2011,904.5757781,NA
Copper River,2012,140,5/19/2012,825.9965276,4535
Copper River,2012,141,5/20/2012,867.970354,5175
Copper River,2012,142,5/21/2012,889.7094334,4060
Copper River,2012,143,5/22/2012,968.4066707,8267
Copper River,2012,144,5/23/2012,1125.063727,13426
Copper River,2012,145,5/24/2012,1365.72743,14117
Copper River,2012,146,5/25/2012,1605.122774,18486
Copper River,2012,147,5/26/2012,1831.56906,36718
Copper River,2012,148,5/27/2012,1958.227957,43803
Copper River,2012,149,5/28/2012,1950.470321,71645
Copper River,2012,150,5/29/2012,1969.318722,83062
Copper River,2012,151,5/30/2012,1962.210014,68535
Copper River,2012,152,5/31/2012,1928.819731,40480
Copper River,2012,153,6/1/2012,1854.989452,21472
Copper River,2012,154,6/2/2012,1802.042848,16350
Copper River,2012,155,6/3/2012,1827.085559,16242
Copper River,2012,156,6/4/2012,1895.370456,12420
Copper River,2012,157,6/5/2012,1941.503319,17101
Copper River,2012,158,6/6/2012,2147.980329,20326
Copper River,2012,159,6/7/2012,2545.330585,14044
Copper River,2012,160,6/8/2012,2918.759005,8614
Copper River,2012,161,6/9/2012,3410.115293,8673
Copper River,2012,162,6/10/2012,3621.606744,6943
Copper River,2012,163,6/11/2012,3644.614183,6805
Copper River,2012,164,6/12/2012,3703.312647,7029
Copper River,2012,165,6/13/2012,3771.155093,6754
Copper River,2012,166,6/14/2012,3598.304339,6349
Copper River,2012,167,6/15/2012,3505.389685,6856
Copper River,2012,168,6/16/2012,3493.885966,8465
Copper River,2012,169,6/17/2012,3457.310038,8372
Copper River,2012,170,6/18/2012,3383.863217,8354
Copper River,2012,171,6/19/2012,3573.232131,9813
Copper River,2012,172,6/20/2012,3972.912628,12657
Copper River,2012,173,6/21/2012,4387.046515,14495
Copper River,2012,174,6/22/2012,4856.044293,12089
Copper River,2012,175,6/23/2012,5532.403983,12746
Copper River,2012,176,6/24/2012,6142.985996,10250
Copper River,2012,177,6/25/2012,6527.033234,11422
Copper River,2012,178,6/26/2012,6824.950061,14743
Copper River,2012,179,6/27/2012,6786.899298,27233
Copper River,2012,180,6/28/2012,6339.434122,30893
Copper River,2012,181,6/29/2012,5493.763285,42237
Copper River,2012,182,6/30/2012,4913.267922,35948
Copper River,2012,183,7/1/2012,4767.259179,21371
Copper River,2012,184,7/2/2012,4706.790912,14384
Copper River,2012,185,7/3/2012,4680.833803,12150
Copper River,2012,186,7/4/2012,4727.143646,18657
Copper River,2012,187,7/5/2012,4717.114763,18112
Copper River,2012,188,7/6/2012,4439.550669,17561
Copper River,2012,189,7/7/2012,4182.929243,23938
Copper River,2012,190,7/8/2012,4128.360319,23776
Copper River,2012,191,7/9/2012,4090.014589,13572
Copper River,2012,192,7/10/2012,3911.264492,13552
Copper River,2012,193,7/11/2012,3803.896447,20407
Copper River,2012,194,7/12/2012,3641.664511,24036
Copper River,2012,195,7/13/2012,3513.943732,24094
Copper River,2012,196,7/14/2012,3469.698659,24848
Copper River,2012,197,7/15/2012,3560.548543,25564
Copper River,2012,198,7/16/2012,3769.975224,26912
Copper River,2012,199,7/17/2012,3955.804532,20548
Copper River,2012,200,7/18/2012,4135.439531,26439
Copper River,2012,201,7/19/2012,4405.334479,15406
Copper River,2012,202,7/20/2012,4759.000099,4755
Copper River,2012,203,7/21/2012,5210.889782,10100
Copper River,2012,204,7/22/2012,5861.587329,8974
Copper River,2012,205,7/23/2012,6234.130847,4592
Copper River,2012,206,7/24/2012,6215.252949,NA
Copper River,2012,207,7/25/2012,5978.394323,6080
Copper River,2012,208,7/26/2012,5745.960204,NA
Copper River,2012,209,7/27/2012,5684.902002,NA
Copper River,2012,210,7/28/2012,5896.098486,NA
Copper River,2012,211,7/29/2012,6192.245511,NA
Copper River,2012,212,7/30/2012,6168.353172,NA
Copper River,2012,213,7/31/2012,5767.197839,NA
Copper River,2012,214,8/1/2012,5353.358919,NA
Copper River,2012,215,8/2/2012,5163.105103,NA
Copper River,2012,216,8/3/2012,5356.603558,NA
Copper River,2012,217,8/4/2012,5322.0924,NA
Copper River,2012,218,8/5/2012,4871.382585,NA
Copper River,2012,219,8/6/2012,4509.457885,NA
Copper River,2012,220,8/7/2012,4720.654369,NA
Copper River,2012,221,8/8/2012,5312.948418,NA
Copper River,2012,222,8/9/2012,5668.973776,NA
Copper River,2012,223,8/10/2012,4856.339261,NA
Copper River,2012,224,8/11/2012,4369.053518,NA
Copper River,2012,225,8/12/2012,4297.376499,NA
Copper River,2012,226,8/13/2012,4348.700785,NA
Copper River,2012,227,8/14/2012,4379.377369,NA
Copper River,2012,228,8/15/2012,4521.846505,NA
Copper River,2012,229,8/16/2012,4691.157653,NA
Copper River,2012,230,8/17/2012,4715.934894,NA
Copper River,2012,231,8/18/2012,4507.393115,NA
Copper River,2012,232,8/19/2012,4240.742805,NA
Copper River,2012,233,8/20/2012,4089.719621,NA
Copper River,2012,234,8/21/2012,3973.797529,NA
Copper River,2012,235,8/22/2012,3802.126644,NA
Copper River,2012,236,8/23/2012,3683.25488,NA
Copper River,2012,237,8/24/2012,3674.700833,NA
Copper River,2012,238,8/25/2012,3613.937598,NA
Copper River,2012,239,8/26/2012,3578.836507,NA
Copper River,2012,240,8/27/2012,3503.914849,NA
Copper River,2012,241,8/28/2012,3560.84351,NA
Copper River,2012,242,8/29/2012,3914.804098,NA
Copper River,2012,243,8/30/2012,3727.794921,NA
Copper River,2012,244,8/31/2012,3384.158184,NA
Copper River,2012,245,9/1/2012,3270.595829,NA
Copper River,2012,246,9/2/2012,3372.949432,NA
Copper River,2012,247,9/3/2012,3373.539366,NA
Copper River,2012,248,9/4/2012,3563.203248,NA
Copper River,2012,249,9/5/2012,3742.248311,NA
Copper River,2012,250,9/6/2012,3992.970394,NA
Copper River,2012,251,9/7/2012,3663.197113,NA
Copper River,2012,252,9/8/2012,3098.040042,NA
Copper River,2012,253,9/9/2012,2536.157106,NA
Copper River,2012,254,9/10/2012,2140.989607,NA
Copper River,2012,255,9/11/2012,1867.58455,NA
Copper River,2012,256,9/12/2012,1637.657652,NA
Copper River,2012,257,9/13/2012,1546.217833,NA
Copper River,2012,258,9/14/2012,1453.863616,NA
Copper River,2012,259,9/15/2012,1470.676744,NA
Copper River,2012,260,9/16/2012,2128.512496,NA
Copper River,2012,261,9/17/2012,3656.412869,NA
Copper River,2012,262,9/18/2012,3473.828199,NA
Copper River,2012,263,9/19/2012,2998.28215,NA
Copper River,2012,264,9/20/2012,3294.488168,NA
Copper River,2012,265,9/21/2012,4643.078007,NA
Copper River,2012,266,9/22/2012,6484.557963,NA
Copper River,2012,267,9/23/2012,7534.051105,NA
Copper River,2012,268,9/24/2012,7455.589841,NA
Copper River,2012,269,9/25/2012,6013.495414,NA
Copper River,2012,270,9/26/2012,4993.498988,NA
Copper River,2012,271,9/27/2012,4449.874519,NA
Copper River,2012,272,9/28/2012,4346.636015,NA
Copper River,2012,273,9/29/2012,4003.294245,NA
Copper River,2012,274,9/30/2012,3245.52362,NA
Copper River,2013,149,5/29/2013,4038.100369,145
Copper River,2013,150,5/30/2013,4524.796177,8015
Copper River,2013,151,5/31/2013,4961.052601,18448
Copper River,2013,152,6/1/2013,5111.780818,20990
Copper River,2013,153,6/2/2013,5008.247346,24903
Copper River,2013,154,6/3/2013,4856.339261,17655
Copper River,2013,155,6/4/2013,4637.473631,13847
Copper River,2013,156,6/5/2013,4277.318733,12558
Copper River,2013,157,6/6/2013,4012.143259,16770
Copper River,2013,158,6/7/2013,4072.021592,24070
Copper River,2013,159,6/8/2013,4067.302118,41137
Copper River,2013,160,6/9/2013,3804.191414,77754
Copper River,2013,161,6/10/2013,4270.829455,111183
Copper River,2013,162,6/11/2013,4718.294631,113977
Copper River,2013,163,6/12/2013,4894.095057,96650
Copper River,2013,164,6/13/2013,5371.646882,43299
Copper River,2013,165,6/14/2013,5396.719091,20062
Copper River,2013,166,6/15/2013,5124.759373,21999
Copper River,2013,167,6/16/2013,5166.054775,19720
Copper River,2013,168,6/17/2013,5630.038111,11945
Copper River,2013,169,6/18/2013,6565.968898,10115
Copper River,2013,170,6/19/2013,7032.017005,11623
Copper River,2013,171,6/20/2013,6947.656398,16445
Copper River,2013,172,6/21/2013,6865.950496,18142
Copper River,2013,173,6/22/2013,6680.416155,17333
Copper River,2013,174,6/23/2013,6353.887513,17737
Copper River,2013,175,6/24/2013,5963.056031,17157
Copper River,2013,176,6/25/2013,5830.615778,16596
Copper River,2013,177,6/26/2013,6275.131282,21655
Copper River,2013,178,6/27/2013,7099.564484,19595
Copper River,2013,179,6/28/2013,7801.291349,11853
Copper River,2013,180,6/29/2013,8094.488702,15049
Copper River,2013,181,6/30/2013,7931.666832,20102
Copper River,2013,182,7/1/2013,7828.723294,23806
Copper River,2013,183,7/2/2013,7778.578877,17663
Copper River,2013,184,7/3/2013,7291.439066,12276
Copper River,2013,185,7/4/2013,6373.060378,15753
Copper River,2013,186,7/5/2013,5509.986479,21712
Copper River,2013,187,7/6/2013,4979.045598,22811
Copper River,2013,188,7/7/2013,4646.617612,19311
Copper River,2013,189,7/8/2013,4797.345829,16232
Copper River,2013,190,7/9/2013,4890.555451,12362
Copper River,2013,191,7/10/2013,4796.755895,14466
Copper River,2013,192,7/11/2013,4572.285889,18821
Copper River,2013,193,7/12/2013,4565.501644,15341
Copper River,2013,194,7/13/2013,4733.337956,14308
Copper River,2013,195,7/14/2013,4919.757199,13875
Copper River,2013,196,7/15/2013,5143.932238,9325
Copper River,2013,197,7/16/2013,5483.734402,8825
Copper River,2013,198,7/17/2013,5920.285793,10739
Copper River,2013,199,7/18/2013,6300.498458,11500
Copper River,2013,200,7/19/2013,6679.82622,9565
Copper River,2013,201,7/20/2013,6985.707161,5900
Copper River,2013,202,7/21/2013,7006.059895,5558
Copper River,2013,203,7/22/2013,6868.6052,5524
Copper River,2013,204,7/23/2013,6518.479186,6701
Copper River,2013,205,7/24/2013,6446.802167,7747
Copper River,2013,206,7/25/2013,6765.071729,6880
Copper River,2013,207,7/26/2013,6948.246333,6808
Copper River,2013,208,7/27/2013,6863.590759,4676
Copper River,2013,209,7/28/2013,6779.525119,NA
Copper River,2013,210,7/29/2013,7121.392053,NA
Copper River,2013,211,7/30/2013,7509.863798,NA
Copper River,2013,212,7/31/2013,7718.995512,NA
Copper River,2013,213,8/1/2013,7905.709722,NA
Copper River,2013,214,8/2/2013,7730.794198,NA
Copper River,2013,215,8/3/2013,7403.085688,NA
Copper River,2013,216,8/4/2013,7033.491841,NA
Copper River,2013,217,8/5/2013,6484.262996,NA
Copper River,2013,218,8/6/2013,6100.510726,NA
Copper River,2013,219,8/7/2013,5890.789077,NA
Copper River,2013,220,8/8/2013,5710.269178,NA
Copper River,2013,221,8/9/2013,5605.26087,NA
Copper River,2013,222,8/10/2013,5812.032847,NA
Copper River,2013,223,8/11/2013,6330.585107,NA
Copper River,2013,224,8/12/2013,6575.997781,NA
Copper River,2013,225,8/13/2013,6613.753577,NA
Copper River,2013,226,8/14/2013,6782.474791,NA
Copper River,2013,227,8/15/2013,6936.447646,NA
Copper River,2013,228,8/16/2013,6919.634518,NA
Copper River,2013,229,8/17/2013,6944.706727,NA
Copper River,2013,230,8/18/2013,7076.262078,NA
Copper River,2013,231,8/19/2013,6845.597762,NA
Copper River,2013,232,8/20/2013,5370.467014,NA
Copper River,2013,233,8/21/2013,4736.287628,NA
Copper River,2013,234,8/22/2013,4775.813227,NA
Copper River,2013,235,8/23/2013,4568.156349,NA
Copper River,2013,236,8/24/2013,4613.876258,NA
Copper River,2013,237,8/25/2013,4636.588729,NA
Copper River,2013,238,8/26/2013,4709.740584,NA
Copper River,2013,239,8/27/2013,4013.323128,NA
Copper River,2013,240,8/28/2013,3956.984401,NA
Copper River,2013,241,8/29/2013,4137.209334,NA
Copper River,2013,242,8/30/2013,4506.508213,NA
Copper River,2013,243,8/31/2013,4016.567767,NA
Copper River,2013,244,9/1/2013,3945.480682,NA
Copper River,2013,245,9/2/2013,4215.965564,NA
Copper River,2013,246,9/3/2013,5160.450399,NA
Copper River,2013,247,9/4/2013,6188.705905,NA
Copper River,2013,248,9/5/2013,7262.091387,NA
Copper River,2013,249,9/6/2013,6846.482664,NA
Copper River,2013,250,9/7/2013,8324.563084,NA
Copper River,2013,251,9/8/2013,9382.315306,NA
Copper River,2013,252,9/9/2013,9643.361239,NA
Copper River,2013,253,9/10/2013,8510.392392,NA
Copper River,2013,254,9/11/2013,7406.035359,NA
Copper River,2013,255,9/12/2013,6658.883552,NA
Copper River,2013,256,9/13/2013,6012.020579,NA
Copper River,2013,257,9/14/2013,4871.677553,NA
Copper River,2013,258,9/15/2013,3854.925765,NA
Copper River,2013,259,9/16/2013,3413.064965,NA
Copper River,2013,260,9/17/2013,3197.738941,NA
Copper River,2013,261,9/18/2013,2874.985879,NA
Copper River,2013,262,9/19/2013,2742.988076,NA
Copper River,2013,263,9/20/2013,2323.574277,NA
Copper River,2013,264,9/21/2013,2063.118278,NA
Copper River,2013,265,9/22/2013,1929.9996,NA
Copper River,2013,266,9/23/2013,1605.329251,NA
Copper River,2013,267,9/24/2013,1347.173996,NA
Copper River,2013,268,9/25/2013,1208.096982,NA
Copper River,2013,269,9/26/2013,1241.929715,NA
Copper River,2013,270,9/27/2013,1226.591423,NA
Copper River,2013,271,9/28/2013,1176.653483,NA
Copper River,2013,272,9/29/2013,1065.332878,NA
Copper River,2013,273,9/30/2013,933.8660167,NA
Copper River,2014,121,5/1/2014,750.3964455,NA
Copper River,2014,122,5/2/2014,839.3585398,NA
Copper River,2014,123,5/3/2014,1127.187491,NA
Copper River,2014,124,5/4/2014,1393.218369,NA
Copper River,2014,125,5/5/2014,2014.566684,NA
Copper River,2014,126,5/6/2014,2228.653846,NA
Copper River,2014,127,5/7/2014,1924.985158,0
Copper River,2014,128,5/8/2014,1632.289249,0
Copper River,2014,129,5/9/2014,1445.132589,NA
Copper River,2014,130,5/10/2014,1476.01565,0
Copper River,2014,131,5/11/2014,1580.758487,0
Copper River,2014,132,5/12/2014,1625.121547,440
Copper River,2014,133,5/13/2014,1675.472441,732
Copper River,2014,134,5/14/2014,1690.663249,1310
Copper River,2014,135,5/15/2014,1793.842761,2247
Copper River,2014,136,5/16/2014,1772.015191,5011
Copper River,2014,137,5/17/2014,1791.60101,8190
Copper River,2014,138,5/18/2014,2013.327822,7331
Copper River,2014,139,5/19/2014,2184.674243,9862
Copper River,2014,140,5/20/2014,2186.709516,14410
Copper River,2014,141,5/21/2014,1996.514694,25459
Copper River,2014,142,5/22/2014,1807.942191,23526
Copper River,2014,143,5/23/2014,1716.738346,22618
Copper River,2014,144,5/24/2014,1692.963993,23325
Copper River,2014,145,5/25/2014,1671.696861,18586
Copper River,2014,146,5/26/2014,1640.843297,13641
Copper River,2014,147,5/27/2014,1662.110429,15560
Copper River,2014,148,5/28/2014,1720.92688,21707
Copper River,2014,149,5/29/2014,1797.913307,20023
Copper River,2014,150,5/30/2014,1917.87645,30204
Copper River,2014,151,5/31/2014,2187.594418,44127
Copper River,2014,152,6/1/2014,2396.01821,32254
Copper River,2014,153,6/2/2014,2295.788371,27377
Copper River,2014,154,6/3/2014,2146.88895,39389
Copper River,2014,155,6/4/2014,2050.316703,48333
Copper River,2014,156,6/5/2014,2057.277928,25955
Copper River,2014,157,6/6/2014,2148.068819,18942
Copper River,2014,158,6/7/2014,2273.134893,22810
Copper River,2014,159,6/8/2014,2365.253136,15803
Copper River,2014,160,6/9/2014,2436.310724,15159
Copper River,2014,161,6/10/2014,2628.865283,18559
Copper River,2014,162,6/11/2014,2725.054073,21483
Copper River,2014,163,6/12/2014,2730.422475,15956
Copper River,2014,164,6/13/2014,2753.695384,10917
Copper River,2014,165,6/14/2014,2713.166897,16577
Copper River,2014,166,6/15/2014,2691.634294,16005
Copper River,2014,167,6/16/2014,2760.391138,12160
Copper River,2014,168,6/17/2014,2977.693442,13072
Copper River,2014,169,6/18/2014,3143.170017,16112
Copper River,2014,170,6/19/2014,3043.766085,14649
Copper River,2014,171,6/20/2014,2865.074982,14392
Copper River,2014,172,6/21/2014,2977.103508,17985
Copper River,2014,173,6/22/2014,3155.853605,17296
Copper River,2014,174,6/23/2014,3116.328006,14530
Copper River,2014,175,6/24/2014,3059.399345,16555
Copper River,2014,176,6/25/2014,3308.351625,17410
Copper River,2014,177,6/26/2014,3590.340226,15756
Copper River,2014,178,6/27/2014,3592.110029,12431
Copper River,2014,179,6/28/2014,3594.174799,13581
Copper River,2014,180,6/29/2014,3596.829503,14499
Copper River,2014,181,6/30/2014,3712.161661,11635
Copper River,2014,182,7/1/2014,4026.59665,14524
Copper River,2014,183,7/2/2014,4385.276712,14418
Copper River,2014,184,7/3/2014,4679.358967,12133
Copper River,2014,185,7/4/2014,5014.441656,8657
Copper River,2014,186,7/5/2014,5421.496332,7964
Copper River,2014,187,7/6/2014,5801.708996,10407
Copper River,2014,188,7/7/2014,6039.747491,10245
Copper River,2014,189,7/8/2014,5973.674848,9839
Copper River,2014,190,7/9/2014,5817.637223,11199
Copper River,2014,191,7/10/2014,5740.060861,14924
Copper River,2014,192,7/11/2014,5851.558446,10876
Copper River,2014,193,7/12/2014,6148.885339,9064
Copper River,2014,194,7/13/2014,6581.897125,9522
Copper River,2014,195,7/14/2014,6642.070424,9625
Copper River,2014,196,7/15/2014,6271.001742,15414
Copper River,2014,197,7/16/2014,5847.133938,NA
Copper River,2014,198,7/17/2014,5438.604427,24710
Copper River,2014,199,7/18/2014,5302.329601,16651
Copper River,2014,200,7/19/2014,5372.236817,15042
Copper River,2014,201,7/20/2014,5525.324771,12324
Copper River,2014,202,7/21/2014,5612.635049,9768
Copper River,2014,203,7/22/2014,5334.186054,9750
Copper River,2014,204,7/23/2014,5101.162,NA
Copper River,2014,205,7/24/2014,4931.260918,14202
Copper River,2014,206,7/25/2014,4655.17166,9012
Copper River,2014,207,7/26/2014,4406.514347,7482
Copper River,2014,208,7/27/2014,4313.89466,6684
Copper River,2014,209,7/28/2014,4213.31086,6678
Copper River,2014,210,7/29/2014,4088.83472,NA
Copper River,2014,211,7/30/2014,4146.94325,NA
Copper River,2014,212,7/31/2014,4185.878914,NA
Copper River,2014,213,8/1/2014,4211.836024,NA
Copper River,2014,214,8/2/2014,4301.801007,NA
Copper River,2014,215,8/3/2014,4433.651326,NA
Copper River,2014,216,8/4/2014,4600.307769,NA
Copper River,2014,217,8/5/2014,4831.267052,NA
Copper River,2014,218,8/6/2014,4820.648235,NA
Copper River,2014,219,8/7/2014,4665.49551,NA
Copper River,2014,220,8/8/2014,4460.788304,NA
Copper River,2014,221,8/9/2014,4296.491598,NA
Copper River,2014,222,8/10/2014,4216.850466,NA
Copper River,2014,223,8/11/2014,4640.423302,NA
Copper River,2014,224,8/12/2014,5704.664802,NA
Copper River,2014,225,8/13/2014,6213.778114,NA
Copper River,2014,226,8/14/2014,5621.189097,NA
Copper River,2014,227,8/15/2014,5156.910793,NA
Copper River,2014,228,8/16/2014,5538.89326,NA
Copper River,2014,229,8/17/2014,5958.631523,NA
Copper River,2014,230,8/18/2014,6120.273525,NA
Copper River,2014,231,8/19/2014,5927.365005,NA
Copper River,2014,232,8/20/2014,5184.637705,NA
Copper River,2014,233,8/21/2014,4697.941898,NA
Copper River,2014,234,8/22/2014,4396.485464,NA
Copper River,2014,235,8/23/2014,4097.683735,NA
Copper River,2014,236,8/24/2014,3893.86143,NA
Copper River,2014,237,8/25/2014,3979.106938,NA
Copper River,2014,238,8/26/2014,4067.00715,NA
Copper River,2014,239,8/27/2014,4038.395336,NA
Copper River,2014,240,8/28/2014,3431.352929,NA
Copper River,2014,241,8/29/2014,3265.28642,NA
Copper River,2014,242,8/30/2014,3239.32931,NA
Copper River,2014,243,8/31/2014,3047.600658,NA
Copper River,2014,244,9/1/2014,2853.394283,NA
Copper River,2014,245,9/2/2014,2680.514032,NA
Copper River,2014,246,9/3/2014,2495.392645,NA
Copper River,2014,247,9/4/2014,2471.706783,NA
Copper River,2014,248,9/5/2014,2622.552986,NA
Copper River,2014,249,9/6/2014,2947.429812,NA
Copper River,2014,250,9/7/2014,3768.795355,NA
Copper River,2014,251,9/8/2014,4186.173882,NA
Copper River,2014,252,9/9/2014,3880.29294,NA
Copper River,2014,253,9/10/2014,3549.044824,NA
Copper River,2014,254,9/11/2014,3411.295162,NA
Copper River,2014,255,9/12/2014,3374.1293,NA
Copper River,2014,256,9/13/2014,3754.636932,NA
Copper River,2014,257,9/14/2014,5219.738797,NA
Copper River,2014,258,9/15/2014,6827.604766,NA
Copper River,2014,259,9/16/2014,6622.012658,NA
Copper River,2014,260,9/17/2014,5464.856504,NA
Copper River,2014,261,9/18/2014,4583.494641,NA
Copper River,2014,262,9/19/2014,3942.53101,NA
Copper River,2014,263,9/20/2014,3771.745027,NA
Copper River,2014,264,9/21/2014,3328.999325,NA
Copper River,2014,265,9/22/2014,2943.595239,NA
Copper River,2014,266,9/23/2014,2701.338714,NA
Copper River,2014,267,9/24/2014,2486.160173,NA
Copper River,2014,268,9/25/2014,2204.849996,NA
Copper River,2014,269,9/26/2014,1920.708135,NA
Copper River,2014,270,9/27/2014,1683.672528,NA
Copper River,2014,271,9/28/2014,1425.104319,NA
Copper River,2014,272,9/29/2014,1326.083844,NA
Copper River,2014,273,9/30/2014,1368.264148,NA
Copper River,2015,129,5/9/2015,865.994074,0
Copper River,2015,130,5/10/2015,1124.4148,0
Copper River,2015,131,5/11/2015,1135.033617,0
Copper River,2015,132,5/12/2015,1097.012351,6
Copper River,2015,133,5/13/2015,1066.011303,145
Copper River,2015,134,5/14/2015,1075.066794,285
Copper River,2015,135,5/15/2015,1144.53156,835
Copper River,2015,136,5/16/2015,1249.982318,1979
Copper River,2015,137,5/17/2015,1318.414698,6163
Copper River,2015,138,5/18/2015,1375.43185,10596
Copper River,2015,139,5/19/2015,1468.376001,15198
Copper River,2015,140,5/20/2015,1610.697653,18888
Copper River,2015,141,5/21/2015,1778.297992,14028
Copper River,2015,142,5/22/2015,1941.58155,15078
Copper River,2015,143,5/23/2015,2180.131749,22686
Copper River,2015,144,5/24/2015,2595.563491,15726
Copper River,2015,145,5/25/2015,2849.6482,20616
Copper River,2015,146,5/26/2015,2977.270229,41640
Copper River,2015,147,5/27/2015,2974.448804,53442
Copper River,2015,148,5/28/2015,3014.564337,25763
Copper River,2015,149,5/29/2015,3148.479426,17316
Copper River,2015,150,5/30/2015,3471.468462,27126
Copper River,2015,151,5/31/2015,3897.99097,20658
Copper River,2015,152,6/1/2015,4258.440835,26016
Copper River,2015,153,6/2/2015,4388.816318,23610
Copper River,2015,154,6/3/2015,4359.614569,29412
Copper River,2015,155,6/4/2015,4355.429141,18732
Copper River,2015,156,6/5/2015,4205.641714,17376
Copper River,2015,157,6/6/2015,3636.650069,41820
Copper River,2015,158,6/7/2015,2988.57773,51468
Copper River,2015,159,6/8/2015,2604.795963,32358
Copper River,2015,160,6/9/2015,2427.697683,22956
Copper River,2015,161,6/10/2015,2365.84307,28206
Copper River,2015,162,6/11/2015,2153.761685,25968
Copper River,2015,163,6/12/2015,1981.707343,28086
Copper River,2015,164,6/13/2015,1960.003063,28092
Copper River,2015,165,6/14/2015,2128.57149,21600
Copper River,2015,166,6/15/2015,2382.774185,13014
Copper River,2015,167,6/16/2015,2815.962951,17323
Copper River,2015,168,6/17/2015,3348.172191,21660
Copper River,2015,169,6/18/2015,3870.264057,14016
Copper River,2015,170,6/19/2015,4270.829455,13536
Copper River,2015,171,6/20/2015,4533.055257,18294
Copper River,2015,172,6/21/2015,4683.19354,12264
Copper River,2015,173,6/22/2015,4798.230731,10152
Copper River,2015,174,6/23/2015,5002.053036,16596
Copper River,2015,175,6/24/2015,5174.018888,19434
Copper River,2015,176,6/25/2015,5399.078828,16549
Copper River,2015,177,6/26/2015,5581.663498,11658
Copper River,2015,178,6/27/2015,5644.491502,13765
Copper River,2015,179,6/28/2015,5440.669197,12941
Copper River,2015,180,6/29/2015,4864.893308,12273
Copper River,2015,181,6/30/2015,4546.033812,14142
Copper River,2015,182,7/1/2015,4448.104716,18788
Copper River,2015,183,7/2/2015,4334.837328,20236
Copper River,2015,184,7/3/2015,4270.534488,17901
Copper River,2015,185,7/4/2015,4193.253093,17605
Copper River,2015,186,7/5/2015,4141.043907,13748
Copper River,2015,187,7/6/2015,4430.701654,12074
Copper River,2015,188,7/7/2015,5175.788691,13594
Copper River,2015,189,7/8/2015,6034.143115,12839
Copper River,2015,190,7/9/2015,6406.096699,11685
Copper River,2015,191,7/10/2015,6398.722521,13683
Copper River,2015,192,7/11/2015,6278.375921,12221
Copper River,2015,193,7/12/2015,6134.136981,18398
Copper River,2015,194,7/13/2015,5815.86742,11701
Copper River,2015,195,7/14/2015,5678.707692,11015
Copper River,2015,196,7/15/2015,5380.20093,13349
Copper River,2015,197,7/16/2015,5094.377756,20648
Copper River,2015,198,7/17/2015,5160.745366,15774
Copper River,2015,199,7/18/2015,5431.820182,9626
Copper River,2015,200,7/19/2015,5528.56941,13319
Copper River,2015,201,7/20/2015,5384.920405,13027
Copper River,2015,202,7/21/2015,5293.185619,13408
Copper River,2015,203,7/22/2015,5330.941415,17549
Copper River,2015,204,7/23/2015,5326.811875,16119
Copper River,2015,205,7/24/2015,5335.070955,14828
Copper River,2015,206,7/25/2015,5549.512078,13015
Copper River,2015,207,7/26/2015,6213.778114,9518
Copper River,2015,208,7/27/2015,7197.49358,4386
Copper River,2015,209,7/28/2015,7217.846313,NA
Copper River,2015,210,7/29/2015,5602.311199,NA
Copper River,2015,211,7/30/2015,5134.493289,NA
Copper River,2015,212,7/31/2015,4709.445617,NA
Copper River,2015,213,8/1/2015,4622.725273,NA
Copper River,2015,214,8/2/2015,4670.804919,NA
Copper River,2015,215,8/3/2015,4868.137947,NA
Copper River,2015,216,8/4/2015,5046.593076,NA
Copper River,2015,217,8/5/2015,5421.791299,NA
Copper River,2015,218,8/6/2015,5770.737445,NA
Copper River,2015,219,8/7/2015,5741.830664,NA
Copper River,2015,220,8/8/2015,5939.753625,NA
Copper River,2015,221,8/9/2015,5710.269178,NA
Copper River,2015,222,8/10/2015,5883.709866,NA
Copper River,2015,223,8/11/2015,6077.503287,NA
Copper River,2015,224,8/12/2015,5691.39128,NA
Copper River,2015,225,8/13/2015,5207.350176,NA
Copper River,2015,226,8/14/2015,4782.892439,NA
Copper River,2015,227,8/15/2015,4573.170791,NA
Copper River,2015,228,8/16/2015,4214.490729,NA
Copper River,2015,229,8/17/2015,4307.995317,NA
Copper River,2015,230,8/18/2015,5210.594815,NA
Copper River,2015,231,8/19/2015,6337.959286,NA
Copper River,2015,232,8/20/2015,6665.667797,NA
Copper River,2015,233,8/21/2015,6222.037194,NA
Copper River,2015,234,8/22/2015,5507.036807,NA
Copper River,2015,235,8/23/2015,5021.225901,NA
Copper River,2015,236,8/24/2015,4679.653934,NA
Copper River,2015,237,8/25/2015,4535.414995,NA
Copper River,2015,238,8/26/2015,4171.720491,NA
Copper River,2015,239,8/27/2015,3980.581774,NA
Copper River,2015,240,8/28/2015,4012.733194,NA
Copper River,2015,241,8/29/2015,3850.501258,NA
Copper River,2015,242,8/30/2015,3246.703489,NA
Copper River,2015,243,8/31/2015,2643.672635,NA
Copper River,2015,244,9/1/2015,2189.895161,NA
Copper River,2015,245,9/2/2015,1897.051769,NA
Copper River,2015,246,9/3/2015,1715.499484,NA
Copper River,2015,247,9/4/2015,1709.216684,NA
Copper River,2015,248,9/5/2015,1810.390418,NA
Copper River,2015,249,9/6/2015,1949.319949,NA
Copper River,2015,250,9/7/2015,2074.68099,NA
Copper River,2015,251,9/8/2015,2194.998093,NA
Copper River,2015,252,9/9/2015,2328.205261,NA
Copper River,2015,253,9/10/2015,2598.572156,NA
Copper River,2015,254,9/11/2015,2954.686004,NA
Copper River,2015,255,9/12/2015,2944.952088,NA
Copper River,2015,256,9/13/2015,2565.801305,NA
Copper River,2015,257,9/14/2015,2259.035463,NA
Copper River,2015,258,9/15/2015,2028.60712,NA
Copper River,2015,259,9/16/2015,1858.175098,NA
Copper River,2015,260,9/17/2015,1835.993567,NA
Copper River,2015,261,9/18/2015,1756.293442,NA
Copper River,2015,262,9/19/2015,1634.766973,NA
Copper River,2015,263,9/20/2015,1511.588689,NA
Copper River,2015,264,9/21/2015,1404.309134,NA
Copper River,2015,265,9/22/2015,1265.556584,NA
Copper River,2015,266,9/23/2015,1134.296199,NA
Copper River,2015,267,9/24/2015,1007.666799,NA
Copper River,2015,268,9/25/2015,907.1124956,NA
Copper River,2015,269,9/26/2015,829.3886499,NA
Copper River,2015,270,9/27/2015,761.2512369,NA
Copper River,2015,271,9/28/2015,803.9624811,NA
Copper River,2015,272,9/29/2015,1658.924783,NA
Copper River,2015,273,9/30/2015,3533.706532,NA
Copper River,2016,122,5/1/2016,772.6959625,NA
Copper River,2016,123,5/2/2016,769.3628336,NA
Copper River,2016,124,5/3/2016,751.900778,NA
Copper River,2016,125,5/4/2016,714.557936,NA
Copper River,2016,126,5/5/2016,691.5210011,NA
Copper River,2016,127,5/6/2016,685.9166251,NA
Copper River,2016,128,5/7/2016,688.7778066,NA
Copper River,2016,129,5/8/2016,674.9733436,10
Copper River,2016,130,5/9/2016,686.86052,83
Copper River,2016,131,5/10/2016,720.0148284,198
Copper River,2016,132,5/11/2016,754.6144758,270
Copper River,2016,133,5/12/2016,800.4523719,600
Copper River,2016,134,5/13/2016,920.8284684,1087
Copper River,2016,135,5/14/2016,1154.029502,1552
Copper River,2016,136,5/15/2016,1447.964273,2293
Copper River,2016,137,5/16/2016,1786.586569,3038
Copper River,2016,138,5/17/2016,2028.400643,3952
Copper River,2016,139,5/18/2016,2071.170881,4711
Copper River,2016,140,5/19/2016,2026.955304,8691
Copper River,2016,141,5/20/2016,2046.895084,14919
Copper River,2016,142,5/21/2016,2178.007985,14612
Copper River,2016,143,5/22/2016,2337.762197,9864
Copper River,2016,144,5/23/2016,2531.349142,7908
Copper River,2016,145,5/24/2016,2688.655126,15264
Copper River,2016,146,5/25/2016,2655.087864,22800
Copper River,2016,147,5/26/2016,2614.52988,13889
Copper River,2016,148,5/27/2016,2635.030097,8589
Copper River,2016,149,5/28/2016,2708.742389,11638
Copper River,2016,150,5/29/2016,2859.205136,11558
Copper River,2016,151,5/30/2016,2980.643114,12752
Copper River,2016,152,5/31/2016,2985.362588,11385
Copper River,2016,153,6/1/2016,3009.844862,15264
Copper River,2016,154,6/2/2016,3099.514878,9358
Copper River,2016,155,6/3/2016,3218.976576,6997
Copper River,2016,156,6/4/2016,3328.114424,17946
Copper River,2016,157,6/5/2016,3389.467592,11350
Copper River,2016,158,6/6/2016,3395.95687,9454
Copper River,2016,159,6/7/2016,3331.65403,17408
Copper River,2016,160,6/8/2016,3153.788835,23228
Copper River,2016,161,6/9/2016,3095.680305,15080
Copper River,2016,162,6/10/2016,3242.573949,15376
Copper River,2016,163,6/11/2016,3510.994061,21415
Copper River,2016,164,6/12/2016,3605.383551,13478
Copper River,2016,165,6/13/2016,3532.82163,12150
Copper River,2016,166,6/14/2016,3480.317477,19361
Copper River,2016,167,6/15/2016,3667.621621,22113
Copper River,2016,168,6/16/2016,3963.768646,14834
Copper River,2016,169,6/17/2016,4294.721795,13168
Copper River,2016,170,6/18/2016,4654.286758,13038
Copper River,2016,171,6/19/2016,4845.720443,13125
Copper River,2016,172,6/20/2016,5052.787387,6281
Copper River,2016,173,6/21/2016,5031.844718,6022
Copper River,2016,174,6/22/2016,4964.592207,11915
Copper River,2016,175,6/23/2016,5066.94581,16277
Copper River,2016,176,6/24/2016,5193.781687,16597
Copper River,2016,177,6/25/2016,5189.652147,14528
Copper River,2016,178,6/26/2016,5032.72962,12650
Copper River,2016,179,6/27/2016,4897.339695,10391
Copper River,2016,180,6/28/2016,4749.266183,9557
Copper River,2016,181,6/29/2016,4606.207112,13707
Copper River,2016,182,6/30/2016,4887.310812,18838
Copper River,2016,183,7/1/2016,5002.348003,13752
Copper River,2016,184,7/2/2016,5027.420211,11407
Copper River,2016,185,7/3/2016,5051.902485,14685
Copper River,2016,186,7/4/2016,5024.47054,10238
Copper River,2016,187,7/5/2016,4983.175138,9357
Copper River,2016,188,7/6/2016,5034.204456,11009
Copper River,2016,189,7/7/2016,5165.759807,12296
Copper River,2016,190,7/8/2016,5215.904224,9871
Copper River,2016,191,7/9/2016,5425.920839,9812
Copper River,2016,192,7/10/2016,5719.41316,9988
Copper River,2016,193,7/11/2016,5751.269613,6928
Copper River,2016,194,7/12/2016,5757.168956,5943
Copper River,2016,195,7/13/2016,5961.581195,8022
Copper River,2016,196,7/14/2016,6363.157013,10044
Copper River,2016,197,7/15/2016,6908.130799,8658
Copper River,2016,198,7/16/2016,7299.847183,5930
Copper River,2016,199,7/17/2016,7601.008649,5447
Copper River,2016,200,7/18/2016,7840.227013,6579
Copper River,2016,201,7/19/2016,8047.588924,4692
Copper River,2016,202,7/20/2016,8355.534635,2942
Copper River,2016,203,7/21/2016,8833.381428,4620
Copper River,2016,204,7/22/2016,9218.0186,2492
Copper River,2016,205,7/23/2016,7285.393792,1892
Copper River,2016,206,7/24/2016,5809.083175,3303
Copper River,2016,207,7/25/2016,5998.157122,1862
Copper River,2016,208,7/26/2016,6400.492323,2565
Copper River,2016,209,7/27/2016,6340.319024,1543
Copper River,2016,210,7/28/2016,6271.591676,3147
Copper River,2016,211,7/29/2016,5932.084479,NA
Copper River,2016,212,7/30/2016,5719.118193,NA
Copper River,2016,213,7/31/2016,5553.936585,NA
Copper River,2016,214,8/1/2016,5455.417555,NA
Copper River,2016,215,8/2/2016,5207.940111,NA
Copper River,2016,216,8/3/2016,5151.601384,NA
Copper River,2016,217,8/4/2016,5205.875341,NA
Copper River,2016,218,8/5/2016,5337.72566,NA
Copper River,2016,219,8/6/2016,5688.441608,NA
Copper River,2016,220,8/7/2016,6547.091,NA
Copper River,2016,221,8/8/2016,8093.6038,NA
Copper River,2016,222,8/9/2016,8311.289562,NA
Copper River,2016,223,8/10/2016,7710.146497,NA
Copper River,2016,224,8/11/2016,6817.280915,NA
Copper River,2016,225,8/12/2016,6273.951413,NA
Copper River,2016,226,8/13/2016,7692.448468,NA
Copper River,2016,227,8/14/2016,8288.872058,NA
Copper River,2016,228,8/15/2016,7842.881718,NA
Copper River,2016,229,8/16/2016,6722.596458,NA
Copper River,2016,230,8/17/2016,5730.546601,NA
Copper River,2016,231,8/18/2016,5194.961556,NA
Copper River,2016,232,8/19/2016,4904.12394,NA
Copper River,2016,233,8/20/2016,4566.091579,NA
Copper River,2016,234,8/21/2016,4206.231648,NA
Copper River,2016,235,8/22/2016,4043.704745,NA
Copper River,2016,236,8/23/2016,4367.578683,NA
Copper River,2016,237,8/24/2016,4843.360706,NA
Copper River,2016,238,8/25/2016,5330.646448,NA
Copper River,2016,239,8/26/2016,6077.798255,NA
Copper River,2016,240,8/27/2016,7288.933398,NA
Copper River,2016,241,8/28/2016,7433.467305,NA
Copper River,2016,242,8/29/2016,6601.06999,NA
Copper River,2016,243,8/30/2016,5871.026278,NA
Copper River,2016,244,8/31/2016,5145.112106,NA
Copper River,2016,245,9/1/2016,4407.399249,NA
Copper River,2016,246,9/2/2016,3943.710879,NA
Copper River,2016,247,9/3/2016,3767.025552,NA
Copper River,2016,248,9/4/2016,3649.333657,NA
Copper River,2016,249,9/5/2016,3460.554677,NA
Copper River,2016,250,9/6/2016,3198.033908,NA
Copper River,2016,251,9/7/2016,3018.103943,NA
Copper River,2016,252,9/8/2016,2943.772219,NA
Copper River,2016,253,9/9/2016,2788.236038,NA
Copper River,2016,254,9/10/2016,2647.831672,NA
Copper River,2016,255,9/11/2016,2384.484994,NA
Copper River,2016,256,9/12/2016,2504.094176,NA
Copper River,2016,257,9/13/2016,3450.820761,NA
Copper River,2016,258,9/14/2016,4028.66142,NA
Copper River,2016,259,9/15/2016,3846.371718,NA
Copper River,2016,260,9/16/2016,3799.176973,NA
Copper River,2016,261,9/17/2016,3515.713535,NA
Copper River,2016,262,9/18/2016,3234.904803,NA
Copper River,2016,263,9/19/2016,2944.39165,NA
Copper River,2016,264,9/20/2016,2661.311671,NA
Copper River,2016,265,9/21/2016,2537.071504,NA
Copper River,2016,266,9/22/2016,3350.826895,NA
Copper River,2016,267,9/23/2016,3688.859256,NA
Copper River,2016,268,9/24/2016,3368.819892,NA
Copper River,2016,269,9/25/2016,3000.995848,NA
Copper River,2016,270,9/26/2016,2633.260294,NA
Copper River,2016,271,9/27/2016,2027.899199,NA
Copper River,2016,272,9/28/2016,1601.406188,NA
Copper River,2016,273,9/29/2016,1402.716312,NA
Copper River,2016,274,9/30/2016,1493.949653,NA
Copper River,2017,121,5/1/2017,430.8206008,NA
Copper River,2017,122,5/2/2017,456.3057631,NA
Copper River,2017,123,5/3/2017,482.8022414,NA
Copper River,2017,124,5/4/2017,508.4896668,NA
Copper River,2017,125,5/5/2017,533.1657764,NA
Copper River,2017,126,5/6/2017,556.6283067,NA
Copper River,2017,127,5/7/2017,581.7089427,NA
Copper River,2017,128,5/8/2017,610.5820134,NA
Copper River,2017,129,5/9/2017,639.9607422,NA
Copper River,2017,130,5/10/2017,669.8956947,NA
Copper River,2017,131,5/11/2017,714.3935972,0
Copper River,2017,132,5/12/2017,767.7910801,0
Copper River,2017,133,5/13/2017,841.3643165,0
Copper River,2017,134,5/14/2017,930.4106871,0
Copper River,2017,135,5/15/2017,981.7855381,0
Copper River,2017,136,5/16/2017,1021.429124,35
Copper River,2017,137,5/17/2017,1162.811096,78
Copper River,2017,138,5/18/2017,1248.418992,1140
Copper River,2017,139,5/19/2017,1221.458994,2207
Copper River,2017,140,5/20/2017,1177.479391,2124
Copper River,2017,141,5/21/2017,1162.495059,1640
Copper River,2017,142,5/22/2017,1256.294615,1584
Copper River,2017,143,5/23/2017,1329.387477,2712
Copper River,2017,144,5/24/2017,1309.270716,6404
Copper River,2017,145,5/25/2017,1350.005681,18167
Copper River,2017,146,5/26/2017,1341.245156,38208
Copper River,2017,147,5/27/2017,1237.21024,28300
Copper River,2017,148,5/28/2017,1175.739085,21576
Copper River,2017,149,5/29/2017,1162.996504,14556
Copper River,2017,150,5/30/2017,1149.870465,12509
Copper River,2017,151,5/31/2017,1184.67659,14874
Copper River,2017,152,6/1/2017,1296.911593,16404
Copper River,2017,153,6/2/2017,1479.909216,15821
Copper River,2017,154,6/3/2017,1674.528546,19416
Copper River,2017,155,6/4/2017,2010.791104,17508
Copper River,2017,156,6/5/2017,2193.523257,12987
Copper River,2017,157,6/6/2017,2193.523257,12966
Copper River,2017,158,6/7/2017,2284.845089,15228
Copper River,2017,159,6/8/2017,2447.902933,18348
Copper River,2017,160,6/9/2017,2794.135381,12534
Copper River,2017,161,6/10/2017,3476.777871,13158
Copper River,2017,162,6/11/2017,4031.021157,11190
Copper River,2017,163,6/12/2017,4269.944554,9726
Copper River,2017,164,6/13/2017,4146.94325,9960
Copper River,2017,165,6/14/2017,3815.695133,11724
Copper River,2017,166,6/15/2017,3469.993626,11666
Copper River,2017,167,6/16/2017,3219.56651,9435
Copper River,2017,168,6/17/2017,3054.089936,14232
Copper River,2017,169,6/18/2017,2914.570471,14958
Copper River,2017,170,6/19/2017,2900.707015,14205
Copper River,2017,171,6/20/2017,2971.204165,14916
Copper River,2017,172,6/21/2017,3222.811149,14256
Copper River,2017,173,6/22/2017,3289.473727,9637
Copper River,2017,174,6/23/2017,3205.408087,9222
Copper River,2017,175,6/24/2017,3296.552938,9618
Copper River,2017,176,6/25/2017,3500.080276,8680
Copper River,2017,177,6/26/2017,3866.724451,6108
Copper River,2017,178,6/27/2017,4172.605392,7026
Copper River,2017,179,6/28/2017,4276.138864,7176
Copper River,2017,180,6/29/2017,4245.46228,8064
Copper River,2017,181,6/30/2017,4177.619834,7632
Copper River,2017,182,7/1/2017,4033.380895,6972
Copper River,2017,183,7/2/2017,3920.998408,8935
Copper River,2017,184,7/3/2017,4082.345443,10666
Copper River,2017,185,7/4/2017,4241.037773,9954
Copper River,2017,186,7/5/2017,4220.980006,10806
Copper River,2017,187,7/6/2017,4239.857904,13038
Copper River,2017,188,7/7/2017,4469.047384,13704
Copper River,2017,189,7/8/2017,4737.172529,8646
Copper River,2017,190,7/9/2017,5121.514734,5610
Copper River,2017,191,7/10/2017,5290.235947,5274
Copper River,2017,192,7/11/2017,5126.824143,5094
Copper River,2017,193,7/12/2017,4679.653934,7272
Copper River,2017,194,7/13/2017,4566.97648,8286
Copper River,2017,195,7/14/2017,4915.627659,9321
Copper River,2017,196,7/15/2017,5302.624568,6684
Copper River,2017,197,7/16/2017,5428.575544,5616
Copper River,2017,198,7/17/2017,5499.072694,5061
Copper River,2017,199,7/18/2017,5578.123892,5508
Copper River,2017,200,7/19/2017,5484.324336,5892
Copper River,2017,201,7/20/2017,5300.559798,5826
Copper River,2017,202,7/21/2017,5158.680596,5748
Copper River,2017,203,7/22/2017,5167.52961,6186
Copper River,2017,204,7/23/2017,5358.37336,6696
Copper River,2017,205,7/24/2017,5669.56371,3792
Copper River,2017,206,7/25/2017,5779.881427,3714
Copper River,2017,207,7/26/2017,5709.679244,3342
Copper River,2017,208,7/27/2017,5588.447742,2772
Copper River,2017,209,7/28/2017,5475.770289,3096
Copper River,2017,210,7/29/2017,5298.200061,NA
Copper River,2017,211,7/30/2017,5167.824578,NA
Copper River,2017,212,7/31/2017,5334.186054,NA
Copper River,2017,213,8/1/2017,5448.338343,NA
Copper River,2017,214,8/2/2017,5323.272269,NA
Copper River,2017,215,8/3/2017,5304.099404,NA
Copper River,2017,216,8/4/2017,5451.877949,NA
Copper River,2017,217,8/5/2017,5615.289754,NA
Copper River,2017,218,8/6/2017,5775.161952,NA
Copper River,2017,219,8/7/2017,5996.092352,NA
Copper River,2017,220,8/8/2017,6140.036325,NA
Copper River,2017,221,8/9/2017,6069.834141,NA
Copper River,2017,222,8/10/2017,5895.508552,NA
Copper River,2017,223,8/11/2017,5860.40746,NA
Copper River,2017,224,8/12/2017,5817.342256,NA
Copper River,2017,225,8/13/2017,5820.586894,NA
Copper River,2017,226,8/14/2017,5806.723438,NA
Copper River,2017,227,8/15/2017,5180.508165,NA
Copper River,2017,228,8/16/2017,4536.88983,NA
Copper River,2017,229,8/17/2017,4212.425958,NA
Copper River,2017,230,8/18/2017,3934.861864,NA
Copper River,2017,231,8/19/2017,3608.923157,NA
Copper River,2017,232,8/20/2017,3108.363893,NA
Copper River,2017,233,8/21/2017,2959.405479,NA
Copper River,2017,234,8/22/2017,2962.060183,NA
Copper River,2017,235,8/23/2017,3060.579213,NA
Copper River,2017,236,8/24/2017,3131.666298,NA
Copper River,2017,237,8/25/2017,3181.515747,NA
Copper River,2017,238,8/26/2017,3240.509179,NA
Copper River,2017,239,8/27/2017,3229.005459,NA
Copper River,2017,240,8/28/2017,2952.621234,NA
Copper River,2017,241,8/29/2017,3351.711796,NA
Copper River,2017,242,8/30/2017,5284.631571,NA
Copper River,2017,243,8/31/2017,5543.612735,NA
Copper River,2017,244,9/1/2017,5217.968994,NA
Copper River,2017,245,9/2/2017,4748.086314,NA
Copper River,2017,246,9/3/2017,3871.738893,NA
Copper River,2017,247,9/4/2017,3173.846601,NA
Copper River,2017,248,9/5/2017,3766.140651,NA
Copper River,2017,249,9/6/2017,5291.120849,NA
Copper River,2017,250,9/7/2017,5992.552746,NA
Copper River,2017,251,9/8/2017,5344.804871,NA
Copper River,2017,252,9/9/2017,4318.909102,NA
Copper River,2017,253,9/10/2017,3710.391858,NA
Copper River,2017,254,9/11/2017,3256.142438,NA
Copper River,2017,255,9/12/2017,2905.78045,NA
Copper River,2017,256,9/13/2017,2645.648915,NA
Copper River,2017,257,9/14/2017,2409.380222,NA
Copper River,2017,258,9/15/2017,2250.392925,NA
Copper River,2017,259,9/16/2017,2233.786274,NA
Copper River,2017,260,9/17/2017,2304.637385,NA
Copper River,2017,261,9/18/2017,2182.520983,NA
Copper River,2017,262,9/19/2017,2001.853599,NA
Copper River,2017,263,9/20/2017,1852.216761,NA
Copper River,2017,264,9/21/2017,1758.918649,NA
Copper River,2017,265,9/22/2017,1745.910598,NA
Copper River,2017,266,9/23/2017,1856.464288,NA
Copper River,2017,267,9/24/2017,2046.806594,NA
Copper River,2017,268,9/25/2017,2187.417437,NA
Copper River,2017,269,9/26/2017,1995.305328,NA
Copper River,2017,270,9/27/2017,1884.191201,NA
Copper River,2017,271,9/28/2017,2137.715471,NA
Copper River,2017,272,9/29/2017,2320.123161,NA
Copper River,2017,273,9/30/2017,2051.290095,NA
Copper River,2018,121,5/1/2018,1178.688756,NA
Copper River,2018,122,5/2/2018,1192.198252,NA
Copper River,2018,123,5/3/2018,1274.287612,NA
Copper River,2018,124,5/4/2018,1364.282091,NA
Copper River,2018,125,5/5/2018,1464.305454,NA
Copper River,2018,126,5/6/2018,1451.120422,NA
Copper River,2018,127,5/7/2018,1406.963839,NA
Copper River,2018,128,5/8/2018,1429.528826,NA
Copper River,2018,129,5/9/2018,1318.355705,NA
Copper River,2018,130,5/10/2018,1403.129266,0
Copper River,2018,131,5/11/2018,1614.207763,0
Copper River,2018,132,5/12/2018,2160.604923,0
Copper River,2018,133,5/13/2018,1925.69308,0
Copper River,2018,134,5/14/2018,1679.336511,0
Copper River,2018,135,5/15/2018,1521.942036,0
Copper River,2018,136,5/16/2018,1459.880946,0
Copper River,2018,137,5/17/2018,1363.072726,0
Copper River,2018,138,5/18/2018,1331.51124,27
Copper River,2018,139,5/19/2018,1409.382569,158
Copper River,2018,140,5/20/2018,1595.152884,314
Copper River,2018,141,5/21/2018,1726.383772,532
Copper River,2018,142,5/22/2018,1783.872871,588
Copper River,2018,143,5/23/2018,1811.393307,901
Copper River,2018,144,5/24/2018,1869.678817,1430
Copper River,2018,145,5/25/2018,1894.721528,1915
Copper River,2018,146,5/26/2018,1871.360129,3090
Copper River,2018,147,5/27/2018,1821.392693,3611
Copper River,2018,148,5/28/2018,1815.58184,4776
Copper River,2018,149,5/29/2018,1801.246436,6390
Copper River,2018,150,5/30/2018,1847.969234,8184
Copper River,2018,151,5/31/2018,1894.603541,7206
Copper River,2018,152,6/1/2018,1914.454831,6762
Copper River,2018,153,6/2/2018,1968.286337,9956
Copper River,2018,154,6/3/2018,2114.885014,11466
Copper River,2018,155,6/4/2018,2257.44264,14462
Copper River,2018,156,6/5/2018,2433.803503,13747
Copper River,2018,157,6/6/2018,2629.337231,10851
Copper River,2018,158,6/7/2018,2840.799185,11484
Copper River,2018,159,6/8/2018,3045.535888,12011
Copper River,2018,160,6/9/2018,3189.479861,11775
Copper River,2018,161,6/10/2018,3342.567815,13230
Copper River,2018,162,6/11/2018,3659.067573,12906
Copper River,2018,163,6/12/2018,4233.663594,10921
Copper River,2018,164,6/13/2018,4415.068395,8370
Copper River,2018,165,6/14/2018,4303.865777,10230
Copper River,2018,166,6/15/2018,4159.921805,11994
Copper River,2018,167,6/16/2018,4214.195761,12270
Copper River,2018,168,6/17/2018,4579.660068,10247
Copper River,2018,169,6/18/2018,5357.783426,8478
Copper River,2018,170,6/19/2018,6799.582886,3102
Copper River,2018,171,6/20/2018,7841.701849,2046
Copper River,2018,172,6/21/2018,7905.414755,5076
Copper River,2018,173,6/22/2018,7597.174076,7740
Copper River,2018,174,6/23/2018,7185.694893,8495
Copper River,2018,175,6/24/2018,6492.522076,12195
Copper River,2018,176,6/25/2018,5811.73788,12159
Copper River,2018,177,6/26/2018,5596.706823,14351
Copper River,2018,178,6/27/2018,5323.272269,14699
Copper River,2018,179,6/28/2018,5038.333996,17616
Copper River,2018,180,6/29/2018,4857.519129,21132
Copper River,2018,181,6/30/2018,4697.941898,22656
Copper River,2018,182,7/1/2018,4795.870993,22950
Copper River,2018,183,7/2/2018,5058.981697,21435
Copper River,2018,184,7/3/2018,5366.042507,17940
Copper River,2018,185,7/4/2018,5901.997829,18625
Copper River,2018,186,7/5/2018,6507.565401,15924
Copper River,2018,187,7/6/2018,6962.109789,14202
Copper River,2018,188,7/7/2018,7522.842353,13362
Copper River,2018,189,7/8/2018,7298.07738,13785
Copper River,2018,190,7/9/2018,6902.821391,11104
Copper River,2018,191,7/10/2018,7441.431418,6292
Copper River,2018,192,7/11/2018,7464.733823,2503
Copper River,2018,193,7/12/2018,6320.261257,5820
Copper River,2018,194,7/13/2018,5425.625872,16744
Copper River,2018,195,7/14/2018,4876.691994,21536
Copper River,2018,196,7/15/2018,4781.71257,14762
Copper River,2018,197,7/16/2018,4616.530962,16160
Copper River,2018,198,7/17/2018,4328.937985,13826
Copper River,2018,199,7/18/2018,4230.713922,13530
Copper River,2018,200,7/19/2018,4384.096843,11700
Copper River,2018,201,7/20/2018,4537.774732,10500
Copper River,2018,202,7/21/2018,4564.616743,10211
Copper River,2018,203,7/22/2018,4835.396592,7249
Copper River,2018,204,7/23/2018,5224.458272,5406
Copper River,2018,205,7/24/2018,5497.007924,4363
Copper River,2018,206,7/25/2018,5770.442478,3132
Copper River,2018,207,7/26/2018,6041.517294,2700
Copper River,2018,208,7/27/2018,6300.793425,2293
Copper River,2018,209,7/28/2018,6640.005654,1974
Copper River,2018,210,7/29/2018,6845.302795,NA
Copper River,2018,211,7/30/2018,6727.020965,NA
Copper River,2018,212,7/31/2018,6790.143937,NA
Copper River,2018,213,8/1/2018,6911.965372,NA
Copper River,2018,214,8/2/2018,7008.7146,NA
Copper River,2018,215,8/3/2018,6849.432335,NA
Copper River,2018,216,8/4/2018,6288.109837,NA
Copper River,2018,217,8/5/2018,5917.336122,NA
Copper River,2018,218,8/6/2018,5922.055596,NA
Copper River,2018,219,8/7/2018,6742.06429,NA
Copper River,2018,220,8/8/2018,8475.586268,NA
Copper River,2018,221,8/9/2018,9551.626454,NA
Copper River,2018,222,8/10/2018,8654.631332,NA
Copper River,2018,223,8/11/2018,7121.981988,NA
Copper River,2018,224,8/12/2018,5909.077041,NA
Copper River,2018,225,8/13/2018,5723.837667,NA
Copper River,2018,226,8/14/2018,6201.979427,NA
Copper River,2018,227,8/15/2018,6606.084431,NA
Copper River,2018,228,8/16/2018,6073.373747,NA
Copper River,2018,229,8/17/2018,5171.364183,NA
Copper River,2018,230,8/18/2018,4419.787869,NA
Copper River,2018,231,8/19/2018,3990.31569,NA
Copper River,2018,232,8/20/2018,3915.394032,NA
Copper River,2018,233,8/21/2018,4799.115632,NA
Copper River,2018,234,8/22/2018,6360.671757,NA
Copper River,2018,235,8/23/2018,7239.673883,NA
Copper River,2018,236,8/24/2018,7009.894468,NA
Copper River,2018,237,8/25/2018,6298.13872,NA
Copper River,2018,238,8/26/2018,5864.831968,NA
Copper River,2018,239,8/27/2018,5451.877949,NA
Copper River,2018,240,8/28/2018,5379.610996,NA
Copper River,2018,241,8/29/2018,5742.420598,NA
Copper River,2018,242,8/30/2018,5498.48276,NA
Copper River,2018,243,8/31/2018,5042.758503,NA
Copper River,2018,244,9/1/2018,4588.509083,NA
Copper River,2018,245,9/2/2018,4046.654417,NA
Copper River,2018,246,9/3/2018,3674.110898,NA
Copper River,2018,247,9/4/2018,3362.920548,NA
Copper River,2018,248,9/5/2018,3178.566076,NA
Copper River,2018,249,9/6/2018,3094.205469,NA
Copper River,2018,250,9/7/2018,2971.794099,NA
Copper River,2018,251,9/8/2018,2872.0952,NA
Copper River,2018,252,9/9/2018,2803.780807,NA
Copper River,2018,253,9/10/2018,2636.681913,NA
Copper River,2018,254,9/11/2018,2523.503015,NA
Copper River,2018,255,9/12/2018,2475.895316,NA
Copper River,2018,256,9/13/2018,2467.046301,NA
Copper River,2018,257,9/14/2018,2479.434922,NA
Copper River,2018,258,9/15/2018,2401.357116,NA
Copper River,2018,259,9/16/2018,2331.774364,NA
Copper River,2018,260,9/17/2018,2322.335415,NA
Copper River,2018,261,9/18/2018,2298.767539,NA
Copper River,2018,262,9/19/2018,2033.562569,NA
Copper River,2018,263,9/20/2018,1896.314351,NA
Copper River,2018,264,9/21/2018,1797.17589,NA
Copper River,2018,265,9/22/2018,1750.394099,NA
Copper River,2018,266,9/23/2018,1722.401715,NA
Copper River,2018,267,9/24/2018,1727.829111,NA
Copper River,2018,268,9/25/2018,1904.661921,NA
Copper River,2018,269,9/26/2018,1824.814312,NA
Copper River,2018,270,9/27/2018,1646.83113,NA
Copper River,2018,271,9/28/2018,1552.913588,NA
Copper River,2018,272,9/29/2018,1480.204183,NA
Copper River,2018,273,9/30/2018,1406.757362,NA
Copper River,2019,121,5/1/2019,555.5411421,NA
Copper River,2019,122,5/2/2019,605.8035455,NA
Copper River,2019,123,5/3/2019,671.4337378,NA
Copper River,2019,124,5/4/2019,745.2345203,NA
Copper River,2019,125,5/5/2019,840.0959577,NA
Copper River,2019,126,5/6/2019,852.1601144,NA
Copper River,2019,127,5/7/2019,813.0769662,NA
Copper River,2019,128,5/8/2019,937.1106554,0
Copper River,2019,129,5/9/2019,1301.3361,NA
Copper River,2019,130,5/10/2019,1456.960772,0
Copper River,2019,131,5/11/2019,1555.597789,12
Copper River,2019,132,5/12/2019,1417.789133,66
Copper River,2019,133,5/13/2019,1245.144857,54
Copper River,2019,134,5/14/2019,1140.372523,240
Copper River,2019,135,5/15/2019,1099.195108,714
Copper River,2019,136,5/16/2019,1127.511955,2178
Copper River,2019,137,5/17/2019,1184.411119,4270
Copper River,2019,138,5/18/2019,1245.11536,5185
Copper River,2019,139,5/19/2019,1279.125073,5172
Copper River,2019,140,5/20/2019,1329.829927,8202
Copper River,2019,141,5/21/2019,1431.505106,15133
Copper River,2019,142,5/22/2019,1532.737834,18246
Copper River,2019,143,5/23/2019,1722.549199,12876
Copper River,2019,144,5/24/2019,1897.730193,14681
Copper River,2019,145,5/25/2019,1972.710844,17754
Copper River,2019,146,5/26/2019,2082.143659,11286
Copper River,2019,147,5/27/2019,2601.580821,9799
Copper River,2019,148,5/28/2019,3190.954696,14987
Copper River,2019,149,5/29/2019,3558.77874,22566
Copper River,2019,150,5/30/2019,3590.045259,22903
Copper River,2019,151,5/31/2019,3443.446582,16140
Copper River,2019,152,6/1/2019,3382.978315,18972
Copper River,2019,153,6/2/2019,3412.769998,18798
Copper River,2019,154,6/3/2019,3371.474596,20130
Copper River,2019,155,6/4/2019,3333.423833,31320
Copper River,2019,156,6/5/2019,3377.668906,39432
Copper River,2019,157,6/6/2019,3477.072838,27072
Copper River,2019,158,6/7/2019,3593.584865,14916
Copper River,2019,159,6/8/2019,3689.744158,20982
Copper River,2019,160,6/9/2019,3724.550282,15348
Copper River,2019,161,6/10/2019,3792.687695,9096
Copper River,2019,162,6/11/2019,3945.775649,14625
Copper River,2019,163,6/12/2019,4026.006716,23567
Copper River,2019,164,6/13/2019,4051.963825,17550
Copper River,2019,165,6/14/2019,4209.476287,10621
Copper River,2019,166,6/15/2019,4436.30603,17247
Copper River,2019,167,6/16/2019,4537.479765,19401
Copper River,2019,168,6/17/2019,4535.120027,11120
Copper River,2019,169,6/18/2019,4506.213246,13590
Copper River,2019,170,6/19/2019,4403.564676,16644
Copper River,2019,171,6/20/2019,4408.28415,17137
Copper River,2019,172,6/21/2019,4623.610174,13440
Copper River,2019,173,6/22/2019,4913.562889,14468
Copper River,2019,174,6/23/2019,5177.263527,13329
Copper River,2019,175,6/24/2019,5482.554533,9089
Copper River,2019,176,6/25/2019,5811.442912,11432
Copper River,2019,177,6/26/2019,6081.927795,15575
Copper River,2019,178,6/27/2019,6339.139155,14732
Copper River,2019,179,6/28/2019,6578.947453,11525
Copper River,2019,180,6/29/2019,6735.280046,13206
Copper River,2019,181,6/30/2019,7145.284393,12828
Copper River,2019,182,7/1/2019,7907.479525,11335
Copper River,2019,183,7/2/2019,8958.447502,6769
Copper River,2019,184,7/3/2019,9775.211558,3630
Copper River,2019,185,7/4/2019,9180.852738,4830
Copper River,2019,186,7/5/2019,7970.012562,10104
Copper River,2019,187,7/6/2019,8339.606409,13868
Copper River,2019,188,7/7/2019,9033.664127,9159
Copper River,2019,189,7/8/2019,9431.574821,8136
Copper River,2019,190,7/9/2019,9383.790142,7074
Copper River,2019,191,7/10/2019,8664.070281,5358
Copper River,2019,192,7/11/2019,7743.477786,9552
Copper River,2019,193,7/12/2019,7246.458128,15331
Copper River,2019,194,7/13/2019,6951.785939,23147
Copper River,2019,195,7/14/2019,6307.577669,24216
Copper River,2019,196,7/15/2019,5942.998264,22626
Copper River,2019,197,7/16/2019,5868.371574,16992
Copper River,2019,198,7/17/2019,5541.252997,23452
Copper River,2019,199,7/18/2019,5352.474017,22530
Copper River,2019,200,7/19/2019,5627.08844,17839
Copper River,2019,201,7/20/2019,5828.845975,13764
Copper River,2019,202,7/21/2019,6105.2302,11160
Copper River,2019,203,7/22/2019,6341.793859,10404
Copper River,2019,204,7/23/2019,6445.032364,8322
Copper River,2019,205,7/24/2019,6342.088827,6907
Copper River,2019,206,7/25/2019,6232.950979,7338
Copper River,2019,207,7/26/2019,6201.68446,3798
Copper River,2019,208,7/27/2019,5862.177263,4047
Copper River,2019,209,7/28/2019,5121.514734,8010
Copper River,2019,210,7/29/2019,4767.849114,NA
Copper River,2019,211,7/30/2019,4674.639492,NA
Copper River,2019,212,7/31/2019,4715.934894,NA
Copper River,2019,213,8/1/2019,4871.97252,NA
Copper River,2019,214,8/2/2019,4850.14495,NA
Copper River,2019,215,8/3/2019,4830.382151,NA
Copper River,2019,216,8/4/2019,5002.053036,NA
Copper River,2019,217,8/5/2019,5427.985609,NA
Copper River,2019,218,8/6/2019,5997.272221,NA
Copper River,2019,219,8/7/2019,6409.046371,NA
Copper River,2019,220,8/8/2019,6604.314628,NA
Copper River,2019,221,8/9/2019,6444.44243,NA
Copper River,2019,222,8/10/2019,6024.704166,NA
Copper River,2019,223,8/11/2019,5571.929582,NA
Copper River,2019,224,8/12/2019,5254.249954,NA
Copper River,2019,225,8/13/2019,5101.751935,NA
Copper River,2019,226,8/14/2019,5142.752369,NA
Copper River,2019,227,8/15/2019,5305.869207,NA
Copper River,2019,228,8/16/2019,5463.086701,NA
Copper River,2019,229,8/17/2019,5397.603992,NA
Copper River,2019,230,8/18/2019,5200.270965,NA
Copper River,2019,231,8/19/2019,4741.007102,NA
Copper River,2019,232,8/20/2019,3859.64524,NA
Copper River,2019,233,8/21/2019,3293.898234,NA
Copper River,2019,234,8/22/2019,2965.304822,NA
Copper River,2019,235,8/23/2019,2799.828247,NA
Copper River,2019,236,8/24/2019,2967.192612,NA
Copper River,2019,237,8/25/2019,3237.26454,NA
Copper River,2019,238,8/26/2019,3128.421659,NA
Copper River,2019,239,8/27/2019,2744.020461,NA
Copper River,2019,240,8/28/2019,2686.678846,NA
Copper River,2019,241,8/29/2019,2715.231667,NA
Copper River,2019,242,8/30/2019,2724.434642,NA
Copper River,2019,243,8/31/2019,2700.188342,NA
Copper River,2019,244,9/1/2019,2694.495476,NA
Copper River,2019,245,9/2/2019,2749.654334,NA
Copper River,2019,246,9/3/2019,2870.472881,NA
Copper River,2019,247,9/4/2019,3002.470683,NA
Copper River,2019,248,9/5/2019,3087.126257,NA
Copper River,2019,249,9/6/2019,3088.89606,NA
Copper River,2019,250,9/7/2019,2927.077078,NA
Copper River,2019,251,9/8/2019,2730.569959,NA
Copper River,2019,252,9/9/2019,2684.496089,NA
Copper River,2019,253,9/10/2019,2690.749393,NA
Copper River,2019,254,9/11/2019,2533.177938,NA
Copper River,2019,255,9/12/2019,2570.756754,NA
Copper River,2019,256,9/13/2019,2625.178194,NA
Copper River,2019,257,9/14/2019,2655.146857,NA
Copper River,2019,258,9/15/2019,2676.384492,NA
Copper River,2019,259,9/16/2019,2596.625373,NA
Copper River,2019,260,9/17/2019,2468.845601,NA
Copper River,2019,261,9/18/2019,2491.115621,NA
Copper River,2019,262,9/19/2019,2850.090651,NA
Copper River,2019,263,9/20/2019,2988.902194,NA
Copper River,2019,264,9/21/2019,3417.784439,NA
Copper River,2019,265,9/22/2019,3398.316607,NA
Copper River,2019,266,9/23/2019,3074.737637,NA
Copper River,2019,267,9/24/2019,2752.132058,NA
Copper River,2019,268,9/25/2019,2412.09392,NA
Copper River,2019,269,9/26/2019,2077.571668,NA
Copper River,2019,270,9/27/2019,1734.465872,NA
Copper River,2019,271,9/28/2019,1457.904666,NA
Copper River,2019,272,9/29/2019,1233.700131,NA
Copper River,2019,273,9/30/2019,1193.614094,NA
Copper River,2020,122,5/1/2020,872.3653646,NA
Copper River,2020,123,5/2/2020,869.8812282,NA
Copper River,2020,124,5/3/2020,911.5846515,NA
Copper River,2020,125,5/4/2020,941.8183312,NA
Copper River,2020,126,5/5/2020,979.8218996,NA
Copper River,2020,127,5/6/2020,1039.110298,NA
Copper River,2020,128,5/7/2020,1141.198431,NA
Copper River,2020,129,5/8/2020,1050.58452,NA
Copper River,2020,130,5/9/2020,1078.075459,NA
Copper River,2020,131,5/10/2020,1170.193702,NA
Copper River,2020,132,5/11/2020,1345.876141,NA
Copper River,2020,133,5/12/2020,1562.706497,NA
Copper River,2020,134,5/13/2020,1742.990423,NA
Copper River,2020,135,5/14/2020,1887.937284,NA
Copper River,2020,136,5/15/2020,2133.143481,NA
Copper River,2020,137,5/16/2020,2181.606584,NA
Copper River,2020,138,5/17/2020,2194.585139,NA
Copper River,2020,139,5/18/2020,2277.20544,NA
Copper River,2020,140,5/19/2020,2251.5138,763
Copper River,2020,141,5/20/2020,2181.783565,1623
Copper River,2020,142,5/21/2020,2182.285009,2532
Copper River,2020,143,5/22/2020,2262.722552,2139
Copper River,2020,144,5/23/2020,2293.812091,2631
Copper River,2020,145,5/24/2020,2256.233275,4000
Copper River,2020,146,5/25/2020,2345.224866,6116
Copper River,2020,147,5/26/2020,2444.835275,7187
Copper River,2020,148,5/27/2020,2412.683855,6425
Copper River,2020,149,5/28/2020,2336.316858,5641
Copper River,2020,150,5/29/2020,2437.726566,6640
Copper River,2020,151,5/30/2020,2731.867814,8888
Copper River,2020,152,5/31/2020,3106.004155,11144
Copper River,2020,153,6/1/2020,3325.754687,13753
Copper River,2020,154,6/2/2020,3476.777871,13228
Copper River,2020,155,6/3/2020,3403.626016,12744
Copper River,2020,156,6/4/2020,3301.56738,15696
Copper River,2020,157,6/5/2020,3191.544631,12686
Copper River,2020,158,6/6/2020,3141.400214,11421
Copper River,2020,159,6/7/2020,3234.314868,11080
Copper River,2020,160,6/8/2020,3302.747249,9821
Copper River,2020,161,6/9/2020,3481.792312,9311
Copper River,2020,162,6/10/2020,3502.73498,8433
Copper River,2020,163,6/11/2020,3473.533232,8506
Copper River,2020,164,6/12/2020,3538.426006,10725
Copper River,2020,165,6/13/2020,3713.046563,12576
Copper River,2020,166,6/14/2020,3977.632102,14710
Copper River,2020,167,6/15/2020,4270.829455,15226
Copper River,2020,168,6/16/2020,4579.070134,14512
Copper River,2020,169,6/17/2020,4841.88587,13184
Copper River,2020,170,6/18/2020,4938.930064,11173
Copper River,2020,171,6/19/2020,4876.10206,9520
Copper River,2020,172,6/20/2020,4782.302504,8853
Copper River,2020,173,6/21/2020,4753.395723,8703
Copper River,2020,174,6/22/2020,4622.430306,7964
Copper River,2020,175,6/23/2020,4324.218511,7349
Copper River,2020,176,6/24/2020,4124.820713,6658
Copper River,2020,177,6/25/2020,4051.963825,6387
Copper River,2020,178,6/26/2020,3865.544583,6423
Copper River,2020,179,6/27/2020,3666.441752,9316
Copper River,2020,180,6/28/2020,3667.326654,11043
Copper River,2020,181,6/29/2020,3809.205856,11328
Copper River,2020,182,6/30/2020,3825.429049,9048
Copper River,2020,183,7/1/2020,3854.040864,9349
Copper River,2020,184,7/2/2020,3911.559459,8463
Copper River,2020,185,7/3/2020,4089.129687,8608
Copper River,2020,186,7/4/2020,4378.787435,8648
Copper River,2020,187,7/5/2020,4652.811923,6264
Copper River,2020,188,7/6/2020,4885.246042,7227
Copper River,2020,189,7/7/2020,5097.917361,6266
Copper River,2020,190,7/8/2020,5277.847327,5320
Copper River,2020,191,7/9/2020,5288.171177,5827
Copper River,2020,192,7/10/2020,5134.493289,6681
Copper River,2020,193,7/11/2020,4996.153693,7056
Copper River,2020,194,7/12/2020,4976.68586,7607
Copper River,2020,195,7/13/2020,5094.96769,5411
Copper River,2020,196,7/14/2020,5178.148428,5138
Copper River,2020,197,7/15/2020,4922.411904,8735
Copper River,2020,198,7/16/2020,4842.475804,7230
Copper River,2020,199,7/17/2020,4840.411034,5695
Copper River,2020,200,7/18/2020,4795.281059,5671
Copper River,2020,201,7/19/2020,4719.769467,3897
Copper River,2020,202,7/20/2020,4796.755895,3591
Copper River,2020,203,7/21/2020,5088.478412,1888
Copper River,2020,204,7/22/2020,5408.517777,1930
Copper River,2020,205,7/23/2020,5621.189097,1328
Copper River,2020,206,7/24/2020,5853.328249,1287
Copper River,2020,207,7/25/2020,5849.788643,769
Copper River,2020,208,7/26/2020,5494.943154,596
Copper River,2020,209,7/27/2020,5425.330905,1005
Copper River,2020,210,7/28/2020,4947.189145,1720
Copper River,2020,211,7/29/2020,4398.550234,NA
Copper River,2020,212,7/30/2020,4412.708658,NA
Copper River,2020,213,7/31/2020,4648.092448,NA
Copper River,2020,214,8/1/2020,4904.12394,NA
Copper River,2020,215,8/2/2020,5154.551055,NA
Copper River,2020,216,8/3/2020,5475.180354,NA
Copper River,2020,217,8/4/2020,5409.107711,NA
Copper River,2020,218,8/5/2020,5000.873167,NA
Copper River,2020,219,8/6/2020,4629.804485,NA
Copper River,2020,220,8/7/2020,4346.930982,NA
Copper River,2020,221,8/8/2020,4132.784826,NA
Copper River,2020,222,8/9/2020,3955.804532,NA
Copper River,2020,223,8/10/2020,3855.810667,NA
Copper River,2020,224,8/11/2020,3778.529272,NA
Copper River,2020,225,8/12/2020,3692.398862,NA
Copper River,2020,226,8/13/2020,3679.12534,NA
Copper River,2020,227,8/14/2020,3638.419872,NA
Copper River,2020,228,8/15/2020,3723.960348,NA
Copper River,2020,229,8/16/2020,3810.975659,NA
Copper River,2020,230,8/17/2020,3854.040864,NA
Copper River,2020,231,8/18/2020,3990.610657,NA
Copper River,2020,232,8/19/2020,4002.70431,NA
Copper River,2020,233,8/20/2020,3936.926634,NA
Copper River,2020,234,8/21/2020,4123.935812,NA
Copper River,2020,235,8/22/2020,4268.764685,NA
Copper River,2020,236,8/23/2020,4084.410213,NA
Copper River,2020,237,8/24/2020,3778.529272,NA
Copper River,2020,238,8/25/2020,3733.989231,NA
Copper River,2020,239,8/26/2020,3728.58357,NA
Copper River,2020,240,8/27/2020,3671.456194,NA
Copper River,2020,241,8/28/2020,3467.928856,NA
Copper River,2020,242,8/29/2020,3199.508744,NA
Copper River,2020,243,8/30/2020,3058.80941,NA
Copper River,2020,244,8/31/2020,3236.674606,NA
Copper River,2020,245,9/1/2020,3776.464501,NA
Copper River,2020,246,9/2/2020,4018.33757,NA
Copper River,2020,247,9/3/2020,3796.522268,NA
Copper River,2020,248,9/4/2020,3438.43214,NA
Copper River,2020,249,9/5/2020,3029.312695,NA
Copper River,2020,250,9/6/2020,2663.641911,NA
Copper River,2020,251,9/7/2020,2354.811298,NA
Copper River,2020,252,9/8/2020,2324.695152,NA
Copper River,2020,253,9/9/2020,2494.242273,NA
Copper River,2020,254,9/10/2020,2608.188086,NA
Copper River,2020,255,9/11/2020,2546.185989,NA
Copper River,2020,256,9/12/2020,2378.172697,NA
Copper River,2020,257,9/13/2020,2168.569036,NA
Copper River,2020,258,9/14/2020,2024.743051,NA
Copper River,2020,259,9/15/2020,1881.77247,NA
Copper River,2020,260,9/16/2020,1769.2425,NA
Copper River,2020,261,9/17/2020,1745.792611,NA
Copper River,2020,262,9/18/2020,1986.102353,NA
Copper River,2020,263,9/19/2020,2049.579285,NA
Copper River,2020,264,9/20/2020,2006.012636,NA
Copper River,2020,265,9/21/2020,1941.503319,NA
Copper River,2020,266,9/22/2020,1857.821137,NA
Copper River,2020,267,9/23/2020,1811.511293,NA
Copper River,2020,268,9/24/2020,1758.181232,NA
Copper River,2020,269,9/25/2020,1667.242857,NA
Copper River,2020,270,9/26/2020,1564.74177,NA
Copper River,2020,271,9/27/2020,1504.538974,NA
Copper River,2020,272,9/28/2020,1541.999803,NA
Copper River,2020,273,9/29/2020,1653.998832,NA
Copper River,2020,274,9/30/2020,1667.331347,NA
Copper River,2021,121,5/1/2021,742.0783717,NA
Copper River,2021,122,5/2/2021,778.4478221,NA
Copper River,2021,123,5/3/2021,813.7258939,NA
Copper River,2021,124,5/4/2021,843.8420406,NA
Copper River,2021,125,5/5/2021,874.1351675,NA
Copper River,2021,126,5/6/2021,916.8759085,NA
Copper River,2021,127,5/7/2021,963.5397126,NA
Copper River,2021,128,5/8/2021,1017.253232,NA
Copper River,2021,129,5/9/2021,1069.668895,NA
Copper River,2021,130,5/10/2021,1113.235544,NA
Copper River,2021,131,5/11/2021,1163.173484,NA
Copper River,2021,132,5/12/2021,1216.621533,0
Copper River,2021,133,5/13/2021,1269.627131,0
Copper River,2021,134,5/14/2021,1334.749979,0
Copper River,2021,135,5/15/2021,1394.752198,0
Copper River,2021,136,5/16/2021,1393.395349,36
Copper River,2021,137,5/17/2021,1377.024672,77
Copper River,2021,138,5/18/2021,1386.788085,114
Copper River,2021,139,5/19/2021,1421.653203,138
Copper River,2021,140,5/20/2021,1484.18624,334
Copper River,2021,141,5/21/2021,1506.544751,818
Copper River,2021,142,5/22/2021,1504.12602,800
Copper River,2021,143,5/23/2021,1498.993591,969
Copper River,2021,144,5/24/2021,1519.611796,1502
Copper River,2021,145,5/25/2021,1613.765312,1504
Copper River,2021,146,5/26/2021,1757.20784,8134
Copper River,2021,147,5/27/2021,1878.881792,8078
Copper River,2021,148,5/28/2021,1992.680121,8287
Copper River,2021,149,5/29/2021,2180.869166,7873
Copper River,2021,150,5/30/2021,2314.931739,8368
Copper River,2021,151,5/31/2021,2363.247359,7146
Copper River,2021,152,6/1/2021,2558.722094,9407
Copper River,2021,153,6/2/2021,2890.678131,13507
Copper River,2021,154,6/3/2021,3026.952957,15848
Copper River,2021,155,6/4/2021,3021.348581,21019
Copper River,2021,156,6/5/2021,2962.18843,20688
Copper River,2021,157,6/6/2021,2990.082063,21200
Copper River,2021,158,6/7/2021,3142.87505,31421
Copper River,2021,159,6/8/2021,3221.336313,33721
Copper River,2021,160,6/9/2021,3333.7188,24460
Copper River,2021,161,6/10/2021,3394.187067,18456
Copper River,2021,162,6/11/2021,3423.97875,15144
Copper River,2021,163,6/12/2021,3475.303035,10675
Copper River,2021,164,6/13/2021,3667.031687,13683
Copper River,2021,165,6/14/2021,3898.580904,18249
Copper River,2021,166,6/15/2021,4160.216772,18205
Copper River,2021,167,6/16/2021,4509.457885,15877
Copper River,2021,168,6/17/2021,4763.129639,10896
Copper River,2021,169,6/18/2021,4779.6478,11822
Copper River,2021,170,6/19/2021,4827.727446,12254
Copper River,2021,171,6/20/2021,4910.613217,9546
Copper River,2021,172,6/21/2021,4942.764637,6801
Copper River,2021,173,6/22/2021,4948.074046,8154
Copper River,2021,174,6/23/2021,4919.167265,9827
Copper River,2021,175,6/24/2021,4966.951944,8881
Copper River,2021,176,6/25/2021,5329.466579,8666
Copper River,2021,177,6/26/2021,5961.286228,5902
Copper River,2021,178,6/27/2021,6436.183349,4981
Copper River,2021,179,6/28/2021,6615.228413,5707
Copper River,2021,180,6/29/2021,6678.941319,9310
Copper River,2021,181,6/30/2021,6698.409151,9422
Copper River,2021,182,7/1/2021,6580.422289,13590
Copper River,2021,183,7/2/2021,6494.586846,14930
Copper River,2021,184,7/3/2021,6356.837184,16097
Copper River,2021,185,7/4/2021,6146.230635,13933
Copper River,2021,186,7/5/2021,5902.292797,13922
Copper River,2021,187,7/6/2021,5761.88843,12610
Copper River,2021,188,7/7/2021,5872.206147,12578
Copper River,2021,189,7/8/2021,6181.626694,8252
Copper River,2021,190,7/9/2021,6372.175476,7877
Copper River,2021,191,7/10/2021,5205.285406,10725
Copper River,2021,192,7/11/2021,4354.895095,9983
Copper River,2021,193,7/12/2021,3937.221602,11369
Copper River,2021,194,7/13/2021,3756.406735,10994
Copper River,2021,195,7/14/2021,3785.608483,13230
Copper River,2021,196,7/15/2021,4089.129687,15692
Copper River,2021,197,7/16/2021,4197.677601,11175
Copper River,2021,198,7/17/2021,4595.883262,12047
Copper River,2021,199,7/18/2021,4861.648669,9119
Copper River,2021,200,7/19/2021,5243.33617,6656
Copper River,2021,201,7/20/2021,5640.951896,5881
Copper River,2021,202,7/21/2021,6075.14355,4330
Copper River,2021,203,7/22/2021,5942.40833,3386
Copper River,2021,204,7/23/2021,5701.420163,4876
Copper River,2021,205,7/24/2021,5555.411421,6092
Copper River,2021,206,7/25/2021,5242.451268,4884
Copper River,2021,207,7/26/2021,5159.27053,6321
Copper River,2021,208,7/27/2021,5102.341869,5684
Copper River,2021,209,7/28/2021,5132.723486,7122
Copper River,2021,210,7/29/2021,5119.154997,NA
Copper River,2021,211,7/30/2021,5050.722616,NA
Copper River,2021,212,7/31/2021,5077.564628,NA
Copper River,2021,213,8/1/2021,5141.867468,NA
Copper River,2021,214,8/2/2021,5402.913401,NA
Copper River,2021,215,8/3/2021,5680.477495,NA
Copper River,2021,216,8/4/2021,5950.66741,NA
Copper River,2021,217,8/5/2021,6271.296709,NA
Copper River,2021,218,8/6/2021,6465.090131,NA
Copper River,2021,219,8/7/2021,6495.766715,NA
Copper River,2021,220,8/8/2021,6140.626259,NA
Copper River,2021,221,8/9/2021,5992.257779,NA
Copper River,2021,222,8/10/2021,5855.098052,NA
Copper River,2021,223,8/11/2021,5573.404417,NA
Copper River,2021,224,8/12/2021,5639.772028,NA
Copper River,2021,225,8/13/2021,6080.747926,NA
Copper River,2021,226,8/14/2021,6423.499762,NA
Copper River,2021,227,8/15/2021,6159.20919,NA
Copper River,2021,228,8/16/2021,5505.856939,NA
Copper River,2021,229,8/17/2021,4944.829407,NA
Copper River,2021,230,8/18/2021,4681.12877,NA
Copper River,2021,231,8/19/2021,4490.874954,NA
Copper River,2021,232,8/20/2021,4292.067091,NA
Copper River,2021,233,8/21/2021,4202.692042,NA
Copper River,2021,234,8/22/2021,3964.653547,NA
Copper River,2021,235,8/23/2021,3767.615487,NA
Copper River,2021,236,8/24/2021,3760.831242,NA
Copper River,2021,237,8/25/2021,3884.127514,NA
Copper River,2021,238,8/26/2021,3976.157266,NA
Copper River,2021,239,8/27/2021,4099.15857,NA
Copper River,2021,240,8/28/2021,4463.737976,NA
Copper River,2021,241,8/29/2021,4405.039511,NA
Copper River,2021,242,8/30/2021,4112.72706,NA
Copper River,2021,243,8/31/2021,3631.930595,NA
Copper River,2021,244,9/1/2021,3510.109159,NA
Copper River,2021,245,9/2/2021,3512.763864,NA
Copper River,2021,246,9/3/2021,3793.277629,NA
Copper River,2021,247,9/4/2021,3969.962956,NA
Copper River,2021,248,9/5/2021,3948.430354,NA
Copper River,2021,249,9/6/2021,3960.524007,NA
Copper River,2021,250,9/7/2021,3967.013284,NA
Copper River,2021,251,9/8/2021,3678.535406,NA
Copper River,2021,252,9/9/2021,3648.153789,NA
Copper River,2021,253,9/10/2021,3266.171321,NA
Copper River,2021,254,9/11/2021,3117.507874,NA
Copper River,2021,255,9/12/2021,2874.041984,NA
Copper River,2021,256,9/13/2021,2931.295109,NA
Copper River,2021,257,9/14/2021,2949.081628,NA
Copper River,2021,258,9/15/2021,2685.498977,NA
Copper River,2021,259,9/16/2021,2509.993519,NA
Copper River,2021,260,9/17/2021,2344.516945,NA
Copper River,2021,261,9/18/2021,1941.326339,NA
Copper River,2021,262,9/19/2021,1716.177908,NA
Copper River,2021,263,9/20/2021,1597.630608,NA
Copper River,2021,264,9/21/2021,1737.533531,NA
Copper River,2021,265,9/22/2021,1754.258168,NA
Copper River,2021,266,9/23/2021,1556.48269,NA
Copper River,2021,267,9/24/2021,1460.352894,NA
Copper River,2021,268,9/25/2021,1421.033772,NA
Copper River,2021,269,9/26/2021,1350.271151,NA
Copper River,2021,270,9/27/2021,1257.120523,NA
Copper River,2021,271,9/28/2021,1173.290857,NA
Copper River,2021,272,9/29/2021,1090.788544,NA
Copper River,2021,273,9/30/2021,1027.282115,NA
Fraser River,1989,121,5/1/1989,3630,NA
Fraser River,1989,122,5/2/1989,3790,NA
Fraser River,1989,123,5/3/1989,4130,NA
Fraser River,1989,124,5/4/1989,4430,NA
Fraser River,1989,125,5/5/1989,4540,NA
Fraser River,1989,126,5/6/1989,4700,NA
Fraser River,1989,127,5/7/1989,4920,NA
Fraser River,1989,128,5/8/1989,5150,NA
Fraser River,1989,129,5/9/1989,5480,NA
Fraser River,1989,130,5/10/1989,5830,NA
Fraser River,1989,131,5/11/1989,5950,NA
Fraser River,1989,132,5/12/1989,6050,NA
Fraser River,1989,133,5/13/1989,6230,NA
Fraser River,1989,134,5/14/1989,6200,NA
Fraser River,1989,135,5/15/1989,5860,NA
Fraser River,1989,136,5/16/1989,5470,NA
Fraser River,1989,137,5/17/1989,5140,NA
Fraser River,1989,138,5/18/1989,4950,NA
Fraser River,1989,139,5/19/1989,4870,NA
Fraser River,1989,140,5/20/1989,4940,NA
Fraser River,1989,141,5/21/1989,5020,NA
Fraser River,1989,142,5/22/1989,5010,NA
Fraser River,1989,143,5/23/1989,4770,NA
Fraser River,1989,144,5/24/1989,4500,NA
Fraser River,1989,145,5/25/1989,4230,NA
Fraser River,1989,146,5/26/1989,4050,NA
Fraser River,1989,147,5/27/1989,4020,NA
Fraser River,1989,148,5/28/1989,4140,NA
Fraser River,1989,149,5/29/1989,4170,NA
Fraser River,1989,150,5/30/1989,4230,NA
Fraser River,1989,151,5/31/1989,4400,NA
Fraser River,1989,152,6/1/1989,4640,NA
Fraser River,1989,153,6/2/1989,4980,NA
Fraser River,1989,154,6/3/1989,5330,NA
Fraser River,1989,155,6/4/1989,5730,NA
Fraser River,1989,156,6/5/1989,6240,NA
Fraser River,1989,157,6/6/1989,6580,NA
Fraser River,1989,158,6/7/1989,6640,NA
Fraser River,1989,159,6/8/1989,6840,NA
Fraser River,1989,160,6/9/1989,7000,NA
Fraser River,1989,161,6/10/1989,6890,NA
Fraser River,1989,162,6/11/1989,6670,NA
Fraser River,1989,163,6/12/1989,6670,NA
Fraser River,1989,164,6/13/1989,6800,NA
Fraser River,1989,165,6/14/1989,6810,NA
Fraser River,1989,166,6/15/1989,6790,NA
Fraser River,1989,167,6/16/1989,6780,NA
Fraser River,1989,168,6/17/1989,6920,NA
Fraser River,1989,169,6/18/1989,7110,NA
Fraser River,1989,170,6/19/1989,6950,NA
Fraser River,1989,171,6/20/1989,6480,NA
Fraser River,1989,172,6/21/1989,5960,100
Fraser River,1989,173,6/22/1989,5560,NA
Fraser River,1989,174,6/23/1989,5240,600
Fraser River,1989,175,6/24/1989,5060,1000
Fraser River,1989,176,6/25/1989,4960,4300
Fraser River,1989,177,6/26/1989,4910,2400
Fraser River,1989,178,6/27/1989,4910,15200
Fraser River,1989,179,6/28/1989,4890,15300
Fraser River,1989,180,6/29/1989,4980,18500
Fraser River,1989,181,6/30/1989,5130,31349.04281
Fraser River,1989,182,7/1/1989,4980,43549.04281
Fraser River,1989,183,7/2/1989,4720,52849.04281
Fraser River,1989,184,7/3/1989,4510,20449.04281
Fraser River,1989,185,7/4/1989,4430,NA
Fraser River,1989,186,7/5/1989,4430,7000
Fraser River,1989,187,7/6/1989,4440,39096.17125
Fraser River,1989,188,7/7/1989,4330,23047.12844
Fraser River,1989,189,7/8/1989,4250,20847.12844
Fraser River,1989,190,7/9/1989,4120,16596.17125
Fraser River,1989,191,7/10/1989,3990,2400
Fraser River,1989,192,7/11/1989,3950,NA
Fraser River,1989,193,7/12/1989,3970,NA
Fraser River,1989,194,7/13/1989,3990,26347.12844
Fraser River,1989,195,7/14/1989,3970,32892.34251
Fraser River,1989,196,7/15/1989,3960,35545.21407
Fraser River,1989,197,7/16/1989,3990,18992.34251
Fraser River,1989,198,7/17/1989,4030,5547.12844
Fraser River,1989,199,7/18/1989,4140,NA
Fraser River,1989,200,7/19/1989,4220,9794.256881
Fraser River,1989,201,7/20/1989,4220,5847.12844
Fraser River,1989,202,7/21/1989,4100,11143.29969
Fraser River,1989,203,7/22/1989,3970,16139.47095
Fraser River,1989,204,7/23/1989,3850,18737.55657
Fraser River,1989,205,7/24/1989,3760,16639.47095
Fraser River,1989,206,7/25/1989,3710,25837.55657
Fraser River,1989,207,7/26/1989,3560,39531.81346
Fraser River,1989,208,7/27/1989,3410,43929.89908
Fraser River,1989,209,7/28/1989,3270,66780.85627
Fraser River,1989,210,7/29/1989,3150,60405.01223
Fraser River,1989,211,7/30/1989,3080,26882.77064
Fraser River,1989,212,7/31/1989,3070,12694.25688
Fraser River,1989,213,8/1/1989,3100,8596.171254
Fraser River,1989,214,8/2/1989,3170,49580.85627
Fraser River,1989,215,8/3/1989,3240,95022.24159
Fraser River,1989,216,8/4/1989,3280,116327.9847
Fraser River,1989,217,8/5/1989,3410,88241.38532
Fraser River,1989,218,8/6/1989,3740,22698.08563
Fraser River,1989,219,8/7/1989,3890,9700
Fraser River,1989,220,8/8/1989,3690,1800
Fraser River,1989,221,8/9/1989,3480,2700
Fraser River,1989,222,8/10/1989,3390,7600
Fraser River,1989,223,8/11/1989,3340,128100
Fraser River,1989,224,8/12/1989,3300,332200
Fraser River,1989,225,8/13/1989,3230,201400
Fraser River,1989,226,8/14/1989,3150,85300
Fraser River,1989,227,8/15/1989,3050,NA
Fraser River,1989,228,8/16/1989,3030,NA
Fraser River,1989,229,8/17/1989,2980,206200
Fraser River,1989,230,8/18/1989,3000,385000
Fraser River,1989,231,8/19/1989,2990,264900
Fraser River,1989,232,8/20/1989,2960,82500
Fraser River,1989,233,8/21/1989,2990,NA
Fraser River,1989,234,8/22/1989,3000,11600
Fraser River,1989,235,8/23/1989,3030,21500
Fraser River,1989,236,8/24/1989,3100,NA
Fraser River,1989,237,8/25/1989,3150,20200
Fraser River,1989,238,8/26/1989,3230,90500
Fraser River,1989,239,8/27/1989,3190,42000
Fraser River,1989,240,8/28/1989,3030,NA
Fraser River,1989,241,8/29/1989,2850,35400
Fraser River,1989,242,8/30/1989,2700,17800
Fraser River,1989,243,8/31/1989,2570,NA
Fraser River,1989,244,9/1/1989,2470,68000
Fraser River,1989,245,9/2/1989,2360,38500
Fraser River,1989,246,9/3/1989,2300,22000
Fraser River,1989,247,9/4/1989,2250,36100
Fraser River,1989,248,9/5/1989,2210,26400
Fraser River,1989,249,9/6/1989,2150,20600
Fraser River,1989,250,9/7/1989,2100,39400
Fraser River,1989,251,9/8/1989,2070,23700
Fraser River,1989,252,9/9/1989,2050,42100
Fraser River,1989,253,9/10/1989,2020,37300
Fraser River,1989,254,9/11/1989,1960,13300
Fraser River,1989,255,9/12/1989,1890,17500
Fraser River,1989,256,9/13/1989,1830,10300
Fraser River,1989,257,9/14/1989,1780,11700
Fraser River,1989,258,9/15/1989,1730,20500
Fraser River,1989,259,9/16/1989,1700,7100
Fraser River,1989,260,9/17/1989,1700,5100
Fraser River,1989,261,9/18/1989,1680,6800
Fraser River,1989,262,9/19/1989,1660,6300
Fraser River,1989,263,9/20/1989,1620,4200
Fraser River,1989,264,9/21/1989,1580,11700
Fraser River,1989,265,9/22/1989,1530,5900
Fraser River,1989,266,9/23/1989,1660,5500
Fraser River,1989,267,9/24/1989,1700,3300
Fraser River,1989,268,9/25/1989,1690,11000
Fraser River,1989,269,9/26/1989,1610,NA
Fraser River,1989,270,9/27/1989,1550,9100
Fraser River,1989,271,9/28/1989,1500,2300
Fraser River,1989,272,9/29/1989,1480,3500
Fraser River,1989,273,9/30/1989,1470,1100
Fraser River,1990,121,5/1/1990,4220,NA
Fraser River,1990,122,5/2/1990,4010,NA
Fraser River,1990,123,5/3/1990,3930,NA
Fraser River,1990,124,5/4/1990,3980,NA
Fraser River,1990,125,5/5/1990,4230,NA
Fraser River,1990,126,5/6/1990,4540,NA
Fraser River,1990,127,5/7/1990,4710,NA
Fraser River,1990,128,5/8/1990,5060,NA
Fraser River,1990,129,5/9/1990,5430,NA
Fraser River,1990,130,5/10/1990,5430,NA
Fraser River,1990,131,5/11/1990,5210,NA
Fraser River,1990,132,5/12/1990,5010,NA
Fraser River,1990,133,5/13/1990,4880,NA
Fraser River,1990,134,5/14/1990,4810,NA
Fraser River,1990,135,5/15/1990,4700,NA
Fraser River,1990,136,5/16/1990,4570,NA
Fraser River,1990,137,5/17/1990,4450,NA
Fraser River,1990,138,5/18/1990,4450,NA
Fraser River,1990,139,5/19/1990,4510,NA
Fraser River,1990,140,5/20/1990,4650,NA
Fraser River,1990,141,5/21/1990,4820,NA
Fraser River,1990,142,5/22/1990,4940,NA
Fraser River,1990,143,5/23/1990,5050,NA
Fraser River,1990,144,5/24/1990,5210,NA
Fraser River,1990,145,5/25/1990,5340,NA
Fraser River,1990,146,5/26/1990,5400,NA
Fraser River,1990,147,5/27/1990,5630,NA
Fraser River,1990,148,5/28/1990,6170,NA
Fraser River,1990,149,5/29/1990,6720,NA
Fraser River,1990,150,5/30/1990,7040,NA
Fraser River,1990,151,5/31/1990,7390,NA
Fraser River,1990,152,6/1/1990,7790,NA
Fraser River,1990,153,6/2/1990,8260,NA
Fraser River,1990,154,6/3/1990,9140,NA
Fraser River,1990,155,6/4/1990,9810,NA
Fraser River,1990,156,6/5/1990,9730,NA
Fraser River,1990,157,6/6/1990,9350,NA
Fraser River,1990,158,6/7/1990,9000,NA
Fraser River,1990,159,6/8/1990,8320,NA
Fraser River,1990,160,6/9/1990,7920,NA
Fraser River,1990,161,6/10/1990,7720,NA
Fraser River,1990,162,6/11/1990,7630,NA
Fraser River,1990,163,6/12/1990,7680,NA
Fraser River,1990,164,6/13/1990,8120,NA
Fraser River,1990,165,6/14/1990,9260,NA
Fraser River,1990,166,6/15/1990,9890,NA
Fraser River,1990,167,6/16/1990,10100,NA
Fraser River,1990,168,6/17/1990,9800,NA
Fraser River,1990,169,6/18/1990,9390,NA
Fraser River,1990,170,6/19/1990,9120,NA
Fraser River,1990,171,6/20/1990,8770,NA
Fraser River,1990,172,6/21/1990,8590,NA
Fraser River,1990,173,6/22/1990,8620,NA
Fraser River,1990,174,6/23/1990,8650,NA
Fraser River,1990,175,6/24/1990,8620,NA
Fraser River,1990,176,6/25/1990,8640,1100
Fraser River,1990,177,6/26/1990,8770,850
Fraser River,1990,178,6/27/1990,8820,280
Fraser River,1990,179,6/28/1990,8670,400
Fraser River,1990,180,6/29/1990,8440,1300
Fraser River,1990,181,6/30/1990,8230,10000
Fraser River,1990,182,7/1/1990,7980,2100
Fraser River,1990,183,7/2/1990,7740,3100
Fraser River,1990,184,7/3/1990,7560,4000
Fraser River,1990,185,7/4/1990,7460,1900
Fraser River,1990,186,7/5/1990,7420,11100
Fraser River,1990,187,7/6/1990,7330,8500
Fraser River,1990,188,7/7/1990,7340,9647.717582
Fraser River,1990,189,7/8/1990,7240,4335.433848
Fraser River,1990,190,7/9/1990,7180,12846.93236
Fraser River,1990,191,7/10/1990,7180,20737.17056
Fraser River,1990,192,7/11/1990,7110,12948.34971
Fraser River,1990,193,7/12/1990,7070,15148.82216
Fraser River,1990,194,7/13/1990,7010,12829.13889
Fraser River,1990,195,7/14/1990,6910,8145.515004
Fraser River,1990,196,7/15/1990,6850,8349.294614
Fraser River,1990,197,7/16/1990,6920,9764.253378
Fraser River,1990,198,7/17/1990,6780,4227.874627
Fraser River,1990,199,7/18/1990,6400,3146.300228
Fraser River,1990,200,7/19/1990,6000,6537.483331
Fraser River,1990,201,7/20/1990,5690,4801.10458
Fraser River,1990,202,7/21/1990,5470,5720.475084
Fraser River,1990,203,7/22/1990,5230,8171.972277
Fraser River,1990,204,7/23/1990,5000,5107.718899
Fraser River,1990,205,7/24/1990,4840,7034.961397
Fraser River,1990,206,7/25/1990,4710,5627.874627
Fraser River,1990,207,7/26/1990,4660,4560.160994
Fraser River,1990,208,7/27/1990,4700,6529.138886
Fraser River,1990,209,7/28/1990,4690,10674.96666
Fraser River,1990,210,7/29/1990,4650,12686.14582
Fraser River,1990,211,7/30/1990,4630,18284.57537
Fraser River,1990,212,7/31/1990,4580,24160.48693
Fraser River,1990,213,8/1/1990,4470,24193.55194
Fraser River,1990,214,8/2/1990,4330,32560.63345
Fraser River,1990,215,8/3/1990,4260,100854.1986
Fraser River,1990,216,8/4/1990,4200,153848.2493
Fraser River,1990,217,8/5/1990,4120,72125.37244
Fraser River,1990,218,8/6/1990,3960,23290.87033
Fraser River,1990,219,8/7/1990,3790,NA
Fraser River,1990,220,8/8/1990,3630,NA
Fraser River,1990,221,8/9/1990,3550,13128.97921
Fraser River,1990,222,8/10/1990,3550,44089.61265
Fraser River,1990,223,8/11/1990,3530,129941.5889
Fraser River,1990,224,8/12/1990,3470,402627.1157
Fraser River,1990,225,8/13/1990,3420,112886.1458
Fraser River,1990,226,8/14/1990,3400,33555.2768
Fraser River,1990,227,8/15/1990,3420,46276.53711
Fraser River,1990,228,8/16/1990,3450,35800
Fraser River,1990,229,8/17/1990,3460,95200
Fraser River,1990,230,8/18/1990,3430,188100
Fraser River,1990,231,8/19/1990,3350,188800
Fraser River,1990,232,8/20/1990,3240,77700
Fraser River,1990,233,8/21/1990,3120,44700
Fraser River,1990,234,8/22/1990,3000,14900
Fraser River,1990,235,8/23/1990,2890,40300
Fraser River,1990,236,8/24/1990,2810,89400
Fraser River,1990,237,8/25/1990,2790,165100
Fraser River,1990,238,8/26/1990,2750,83000
Fraser River,1990,239,8/27/1990,2670,54100
Fraser River,1990,240,8/28/1990,2540,59400
Fraser River,1990,241,8/29/1990,2400,28800
Fraser River,1990,242,8/30/1990,2250,62800
Fraser River,1990,243,8/31/1990,2190,111400
Fraser River,1990,244,9/1/1990,2130,160700
Fraser River,1990,245,9/2/1990,2110,56500
Fraser River,1990,246,9/3/1990,2140,20600
Fraser River,1990,247,9/4/1990,2200,12400
Fraser River,1990,248,9/5/1990,2240,25200
Fraser River,1990,249,9/6/1990,2190,65000
Fraser River,1990,250,9/7/1990,2070,55300
Fraser River,1990,251,9/8/1990,1970,68000
Fraser River,1990,252,9/9/1990,1900,69700
Fraser River,1990,253,9/10/1990,1850,48600
Fraser River,1990,254,9/11/1990,1830,44500
Fraser River,1990,255,9/12/1990,1800,77900
Fraser River,1990,256,9/13/1990,1790,70100
Fraser River,1990,257,9/14/1990,1750,73100
Fraser River,1990,258,9/15/1990,1730,104800
Fraser River,1990,259,9/16/1990,1740,105200
Fraser River,1990,260,9/17/1990,1740,137000
Fraser River,1990,261,9/18/1990,1710,194300
Fraser River,1990,262,9/19/1990,1660,253000
Fraser River,1990,263,9/20/1990,1640,200500
Fraser River,1990,264,9/21/1990,1630,174500
Fraser River,1990,265,9/22/1990,1640,158800
Fraser River,1990,266,9/23/1990,1610,184500
Fraser River,1990,267,9/24/1990,1560,143200
Fraser River,1990,268,9/25/1990,1520,158700
Fraser River,1990,269,9/26/1990,1470,151100
Fraser River,1990,270,9/27/1990,1470,93200
Fraser River,1990,271,9/28/1990,1500,66600
Fraser River,1990,272,9/29/1990,1520,38100
Fraser River,1990,273,9/30/1990,1510,37800
Fraser River,1991,121,5/1/1991,4410,NA
Fraser River,1991,122,5/2/1991,4240,NA
Fraser River,1991,123,5/3/1991,4210,NA
Fraser River,1991,124,5/4/1991,4240,NA
Fraser River,1991,125,5/5/1991,4340,NA
Fraser River,1991,126,5/6/1991,4430,NA
Fraser River,1991,127,5/7/1991,4520,NA
Fraser River,1991,128,5/8/1991,4600,NA
Fraser River,1991,129,5/9/1991,4670,NA
Fraser River,1991,130,5/10/1991,4780,NA
Fraser River,1991,131,5/11/1991,5010,NA
Fraser River,1991,132,5/12/1991,5290,NA
Fraser River,1991,133,5/13/1991,5470,NA
Fraser River,1991,134,5/14/1991,5720,NA
Fraser River,1991,135,5/15/1991,6020,NA
Fraser River,1991,136,5/16/1991,6360,NA
Fraser River,1991,137,5/17/1991,6530,NA
Fraser River,1991,138,5/18/1991,6460,NA
Fraser River,1991,139,5/19/1991,6590,NA
Fraser River,1991,140,5/20/1991,6800,NA
Fraser River,1991,141,5/21/1991,7080,NA
Fraser River,1991,142,5/22/1991,7530,NA
Fraser River,1991,143,5/23/1991,7810,NA
Fraser River,1991,144,5/24/1991,7780,NA
Fraser River,1991,145,5/25/1991,7450,NA
Fraser River,1991,146,5/26/1991,7000,NA
Fraser River,1991,147,5/27/1991,6520,NA
Fraser River,1991,148,5/28/1991,6220,NA
Fraser River,1991,149,5/29/1991,6060,NA
Fraser River,1991,150,5/30/1991,5980,NA
Fraser River,1991,151,5/31/1991,5940,NA
Fraser River,1991,152,6/1/1991,6120,NA
Fraser River,1991,153,6/2/1991,6410,NA
Fraser River,1991,154,6/3/1991,6540,NA
Fraser River,1991,155,6/4/1991,6520,NA
Fraser River,1991,156,6/5/1991,6380,NA
Fraser River,1991,157,6/6/1991,6290,NA
Fraser River,1991,158,6/7/1991,6240,NA
Fraser River,1991,159,6/8/1991,6110,NA
Fraser River,1991,160,6/9/1991,6060,NA
Fraser River,1991,161,6/10/1991,6290,NA
Fraser River,1991,162,6/11/1991,6810,NA
Fraser River,1991,163,6/12/1991,6810,NA
Fraser River,1991,164,6/13/1991,6890,NA
Fraser River,1991,165,6/14/1991,7270,NA
Fraser River,1991,166,6/15/1991,7470,NA
Fraser River,1991,167,6/16/1991,7290,NA
Fraser River,1991,168,6/17/1991,7000,NA
Fraser River,1991,169,6/18/1991,6710,NA
Fraser River,1991,170,6/19/1991,6640,NA
Fraser River,1991,171,6/20/1991,6790,NA
Fraser River,1991,172,6/21/1991,6860,NA
Fraser River,1991,173,6/22/1991,6970,NA
Fraser River,1991,174,6/23/1991,7140,NA
Fraser River,1991,175,6/24/1991,7400,NA
Fraser River,1991,176,6/25/1991,7620,NA
Fraser River,1991,177,6/26/1991,7640,300
Fraser River,1991,178,6/27/1991,7650,400
Fraser River,1991,179,6/28/1991,7800,300
Fraser River,1991,180,6/29/1991,7770,1800
Fraser River,1991,181,6/30/1991,7670,1200
Fraser River,1991,182,7/1/1991,7550,600
Fraser River,1991,183,7/2/1991,7700,2200
Fraser River,1991,184,7/3/1991,8000,2576.363636
Fraser River,1991,185,7/4/1991,8010,7729.090909
Fraser River,1991,186,7/5/1991,7790,13210.43771
Fraser River,1991,187,7/6/1991,7650,12353.0303
Fraser River,1991,188,7/7/1991,7530,7600
Fraser River,1991,189,7/8/1991,7320,9100
Fraser River,1991,190,7/9/1991,7040,26300
Fraser River,1991,191,7/10/1991,6740,8300
Fraser River,1991,192,7/11/1991,6450,1700
Fraser River,1991,193,7/12/1991,6240,18200
Fraser River,1991,194,7/13/1991,6220,27100
Fraser River,1991,195,7/14/1991,6160,15100
Fraser River,1991,196,7/15/1991,6110,20300
Fraser River,1991,197,7/16/1991,6120,22700
Fraser River,1991,198,7/17/1991,6180,22934.33891
Fraser River,1991,199,7/18/1991,6140,15088.38086
Fraser River,1991,200,7/19/1991,5960,26153.1935
Fraser River,1991,201,7/20/1991,5790,26454.96111
Fraser River,1991,202,7/21/1991,5670,15188.97007
Fraser River,1991,203,7/22/1991,5530,15490.73769
Fraser River,1991,204,7/23/1991,5380,27722.88475
Fraser River,1991,205,7/24/1991,5210,33685.08131
Fraser River,1991,206,7/25/1991,5070,18623.47396
Fraser River,1991,207,7/26/1991,4960,20251.75583
Fraser River,1991,208,7/27/1991,4950,28902.0033
Fraser River,1991,209,7/28/1991,5110,43047.7021
Fraser River,1991,210,7/29/1991,5250,25486.84893
Fraser River,1991,211,7/30/1991,5300,NA
Fraser River,1991,212,7/31/1991,5290,NA
Fraser River,1991,213,8/1/1991,5160,34692.81169
Fraser River,1991,214,8/2/1991,4920,72165.16616
Fraser River,1991,215,8/3/1991,4670,72474.00424
Fraser River,1991,216,8/4/1991,4400,77827.19774
Fraser River,1991,217,8/5/1991,4200,82974.49918
Fraser River,1991,218,8/6/1991,4080,34692.81169
Fraser River,1991,219,8/7/1991,4050,NA
Fraser River,1991,220,8/8/1991,4070,19147.96135
Fraser River,1991,221,8/9/1991,4170,110135.9416
Fraser River,1991,222,8/10/1991,4440,119576.9503
Fraser River,1991,223,8/11/1991,4680,95714.77728
Fraser River,1991,224,8/12/1991,4760,48059.74546
Fraser River,1991,225,8/13/1991,4910,NA
Fraser River,1991,226,8/14/1991,4960,1720.032996
Fraser River,1991,227,8/15/1991,4910,24889.88923
Fraser River,1991,228,8/16/1991,4860,57034.07966
Fraser River,1991,229,8/17/1991,4810,27963.7992
Fraser River,1991,230,8/18/1991,4780,57800
Fraser River,1991,231,8/19/1991,4700,37700
Fraser River,1991,232,8/20/1991,4600,39000
Fraser River,1991,233,8/21/1991,4500,32800
Fraser River,1991,234,8/22/1991,4410,23300
Fraser River,1991,235,8/23/1991,4310,45600
Fraser River,1991,236,8/24/1991,4150,157900
Fraser River,1991,237,8/25/1991,3820,155000
Fraser River,1991,238,8/26/1991,3510,64900
Fraser River,1991,239,8/27/1991,3310,NA
Fraser River,1991,240,8/28/1991,3200,16000
Fraser River,1991,241,8/29/1991,3150,31000
Fraser River,1991,242,8/30/1991,3560,53300
Fraser River,1991,243,8/31/1991,4150,34900
Fraser River,1991,244,9/1/1991,3960,7700
Fraser River,1991,245,9/2/1991,3780,7500
Fraser River,1991,246,9/3/1991,3920,20500
Fraser River,1991,247,9/4/1991,4340,61900
Fraser River,1991,248,9/5/1991,4410,6800
Fraser River,1991,249,9/6/1991,4080,11000
Fraser River,1991,250,9/7/1991,3710,35100
Fraser River,1991,251,9/8/1991,3350,29000
Fraser River,1991,252,9/9/1991,3120,30900
Fraser River,1991,253,9/10/1991,2990,13500
Fraser River,1991,254,9/11/1991,2930,12600
Fraser River,1991,255,9/12/1991,2830,19200
Fraser River,1991,256,9/13/1991,2710,16000
Fraser River,1991,257,9/14/1991,2600,18200
Fraser River,1991,258,9/15/1991,2490,69400
Fraser River,1991,259,9/16/1991,2430,14900
Fraser River,1991,260,9/17/1991,2400,37400
Fraser River,1991,261,9/18/1991,2330,26700
Fraser River,1991,262,9/19/1991,2260,96000
Fraser River,1991,263,9/20/1991,2230,23500
Fraser River,1991,264,9/21/1991,2170,39500
Fraser River,1991,265,9/22/1991,2090,41600
Fraser River,1991,266,9/23/1991,2040,13900
Fraser River,1991,267,9/24/1991,1980,57600
Fraser River,1991,268,9/25/1991,1890,156900
Fraser River,1991,269,9/26/1991,1840,150500
Fraser River,1991,270,9/27/1991,1770,245400
Fraser River,1991,271,9/28/1991,1730,137700
Fraser River,1991,272,9/29/1991,1710,68300
Fraser River,1991,273,9/30/1991,1690,37300
Fraser River,1992,122,5/1/1992,4850,NA
Fraser River,1992,123,5/2/1992,4930,NA
Fraser River,1992,124,5/3/1992,5230,NA
Fraser River,1992,125,5/4/1992,5350,NA
Fraser River,1992,126,5/5/1992,5270,NA
Fraser River,1992,127,5/6/1992,5200,NA
Fraser River,1992,128,5/7/1992,5340,NA
Fraser River,1992,129,5/8/1992,5520,NA
Fraser River,1992,130,5/9/1992,5590,NA
Fraser River,1992,131,5/10/1992,5670,NA
Fraser River,1992,132,5/11/1992,5510,NA
Fraser River,1992,133,5/12/1992,5320,NA
Fraser River,1992,134,5/13/1992,5100,NA
Fraser River,1992,135,5/14/1992,4930,NA
Fraser River,1992,136,5/15/1992,4640,NA
Fraser River,1992,137,5/16/1992,4370,NA
Fraser River,1992,138,5/17/1992,4230,NA
Fraser River,1992,139,5/18/1992,4150,NA
Fraser River,1992,140,5/19/1992,4090,NA
Fraser River,1992,141,5/20/1992,4040,NA
Fraser River,1992,142,5/21/1992,4020,NA
Fraser River,1992,143,5/22/1992,4010,NA
Fraser River,1992,144,5/23/1992,3980,NA
Fraser River,1992,145,5/24/1992,3940,NA
Fraser River,1992,146,5/25/1992,3980,NA
Fraser River,1992,147,5/26/1992,4090,NA
Fraser River,1992,148,5/27/1992,4130,NA
Fraser River,1992,149,5/28/1992,4410,NA
Fraser River,1992,150,5/29/1992,5110,NA
Fraser River,1992,151,5/30/1992,5700,NA
Fraser River,1992,152,5/31/1992,5950,NA
Fraser River,1992,153,6/1/1992,6080,NA
Fraser River,1992,154,6/2/1992,6160,NA
Fraser River,1992,155,6/3/1992,6030,NA
Fraser River,1992,156,6/4/1992,6140,NA
Fraser River,1992,157,6/5/1992,6420,NA
Fraser River,1992,158,6/6/1992,6390,NA
Fraser River,1992,159,6/7/1992,6070,NA
Fraser River,1992,160,6/8/1992,5750,NA
Fraser River,1992,161,6/9/1992,5570,NA
Fraser River,1992,162,6/10/1992,5530,NA
Fraser River,1992,163,6/11/1992,5600,NA
Fraser River,1992,164,6/12/1992,5740,NA
Fraser River,1992,165,6/13/1992,6020,NA
Fraser River,1992,166,6/14/1992,6120,NA
Fraser River,1992,167,6/15/1992,6110,NA
Fraser River,1992,168,6/16/1992,6420,NA
Fraser River,1992,169,6/17/1992,6670,NA
Fraser River,1992,170,6/18/1992,6600,NA
Fraser River,1992,171,6/19/1992,6420,NA
Fraser River,1992,172,6/20/1992,6190,NA
Fraser River,1992,173,6/21/1992,5960,NA
Fraser River,1992,174,6/22/1992,5760,NA
Fraser River,1992,175,6/23/1992,5720,NA
Fraser River,1992,176,6/24/1992,5730,NA
Fraser River,1992,177,6/25/1992,5680,2600
Fraser River,1992,178,6/26/1992,5570,6700
Fraser River,1992,179,6/27/1992,5500,500
Fraser River,1992,180,6/28/1992,5420,NA
Fraser River,1992,181,6/29/1992,5360,12200
Fraser River,1992,182,6/30/1992,5350,5700
Fraser River,1992,183,7/1/1992,5270,5800
Fraser River,1992,184,7/2/1992,5230,6300
Fraser River,1992,185,7/3/1992,5140,11500
Fraser River,1992,186,7/4/1992,4940,10300
Fraser River,1992,187,7/5/1992,4760,5200
Fraser River,1992,188,7/6/1992,4570,7600
Fraser River,1992,189,7/7/1992,4340,8600
Fraser River,1992,190,7/8/1992,4180,4000
Fraser River,1992,191,7/9/1992,4110,7500
Fraser River,1992,192,7/10/1992,4070,19700
Fraser River,1992,193,7/11/1992,4040,22700
Fraser River,1992,194,7/12/1992,3970,17900
Fraser River,1992,195,7/13/1992,3870,17354.08976
Fraser River,1992,196,7/14/1992,3790,24110.88402
Fraser River,1992,197,7/15/1992,3720,24770.38276
Fraser River,1992,198,7/16/1992,3700,25336.57666
Fraser River,1992,199,7/17/1992,3710,20309.53177
Fraser River,1992,200,7/18/1992,3690,16261.52711
Fraser River,1992,201,7/19/1992,3570,9203.672049
Fraser River,1992,202,7/20/1992,3420,11650.54984
Fraser River,1992,203,7/21/1992,3360,16866.77677
Fraser River,1992,204,7/22/1992,3350,18616.29299
Fraser River,1992,205,7/23/1992,3360,12982.93764
Fraser River,1992,206,7/24/1992,3340,9326.20945
Fraser River,1992,207,7/25/1992,3310,14149.64835
Fraser River,1992,208,7/26/1992,3300,16899.74744
Fraser River,1992,209,7/27/1992,3270,19427.53451
Fraser River,1992,210,7/28/1992,3210,27543.31069
Fraser River,1992,211,7/29/1992,3180,28704.22774
Fraser River,1992,212,7/30/1992,3140,38803.26018
Fraser River,1992,213,7/31/1992,3080,32168.19508
Fraser River,1992,214,8/1/1992,3020,17372.31788
Fraser River,1992,215,8/2/1992,2970,24663.31462
Fraser River,1992,216,8/3/1992,2960,67851.19879
Fraser River,1992,217,8/4/1992,2960,28600
Fraser River,1992,218,8/5/1992,2990,430.4643756
Fraser River,1992,219,8/6/1992,3010,38991.06281
Fraser River,1992,220,8/7/1992,3080,70957.2567
Fraser River,1992,221,8/8/1992,3070,112362.4014
Fraser River,1992,222,8/9/1992,3050,53758.88868
Fraser River,1992,223,8/10/1992,3030,23500
Fraser River,1992,224,8/11/1992,2990,39.21507925
Fraser River,1992,225,8/12/1992,2880,17536.80203
Fraser River,1992,226,8/13/1992,2720,60887.51118
Fraser River,1992,227,8/14/1992,2600,83336.80203
Fraser River,1992,228,8/15/1992,2510,60800.96756
Fraser River,1992,229,8/16/1992,2490,44855.44201
Fraser River,1992,230,8/17/1992,2560,24600
Fraser River,1992,231,8/18/1992,2630,32200
Fraser River,1992,232,8/19/1992,2650,38100
Fraser River,1992,233,8/20/1992,2590,81400
Fraser River,1992,234,8/21/1992,2470,78800
Fraser River,1992,235,8/22/1992,2420,59100
Fraser River,1992,236,8/23/1992,2370,49500
Fraser River,1992,237,8/24/1992,2260,48400
Fraser River,1992,238,8/25/1992,2130,28200
Fraser River,1992,239,8/26/1992,1990,28200
Fraser River,1992,240,8/27/1992,1860,25800
Fraser River,1992,241,8/28/1992,1770,26700
Fraser River,1992,242,8/29/1992,1710,33900
Fraser River,1992,243,8/30/1992,1680,21400
Fraser River,1992,244,8/31/1992,1720,25700
Fraser River,1992,245,9/1/1992,1720,16400
Fraser River,1992,246,9/2/1992,1660,12700
Fraser River,1992,247,9/3/1992,1580,4000
Fraser River,1992,248,9/4/1992,1540,2200
Fraser River,1992,249,9/5/1992,1590,1600
Fraser River,1992,250,9/6/1992,1630,8900
Fraser River,1992,251,9/7/1992,1630,7300
Fraser River,1992,252,9/8/1992,1580,5500
Fraser River,1992,253,9/9/1992,1530,6500
Fraser River,1992,254,9/10/1992,1460,7200
Fraser River,1992,255,9/11/1992,1450,3400
Fraser River,1992,256,9/12/1992,1510,1500
Fraser River,1992,257,9/13/1992,1610,800
Fraser River,1992,258,9/14/1992,1940,500
Fraser River,1992,259,9/15/1992,1850,200
Fraser River,1992,260,9/16/1992,1710,700
Fraser River,1992,261,9/17/1992,1580,2000
Fraser River,1992,262,9/18/1992,1480,1800
Fraser River,1992,263,9/19/1992,1390,1800
Fraser River,1992,264,9/20/1992,1370,1200
Fraser River,1992,265,9/21/1992,1360,7400
Fraser River,1992,266,9/22/1992,1520,6200
Fraser River,1992,267,9/23/1992,2300,6700
Fraser River,1992,268,9/24/1992,3100,5300
Fraser River,1992,269,9/25/1992,3120,2600
Fraser River,1992,270,9/26/1992,2950,4900
Fraser River,1992,271,9/27/1992,3090,3900
Fraser River,1992,272,9/28/1992,3280,2500
Fraser River,1992,273,9/29/1992,3230,1800
Fraser River,1992,274,9/30/1992,2980,1400
Fraser River,1993,121,5/1/1993,2950,NA
Fraser River,1993,122,5/2/1993,3050,NA
Fraser River,1993,123,5/3/1993,3020,NA
Fraser River,1993,124,5/4/1993,3020,NA
Fraser River,1993,125,5/5/1993,3080,NA
Fraser River,1993,126,5/6/1993,3140,NA
Fraser River,1993,127,5/7/1993,3130,NA
Fraser River,1993,128,5/8/1993,3190,NA
Fraser River,1993,129,5/9/1993,3410,NA
Fraser River,1993,130,5/10/1993,3830,NA
Fraser River,1993,131,5/11/1993,4280,NA
Fraser River,1993,132,5/12/1993,4600,NA
Fraser River,1993,133,5/13/1993,4970,NA
Fraser River,1993,134,5/14/1993,5330,NA
Fraser River,1993,135,5/15/1993,5980,NA
Fraser River,1993,136,5/16/1993,6960,NA
Fraser River,1993,137,5/17/1993,7810,NA
Fraser River,1993,138,5/18/1993,8310,NA
Fraser River,1993,139,5/19/1993,8500,NA
Fraser River,1993,140,5/20/1993,8460,NA
Fraser River,1993,141,5/21/1993,8140,NA
Fraser River,1993,142,5/22/1993,7860,NA
Fraser River,1993,143,5/23/1993,7680,NA
Fraser River,1993,144,5/24/1993,7560,NA
Fraser River,1993,145,5/25/1993,7380,NA
Fraser River,1993,146,5/26/1993,7040,NA
Fraser River,1993,147,5/27/1993,6670,NA
Fraser River,1993,148,5/28/1993,6400,NA
Fraser River,1993,149,5/29/1993,6330,NA
Fraser River,1993,150,5/30/1993,6190,NA
Fraser River,1993,151,5/31/1993,6040,NA
Fraser River,1993,152,6/1/1993,6030,NA
Fraser River,1993,153,6/2/1993,5930,NA
Fraser River,1993,154,6/3/1993,5890,NA
Fraser River,1993,155,6/4/1993,5870,NA
Fraser River,1993,156,6/5/1993,5870,NA
Fraser River,1993,157,6/6/1993,5840,NA
Fraser River,1993,158,6/7/1993,5730,NA
Fraser River,1993,159,6/8/1993,5540,NA
Fraser River,1993,160,6/9/1993,5340,NA
Fraser River,1993,161,6/10/1993,5240,NA
Fraser River,1993,162,6/11/1993,5050,NA
Fraser River,1993,163,6/12/1993,5040,NA
Fraser River,1993,164,6/13/1993,4910,NA
Fraser River,1993,165,6/14/1993,4800,NA
Fraser River,1993,166,6/15/1993,4770,NA
Fraser River,1993,167,6/16/1993,4700,NA
Fraser River,1993,168,6/17/1993,4600,NA
Fraser River,1993,169,6/18/1993,4550,NA
Fraser River,1993,170,6/19/1993,4500,NA
Fraser River,1993,171,6/20/1993,4400,NA
Fraser River,1993,172,6/21/1993,4380,NA
Fraser River,1993,173,6/22/1993,4320,NA
Fraser River,1993,174,6/23/1993,4300,NA
Fraser River,1993,175,6/24/1993,4240,400
Fraser River,1993,176,6/25/1993,4180,200
Fraser River,1993,177,6/26/1993,4240,500
Fraser River,1993,178,6/27/1993,4290,200
Fraser River,1993,179,6/28/1993,4230,2600
Fraser River,1993,180,6/29/1993,4290,NA
Fraser River,1993,181,6/30/1993,4840,1700
Fraser River,1993,182,7/1/1993,5190,4500
Fraser River,1993,183,7/2/1993,5100,8200
Fraser River,1993,184,7/3/1993,4800,13800
Fraser River,1993,185,7/4/1993,4540,15900
Fraser River,1993,186,7/5/1993,4310,7100
Fraser River,1993,187,7/6/1993,4160,15600
Fraser River,1993,188,7/7/1993,4050,25100
Fraser River,1993,189,7/8/1993,3900,32800
Fraser River,1993,190,7/9/1993,3770,32300
Fraser River,1993,191,7/10/1993,3590,31100
Fraser River,1993,192,7/11/1993,3550,24800
Fraser River,1993,193,7/12/1993,3610,33700
Fraser River,1993,194,7/13/1993,3610,49700
Fraser River,1993,195,7/14/1993,3560,44400
Fraser River,1993,196,7/15/1993,3460,49100
Fraser River,1993,197,7/16/1993,3350,69000
Fraser River,1993,198,7/17/1993,3270,57600
Fraser River,1993,199,7/18/1993,3230,48900
Fraser River,1993,200,7/19/1993,3200,19500
Fraser River,1993,201,7/20/1993,3170,7300
Fraser River,1993,202,7/21/1993,3180,30900
Fraser River,1993,203,7/22/1993,3170,10400
Fraser River,1993,204,7/23/1993,3170,4600
Fraser River,1993,205,7/24/1993,3180,14000
Fraser River,1993,206,7/25/1993,3200,4700
Fraser River,1993,207,7/26/1993,3210,3600
Fraser River,1993,208,7/27/1993,3220,13000
Fraser River,1993,209,7/28/1993,3240,13400
Fraser River,1993,210,7/29/1993,3270,20400
Fraser River,1993,211,7/30/1993,3270,15900
Fraser River,1993,212,7/31/1993,3220,21500
Fraser River,1993,213,8/1/1993,3260,13600
Fraser River,1993,214,8/2/1993,3380,5600
Fraser River,1993,215,8/3/1993,3570,14600
Fraser River,1993,216,8/4/1993,3460,46900
Fraser River,1993,217,8/5/1993,3270,100400
Fraser River,1993,218,8/6/1993,3120,133900
Fraser River,1993,219,8/7/1993,3070,98700
Fraser River,1993,220,8/8/1993,3050,82800
Fraser River,1993,221,8/9/1993,3090,72300
Fraser River,1993,222,8/10/1993,3130,34400
Fraser River,1993,223,8/11/1993,3100,21200
Fraser River,1993,224,8/12/1993,3040,86000
Fraser River,1993,225,8/13/1993,3010,185400
Fraser River,1993,226,8/14/1993,3000,151300
Fraser River,1993,227,8/15/1993,2930,106000
Fraser River,1993,228,8/16/1993,2840,28600
Fraser River,1993,229,8/17/1993,2690,16800
Fraser River,1993,230,8/18/1993,2650,22300
Fraser River,1993,231,8/19/1993,2600,27100
Fraser River,1993,232,8/20/1993,2520,130100
Fraser River,1993,233,8/21/1993,2500,118400
Fraser River,1993,234,8/22/1993,2510,145500
Fraser River,1993,235,8/23/1993,2540,146500
Fraser River,1993,236,8/24/1993,2620,165900
Fraser River,1993,237,8/25/1993,2680,133300
Fraser River,1993,238,8/26/1993,2700,81900
Fraser River,1993,239,8/27/1993,2850,157100
Fraser River,1993,240,8/28/1993,2800,264500
Fraser River,1993,241,8/29/1993,2730,427600
Fraser River,1993,242,8/30/1993,2650,259500
Fraser River,1993,243,8/31/1993,2590,196200
Fraser River,1993,244,9/1/1993,2500,208300
Fraser River,1993,245,9/2/1993,2400,281000
Fraser River,1993,246,9/3/1993,2300,127000
Fraser River,1993,247,9/4/1993,2200,128300
Fraser River,1993,248,9/5/1993,2150,113800
Fraser River,1993,249,9/6/1993,2100,79800
Fraser River,1993,250,9/7/1993,2080,24700
Fraser River,1993,251,9/8/1993,2070,NA
Fraser River,1993,252,9/9/1993,2050,14000
Fraser River,1993,253,9/10/1993,2000,37400
Fraser River,1993,254,9/11/1993,1960,20800
Fraser River,1993,255,9/12/1993,1900,11700
Fraser River,1993,256,9/13/1993,1880,20000
Fraser River,1993,257,9/14/1993,1850,11300
Fraser River,1993,258,9/15/1993,1820,18100
Fraser River,1993,259,9/16/1993,1760,14300
Fraser River,1993,260,9/17/1993,1700,13600
Fraser River,1993,261,9/18/1993,1620,11300
Fraser River,1993,262,9/19/1993,1580,NA
Fraser River,1993,263,9/20/1993,1560,NA
Fraser River,1993,264,9/21/1993,1510,37700
Fraser River,1993,265,9/22/1993,1460,15800
Fraser River,1993,266,9/23/1993,1420,4500
Fraser River,1993,267,9/24/1993,1370,8300
Fraser River,1993,268,9/25/1993,1330,4600
Fraser River,1993,269,9/26/1993,1300,2100
Fraser River,1993,270,9/27/1993,1270,3300
Fraser River,1993,271,9/28/1993,1250,1500
Fraser River,1993,272,9/29/1993,1260,NA
Fraser River,1993,273,9/30/1993,1280,800
Fraser River,1994,121,5/1/1994,5040,NA
Fraser River,1994,122,5/2/1994,4950,NA
Fraser River,1994,123,5/3/1994,5030,NA
Fraser River,1994,124,5/4/1994,5130,NA
Fraser River,1994,125,5/5/1994,5200,NA
Fraser River,1994,126,5/6/1994,5190,NA
Fraser River,1994,127,5/7/1994,5220,NA
Fraser River,1994,128,5/8/1994,5350,NA
Fraser River,1994,129,5/9/1994,5610,NA
Fraser River,1994,130,5/10/1994,5940,NA
Fraser River,1994,131,5/11/1994,6180,NA
Fraser River,1994,132,5/12/1994,6480,NA
Fraser River,1994,133,5/13/1994,6590,NA
Fraser River,1994,134,5/14/1994,6670,NA
Fraser River,1994,135,5/15/1994,6890,NA
Fraser River,1994,136,5/16/1994,7000,NA
Fraser River,1994,137,5/17/1994,6740,NA
Fraser River,1994,138,5/18/1994,6400,NA
Fraser River,1994,139,5/19/1994,6190,NA
Fraser River,1994,140,5/20/1994,6070,NA
Fraser River,1994,141,5/21/1994,5920,NA
Fraser River,1994,142,5/22/1994,5790,NA
Fraser River,1994,143,5/23/1994,5740,NA
Fraser River,1994,144,5/24/1994,5810,NA
Fraser River,1994,145,5/25/1994,5930,NA
Fraser River,1994,146,5/26/1994,6090,NA
Fraser River,1994,147,5/27/1994,6200,NA
Fraser River,1994,148,5/28/1994,6350,NA
Fraser River,1994,149,5/29/1994,6590,NA
Fraser River,1994,150,5/30/1994,6510,NA
Fraser River,1994,151,5/31/1994,6140,NA
Fraser River,1994,152,6/1/1994,5780,NA
Fraser River,1994,153,6/2/1994,5460,NA
Fraser River,1994,154,6/3/1994,5240,NA
Fraser River,1994,155,6/4/1994,5180,NA
Fraser River,1994,156,6/5/1994,5210,NA
Fraser River,1994,157,6/6/1994,5300,NA
Fraser River,1994,158,6/7/1994,5530,NA
Fraser River,1994,159,6/8/1994,5800,NA
Fraser River,1994,160,6/9/1994,6170,NA
Fraser River,1994,161,6/10/1994,6480,NA
Fraser River,1994,162,6/11/1994,6640,NA
Fraser River,1994,163,6/12/1994,6640,NA
Fraser River,1994,164,6/13/1994,6570,NA
Fraser River,1994,165,6/14/1994,6410,NA
Fraser River,1994,166,6/15/1994,6510,NA
Fraser River,1994,167,6/16/1994,6740,NA
Fraser River,1994,168,6/17/1994,6800,NA
Fraser River,1994,169,6/18/1994,6550,NA
Fraser River,1994,170,6/19/1994,6100,NA
Fraser River,1994,171,6/20/1994,5770,NA
Fraser River,1994,172,6/21/1994,5630,NA
Fraser River,1994,173,6/22/1994,5570,NA
Fraser River,1994,174,6/23/1994,5520,NA
Fraser River,1994,175,6/24/1994,5620,500
Fraser River,1994,176,6/25/1994,5690,1300
Fraser River,1994,177,6/26/1994,5780,200
Fraser River,1994,178,6/27/1994,5910,400
Fraser River,1994,179,6/28/1994,6010,1100
Fraser River,1994,180,6/29/1994,6080,2800
Fraser River,1994,181,6/30/1994,6040,8800
Fraser River,1994,182,7/1/1994,5890,1900
Fraser River,1994,183,7/2/1994,5820,2400
Fraser River,1994,184,7/3/1994,5830,2800
Fraser River,1994,185,7/4/1994,6070,8400
Fraser River,1994,186,7/5/1994,6560,3700
Fraser River,1994,187,7/6/1994,6900,6200
Fraser River,1994,188,7/7/1994,6960,6100
Fraser River,1994,189,7/8/1994,6690,7400
Fraser River,1994,190,7/9/1994,6180,5500
Fraser River,1994,191,7/10/1994,5780,12300
Fraser River,1994,192,7/11/1994,5570,23800
Fraser River,1994,193,7/12/1994,5390,13449.12388
Fraser River,1994,194,7/13/1994,5170,17563.66648
Fraser River,1994,195,7/14/1994,4970,9600
Fraser River,1994,196,7/15/1994,4840,20200
Fraser River,1994,197,7/16/1994,4690,17891.75563
Fraser River,1994,198,7/17/1994,4560,12433.78847
Fraser River,1994,199,7/18/1994,4520,15764.43928
Fraser River,1994,200,7/19/1994,4510,9133.593968
Fraser River,1994,201,7/20/1994,4550,10755.14061
Fraser River,1994,202,7/21/1994,4720,10223.09014
Fraser River,1994,203,7/22/1994,4850,12260.31319
Fraser River,1994,204,7/23/1994,4760,9293.125745
Fraser River,1994,205,7/24/1994,4650,7769.564186
Fraser River,1994,206,7/25/1994,4590,6611.075308
Fraser River,1994,207,7/26/1994,4550,10253.34462
Fraser River,1994,208,7/27/1994,4430,11668.59109
Fraser River,1994,209,7/28/1994,4340,21366.29446
Fraser River,1994,210,7/29/1994,4320,30661.48341
Fraser River,1994,211,7/30/1994,4380,41411.18799
Fraser River,1994,212,7/31/1994,4270,25424.72871
Fraser River,1994,213,8/1/1994,4060,54726.25639
Fraser River,1994,214,8/2/1994,3890,99302.31345
Fraser River,1994,215,8/3/1994,3760,153962.4494
Fraser River,1994,216,8/4/1994,3660,162988.103
Fraser River,1994,217,8/5/1994,3570,195195.9077
Fraser River,1994,218,8/6/1994,3530,219401.846
Fraser River,1994,219,8/7/1994,3530,108888.8169
Fraser River,1994,220,8/8/1994,3530,21400
Fraser River,1994,221,8/9/1994,3490,10600
Fraser River,1994,222,8/10/1994,3370,7000
Fraser River,1994,223,8/11/1994,3240,22800
Fraser River,1994,224,8/12/1994,3100,86800
Fraser River,1994,225,8/13/1994,2960,315200
Fraser River,1994,226,8/14/1994,2840,202600
Fraser River,1994,227,8/15/1994,2740,163600
Fraser River,1994,228,8/16/1994,2670,101200
Fraser River,1994,229,8/17/1994,2660,28100
Fraser River,1994,230,8/18/1994,2670,87200
Fraser River,1994,231,8/19/1994,2670,119700
Fraser River,1994,232,8/20/1994,2630,35300
Fraser River,1994,233,8/21/1994,2560,8400
Fraser River,1994,234,8/22/1994,2500,22000
Fraser River,1994,235,8/23/1994,2460,72400
Fraser River,1994,236,8/24/1994,2440,26700
Fraser River,1994,237,8/25/1994,2420,9200
Fraser River,1994,238,8/26/1994,2430,16900
Fraser River,1994,239,8/27/1994,2340,99100
Fraser River,1994,240,8/28/1994,2210,36000
Fraser River,1994,241,8/29/1994,2060,33800
Fraser River,1994,242,8/30/1994,1940,86700
Fraser River,1994,243,8/31/1994,1850,24500
Fraser River,1994,244,9/1/1994,1790,3800
Fraser River,1994,245,9/2/1994,1760,32700
Fraser River,1994,246,9/3/1994,1740,28800
Fraser River,1994,247,9/4/1994,1750,37300
Fraser River,1994,248,9/5/1994,1770,21000
Fraser River,1994,249,9/6/1994,1770,19500
Fraser River,1994,250,9/7/1994,1750,16800
Fraser River,1994,251,9/8/1994,1700,14800
Fraser River,1994,252,9/9/1994,1660,19400
Fraser River,1994,253,9/10/1994,1620,13100
Fraser River,1994,254,9/11/1994,1610,4800
Fraser River,1994,255,9/12/1994,1620,5600
Fraser River,1994,256,9/13/1994,1610,2300
Fraser River,1994,257,9/14/1994,1580,3500
Fraser River,1994,258,9/15/1994,1570,7400
Fraser River,1994,259,9/16/1994,1510,12400
Fraser River,1994,260,9/17/1994,1490,7800
Fraser River,1994,261,9/18/1994,1560,4200
Fraser River,1994,262,9/19/1994,1560,10900
Fraser River,1994,263,9/20/1994,1520,16100
Fraser River,1994,264,9/21/1994,1540,54300
Fraser River,1994,265,9/22/1994,1510,54400
Fraser River,1994,266,9/23/1994,1500,95000
Fraser River,1994,267,9/24/1994,1480,109900
Fraser River,1994,268,9/25/1994,1440,58900
Fraser River,1994,269,9/26/1994,1410,21300
Fraser River,1994,270,9/27/1994,1390,96300
Fraser River,1994,271,9/28/1994,1390,40000
Fraser River,1994,272,9/29/1994,1400,24000
Fraser River,1994,273,9/30/1994,1390,36700
Fraser River,1995,121,5/1/1995,2760,NA
Fraser River,1995,122,5/2/1995,2880,NA
Fraser River,1995,123,5/3/1995,2900,NA
Fraser River,1995,124,5/4/1995,2850,NA
Fraser River,1995,125,5/5/1995,2850,NA
Fraser River,1995,126,5/6/1995,2980,NA
Fraser River,1995,127,5/7/1995,3120,NA
Fraser River,1995,128,5/8/1995,3190,NA
Fraser River,1995,129,5/9/1995,3320,NA
Fraser River,1995,130,5/10/1995,3560,NA
Fraser River,1995,131,5/11/1995,3700,NA
Fraser River,1995,132,5/12/1995,3810,NA
Fraser River,1995,133,5/13/1995,4040,NA
Fraser River,1995,134,5/14/1995,4530,NA
Fraser River,1995,135,5/15/1995,4990,NA
Fraser River,1995,136,5/16/1995,5430,NA
Fraser River,1995,137,5/17/1995,5740,NA
Fraser River,1995,138,5/18/1995,6020,NA
Fraser River,1995,139,5/19/1995,6120,NA
Fraser River,1995,140,5/20/1995,6050,NA
Fraser River,1995,141,5/21/1995,5780,NA
Fraser River,1995,142,5/22/1995,5430,NA
Fraser River,1995,143,5/23/1995,5100,NA
Fraser River,1995,144,5/24/1995,4870,NA
Fraser River,1995,145,5/25/1995,4780,NA
Fraser River,1995,146,5/26/1995,4760,NA
Fraser River,1995,147,5/27/1995,4850,NA
Fraser River,1995,148,5/28/1995,5060,NA
Fraser River,1995,149,5/29/1995,5270,NA
Fraser River,1995,150,5/30/1995,5460,NA
Fraser River,1995,151,5/31/1995,5720,NA
Fraser River,1995,152,6/1/1995,6040,NA
Fraser River,1995,153,6/2/1995,6440,NA
Fraser River,1995,154,6/3/1995,6680,NA
Fraser River,1995,155,6/4/1995,6660,NA
Fraser River,1995,156,6/5/1995,6570,NA
Fraser River,1995,157,6/6/1995,6460,NA
Fraser River,1995,158,6/7/1995,6450,NA
Fraser River,1995,159,6/8/1995,6650,NA
Fraser River,1995,160,6/9/1995,6840,NA
Fraser River,1995,161,6/10/1995,6780,NA
Fraser River,1995,162,6/11/1995,6620,NA
Fraser River,1995,163,6/12/1995,6460,NA
Fraser River,1995,164,6/13/1995,6290,NA
Fraser River,1995,165,6/14/1995,6160,NA
Fraser River,1995,166,6/15/1995,5990,NA
Fraser River,1995,167,6/16/1995,5800,NA
Fraser River,1995,168,6/17/1995,5590,NA
Fraser River,1995,169,6/18/1995,5340,NA
Fraser River,1995,170,6/19/1995,5080,NA
Fraser River,1995,171,6/20/1995,4980,NA
Fraser River,1995,172,6/21/1995,5050,NA
Fraser River,1995,173,6/22/1995,5180,500
Fraser River,1995,174,6/23/1995,5350,800
Fraser River,1995,175,6/24/1995,5480,100
Fraser River,1995,176,6/25/1995,5510,1100
Fraser River,1995,177,6/26/1995,5450,900
Fraser River,1995,178,6/27/1995,5320,1800
Fraser River,1995,179,6/28/1995,5250,1300
Fraser River,1995,180,6/29/1995,5110,4200
Fraser River,1995,181,6/30/1995,4880,4100
Fraser River,1995,182,7/1/1995,4690,500
Fraser River,1995,183,7/2/1995,4560,2700
Fraser River,1995,184,7/3/1995,4510,2500
Fraser River,1995,185,7/4/1995,4480,10900
Fraser River,1995,186,7/5/1995,4530,21300
Fraser River,1995,187,7/6/1995,4570,22700
Fraser River,1995,188,7/7/1995,4480,13800
Fraser River,1995,189,7/8/1995,4360,10900
Fraser River,1995,190,7/9/1995,4300,16500
Fraser River,1995,191,7/10/1995,4250,15600
Fraser River,1995,192,7/11/1995,4160,10000
Fraser River,1995,193,7/12/1995,4050,15100
Fraser River,1995,194,7/13/1995,4030,7200
Fraser River,1995,195,7/14/1995,4090,2781.474545
Fraser River,1995,196,7/15/1995,4070,1751.506896
Fraser River,1995,197,7/16/1995,3910,1900
Fraser River,1995,198,7/17/1995,3740,3100
Fraser River,1995,199,7/18/1995,3640,3500
Fraser River,1995,200,7/19/1995,3560,6295.52188
Fraser River,1995,201,7/20/1995,3470,8349.106079
Fraser River,1995,202,7/21/1995,3430,6700
Fraser River,1995,203,7/22/1995,3380,13000
Fraser River,1995,204,7/23/1995,3360,19662.0126
Fraser River,1995,205,7/24/1995,3360,17241.40984
Fraser River,1995,206,7/25/1995,3370,33757.00664
Fraser River,1995,207,7/26/1995,3500,18145.36012
Fraser River,1995,208,7/27/1995,3560,27496.5435
Fraser River,1995,209,7/28/1995,3750,15537.13605
Fraser River,1995,210,7/29/1995,4280,25893.32539
Fraser River,1995,211,7/30/1995,4730,42850.85987
Fraser River,1995,212,7/31/1995,4610,42455.74664
Fraser River,1995,213,8/1/1995,4380,28201.95811
Fraser River,1995,214,8/2/1995,4160,30305.09109
Fraser River,1995,215,8/3/1995,4120,46918.40627
Fraser River,1995,216,8/4/1995,4100,77557.53448
Fraser River,1995,217,8/5/1995,4000,75900
Fraser River,1995,218,8/6/1995,3910,55000
Fraser River,1995,219,8/7/1995,3910,72300
Fraser River,1995,220,8/8/1995,3970,58700
Fraser River,1995,221,8/9/1995,3980,58600
Fraser River,1995,222,8/10/1995,3900,59000
Fraser River,1995,223,8/11/1995,3770,48600
Fraser River,1995,224,8/12/1995,3660,107000
Fraser River,1995,225,8/13/1995,3520,149100
Fraser River,1995,226,8/14/1995,3450,104000
Fraser River,1995,227,8/15/1995,3480,74800
Fraser River,1995,228,8/16/1995,3480,95500
Fraser River,1995,229,8/17/1995,3520,37700
Fraser River,1995,230,8/18/1995,3710,7300
Fraser River,1995,231,8/19/1995,3650,9300
Fraser River,1995,232,8/20/1995,3480,29100
Fraser River,1995,233,8/21/1995,3300,27200
Fraser River,1995,234,8/22/1995,3220,61800
Fraser River,1995,235,8/23/1995,3180,29200
Fraser River,1995,236,8/24/1995,3080,7900
Fraser River,1995,237,8/25/1995,2980,7600
Fraser River,1995,238,8/26/1995,2950,11000
Fraser River,1995,239,8/27/1995,2890,8200
Fraser River,1995,240,8/28/1995,2840,2100
Fraser River,1995,241,8/29/1995,2800,5100
Fraser River,1995,242,8/30/1995,2680,24500
Fraser River,1995,243,8/31/1995,2540,20700
Fraser River,1995,244,9/1/1995,2450,16600
Fraser River,1995,245,9/2/1995,2380,15800
Fraser River,1995,246,9/3/1995,2310,3800
Fraser River,1995,247,9/4/1995,2230,8600
Fraser River,1995,248,9/5/1995,2150,5800
Fraser River,1995,249,9/6/1995,2120,6100
Fraser River,1995,250,9/7/1995,2120,8500
Fraser River,1995,251,9/8/1995,2120,13000
Fraser River,1995,252,9/9/1995,2140,10200
Fraser River,1995,253,9/10/1995,2140,10400
Fraser River,1995,254,9/11/1995,2120,13200
Fraser River,1995,255,9/12/1995,2100,31900
Fraser River,1995,256,9/13/1995,2060,43300
Fraser River,1995,257,9/14/1995,2020,36900
Fraser River,1995,258,9/15/1995,1990,26300
Fraser River,1995,259,9/16/1995,1950,12300
Fraser River,1995,260,9/17/1995,1890,8700
Fraser River,1995,261,9/18/1995,1830,6900
Fraser River,1995,262,9/19/1995,1760,10800
Fraser River,1995,263,9/20/1995,1710,47900
Fraser River,1995,264,9/21/1995,1650,44900
Fraser River,1995,265,9/22/1995,1590,55800
Fraser River,1995,266,9/23/1995,1540,34800
Fraser River,1995,267,9/24/1995,1480,17000
Fraser River,1995,268,9/25/1995,1430,7600
Fraser River,1995,269,9/26/1995,1380,10700
Fraser River,1995,270,9/27/1995,1340,12400
Fraser River,1995,271,9/28/1995,1340,1700
Fraser River,1995,272,9/29/1995,1340,2200
Fraser River,1995,273,9/30/1995,1350,1500
Fraser River,1996,122,5/1/1996,3920,NA
Fraser River,1996,123,5/2/1996,3730,NA
Fraser River,1996,124,5/3/1996,3630,NA
Fraser River,1996,125,5/4/1996,3480,NA
Fraser River,1996,126,5/5/1996,3340,NA
Fraser River,1996,127,5/6/1996,3260,NA
Fraser River,1996,128,5/7/1996,3200,NA
Fraser River,1996,129,5/8/1996,3140,NA
Fraser River,1996,130,5/9/1996,3120,NA
Fraser River,1996,131,5/10/1996,3050,NA
Fraser River,1996,132,5/11/1996,2950,NA
Fraser River,1996,133,5/12/1996,2850,NA
Fraser River,1996,134,5/13/1996,2790,NA
Fraser River,1996,135,5/14/1996,2860,NA
Fraser River,1996,136,5/15/1996,2930,NA
Fraser River,1996,137,5/16/1996,3080,NA
Fraser River,1996,138,5/17/1996,3380,NA
Fraser River,1996,139,5/18/1996,3850,NA
Fraser River,1996,140,5/19/1996,4190,NA
Fraser River,1996,141,5/20/1996,4360,NA
Fraser River,1996,142,5/21/1996,4510,NA
Fraser River,1996,143,5/22/1996,4710,NA
Fraser River,1996,144,5/23/1996,4910,NA
Fraser River,1996,145,5/24/1996,4990,NA
Fraser River,1996,146,5/25/1996,5100,NA
Fraser River,1996,147,5/26/1996,5320,NA
Fraser River,1996,148,5/27/1996,5560,NA
Fraser River,1996,149,5/28/1996,5780,NA
Fraser River,1996,150,5/29/1996,6040,NA
Fraser River,1996,151,5/30/1996,6160,NA
Fraser River,1996,152,5/31/1996,6010,NA
Fraser River,1996,153,6/1/1996,5790,NA
Fraser River,1996,154,6/2/1996,5720,NA
Fraser River,1996,155,6/3/1996,5890,NA
Fraser River,1996,156,6/4/1996,6340,NA
Fraser River,1996,157,6/5/1996,6680,NA
Fraser River,1996,158,6/6/1996,7000,NA
Fraser River,1996,159,6/7/1996,7510,NA
Fraser River,1996,160,6/8/1996,8050,NA
Fraser River,1996,161,6/9/1996,8100,NA
Fraser River,1996,162,6/10/1996,7900,NA
Fraser River,1996,163,6/11/1996,7830,NA
Fraser River,1996,164,6/12/1996,7720,NA
Fraser River,1996,165,6/13/1996,7520,NA
Fraser River,1996,166,6/14/1996,7340,NA
Fraser River,1996,167,6/15/1996,7150,NA
Fraser River,1996,168,6/16/1996,6840,NA
Fraser River,1996,169,6/17/1996,6600,NA
Fraser River,1996,170,6/18/1996,6540,NA
Fraser River,1996,171,6/19/1996,6490,NA
Fraser River,1996,172,6/20/1996,6450,NA
Fraser River,1996,173,6/21/1996,6350,NA
Fraser River,1996,174,6/22/1996,6190,NA
Fraser River,1996,175,6/23/1996,6060,NA
Fraser River,1996,176,6/24/1996,6030,200
Fraser River,1996,177,6/25/1996,6060,400
Fraser River,1996,178,6/26/1996,6200,200
Fraser River,1996,179,6/27/1996,6410,300
Fraser River,1996,180,6/28/1996,6550,300
Fraser River,1996,181,6/29/1996,6580,400
Fraser River,1996,182,6/30/1996,6610,200
Fraser River,1996,183,7/1/1996,6710,2200
Fraser River,1996,184,7/2/1996,6820,1500
Fraser River,1996,185,7/3/1996,6780,1900
Fraser River,1996,186,7/4/1996,6810,1800
Fraser River,1996,187,7/5/1996,6780,2100
Fraser River,1996,188,7/6/1996,6810,1200
Fraser River,1996,189,7/7/1996,7090,5703
Fraser River,1996,190,7/8/1996,7420,9907
Fraser River,1996,191,7/9/1996,7540,6006
Fraser River,1996,192,7/10/1996,7190,8412
Fraser River,1996,193,7/11/1996,6800,8518
Fraser River,1996,194,7/12/1996,6700,26678
Fraser River,1996,195,7/13/1996,6760,20792
Fraser River,1996,196,7/14/1996,6690,10249
Fraser River,1996,197,7/15/1996,6520,14088
Fraser River,1996,198,7/16/1996,6410,20315
Fraser River,1996,199,7/17/1996,6320,13310
Fraser River,1996,200,7/18/1996,6260,10347
Fraser River,1996,201,7/19/1996,6130,7711
Fraser River,1996,202,7/20/1996,5980,15636
Fraser River,1996,203,7/21/1996,5890,9333
Fraser River,1996,204,7/22/1996,5980,3924
Fraser River,1996,205,7/23/1996,6380,8275
Fraser River,1996,206,7/24/1996,6550,30782
Fraser River,1996,207,7/25/1996,6250,20507
Fraser River,1996,208,7/26/1996,5870,20588
Fraser River,1996,209,7/27/1996,5610,17538
Fraser River,1996,210,7/28/1996,5450,20144
Fraser River,1996,211,7/29/1996,5370,27308
Fraser River,1996,212,7/30/1996,5310,61606
Fraser River,1996,213,7/31/1996,5220,103156
Fraser River,1996,214,8/1/1996,5120,87436
Fraser River,1996,215,8/2/1996,5060,48342
Fraser River,1996,216,8/3/1996,5020,102801
Fraser River,1996,217,8/4/1996,4880,81630
Fraser River,1996,218,8/5/1996,4760,54966
Fraser River,1996,219,8/6/1996,4490,56622
Fraser River,1996,220,8/7/1996,4360,40698
Fraser River,1996,221,8/8/1996,4260,4747
Fraser River,1996,222,8/9/1996,4180,71538
Fraser River,1996,223,8/10/1996,4030,160534
Fraser River,1996,224,8/11/1996,3850,185518
Fraser River,1996,225,8/12/1996,3730,190600
Fraser River,1996,226,8/13/1996,3660,144200
Fraser River,1996,227,8/14/1996,3640,36700
Fraser River,1996,228,8/15/1996,3670,49600
Fraser River,1996,229,8/16/1996,3690,37200
Fraser River,1996,230,8/17/1996,3660,59600
Fraser River,1996,231,8/18/1996,3570,75500
Fraser River,1996,232,8/19/1996,3510,59500
Fraser River,1996,233,8/20/1996,3510,56500
Fraser River,1996,234,8/21/1996,3520,33300
Fraser River,1996,235,8/22/1996,3470,16000
Fraser River,1996,236,8/23/1996,3430,8800
Fraser River,1996,237,8/24/1996,3370,6200
Fraser River,1996,238,8/25/1996,3240,14900
Fraser River,1996,239,8/26/1996,3060,13600
Fraser River,1996,240,8/27/1996,2950,14500
Fraser River,1996,241,8/28/1996,2890,6600
Fraser River,1996,242,8/29/1996,2860,13600
Fraser River,1996,243,8/30/1996,2850,10400
Fraser River,1996,244,8/31/1996,2850,7500
Fraser River,1996,245,9/1/1996,2860,31300
Fraser River,1996,246,9/2/1996,2860,22100
Fraser River,1996,247,9/3/1996,2880,19200
Fraser River,1996,248,9/4/1996,2900,32500
Fraser River,1996,249,9/5/1996,3000,38800
Fraser River,1996,250,9/6/1996,2870,56700
Fraser River,1996,251,9/7/1996,2810,26800
Fraser River,1996,252,9/8/1996,2750,23600
Fraser River,1996,253,9/9/1996,2700,33800
Fraser River,1996,254,9/10/1996,2790,38700
Fraser River,1996,255,9/11/1996,2890,23700
Fraser River,1996,256,9/12/1996,2980,13400
Fraser River,1996,257,9/13/1996,3080,5700
Fraser River,1996,258,9/14/1996,2980,12200
Fraser River,1996,259,9/15/1996,2870,12000
Fraser River,1996,260,9/16/1996,2760,12000
Fraser River,1996,261,9/17/1996,2650,8800
Fraser River,1996,262,9/18/1996,2640,6500
Fraser River,1996,263,9/19/1996,2670,6600
Fraser River,1996,264,9/20/1996,2700,8300
Fraser River,1996,265,9/21/1996,2600,5100
Fraser River,1996,266,9/22/1996,2490,8300
Fraser River,1996,267,9/23/1996,2390,3700
Fraser River,1996,268,9/24/1996,2280,NA
Fraser River,1996,269,9/25/1996,2180,NA
Fraser River,1996,270,9/26/1996,2100,NA
Fraser River,1996,271,9/27/1996,2010,NA
Fraser River,1996,272,9/28/1996,1940,NA
Fraser River,1996,273,9/29/1996,1870,NA
Fraser River,1996,274,9/30/1996,1830,NA
Fraser River,1997,121,5/1/1997,6130,NA
Fraser River,1997,122,5/2/1997,6130,NA
Fraser River,1997,123,5/3/1997,6020,NA
Fraser River,1997,124,5/4/1997,5860,NA
Fraser River,1997,125,5/5/1997,5710,NA
Fraser River,1997,126,5/6/1997,5690,NA
Fraser River,1997,127,5/7/1997,5710,NA
Fraser River,1997,128,5/8/1997,5730,NA
Fraser River,1997,129,5/9/1997,5780,NA
Fraser River,1997,130,5/10/1997,5930,NA
Fraser River,1997,131,5/11/1997,6090,NA
Fraser River,1997,132,5/12/1997,6320,NA
Fraser River,1997,133,5/13/1997,6660,NA
Fraser River,1997,134,5/14/1997,7040,NA
Fraser River,1997,135,5/15/1997,7540,NA
Fraser River,1997,136,5/16/1997,8290,NA
Fraser River,1997,137,5/17/1997,9310,NA
Fraser River,1997,138,5/18/1997,9620,NA
Fraser River,1997,139,5/19/1997,9920,NA
Fraser River,1997,140,5/20/1997,10000,NA
Fraser River,1997,141,5/21/1997,9690,NA
Fraser River,1997,142,5/22/1997,9170,NA
Fraser River,1997,143,5/23/1997,8510,NA
Fraser River,1997,144,5/24/1997,7960,NA
Fraser River,1997,145,5/25/1997,7550,NA
Fraser River,1997,146,5/26/1997,7350,NA
Fraser River,1997,147,5/27/1997,7290,NA
Fraser River,1997,148,5/28/1997,7390,NA
Fraser River,1997,149,5/29/1997,7790,NA
Fraser River,1997,150,5/30/1997,8050,NA
Fraser River,1997,151,5/31/1997,9770,NA
Fraser River,1997,152,6/1/1997,9990,NA
Fraser River,1997,153,6/2/1997,10300,NA
Fraser River,1997,154,6/3/1997,10700,NA
Fraser River,1997,155,6/4/1997,11200,NA
Fraser River,1997,156,6/5/1997,11300,NA
Fraser River,1997,157,6/6/1997,11000,NA
Fraser River,1997,158,6/7/1997,10600,NA
Fraser River,1997,159,6/8/1997,10400,NA
Fraser River,1997,160,6/9/1997,10200,NA
Fraser River,1997,161,6/10/1997,9980,NA
Fraser River,1997,162,6/11/1997,9760,NA
Fraser River,1997,163,6/12/1997,9470,NA
Fraser River,1997,164,6/13/1997,9240,NA
Fraser River,1997,165,6/14/1997,9290,NA
Fraser River,1997,166,6/15/1997,9610,NA
Fraser River,1997,167,6/16/1997,9800,NA
Fraser River,1997,168,6/17/1997,9880,NA
Fraser River,1997,169,6/18/1997,10000,NA
Fraser River,1997,170,6/19/1997,9840,NA
Fraser River,1997,171,6/20/1997,9690,NA
Fraser River,1997,172,6/21/1997,9640,NA
Fraser River,1997,173,6/22/1997,9610,200.0864691
Fraser River,1997,174,6/23/1997,9380,0.136046866
Fraser River,1997,175,6/24/1997,8960,0.211602611
Fraser River,1997,176,6/25/1997,8370,400.3254305
Fraser River,1997,177,6/26/1997,8180,600.4950172
Fraser River,1997,178,6/27/1997,7980,2400.744987
Fraser River,1997,179,6/28/1997,7800,4501.109702
Fraser River,1997,180,6/29/1997,7700,5401.63673
Fraser River,1997,181,6/30/1997,7580,14102.39145
Fraser River,1997,182,7/1/1997,7350,10103.46315
Fraser River,1997,183,7/2/1997,7100,11104.97303
Fraser River,1997,184,7/3/1997,6910,14007.08465
Fraser River,1997,185,7/4/1997,6790,21110.01719
Fraser River,1997,186,7/5/1997,6780,38214.06214
Fraser River,1997,187,7/6/1997,6800,17519.60334
Fraser River,1997,188,7/7/1997,6740,18127.14017
Fraser River,1997,189,7/8/1997,6760,39337.31271
Fraser River,1997,190,7/9/1997,7210,41350.92649
Fraser River,1997,191,7/10/1997,7320,23068.97309
Fraser River,1997,192,7/11/1997,7340,21892.64121
Fraser River,1997,193,7/12/1997,7460,53223.31112
Fraser River,1997,194,7/13/1997,7740,44162.52469
Fraser River,1997,195,7/14/1997,7900,57411.92269
Fraser River,1997,196,7/15/1997,8430,55873.14314
Fraser River,1997,197,7/16/1997,9230,42547.67743
Fraser River,1997,198,7/17/1997,9220,79036.68702
Fraser River,1997,199,7/18/1997,8810,66940.79051
Fraser River,1997,200,7/19/1997,8290,98959.83965
Fraser River,1997,201,7/20/1997,7880,54592.71049
Fraser River,1997,202,7/21/1997,7470,94037.14202
Fraser River,1997,203,7/22/1997,7110,106989.6561
Fraser River,1997,204,7/23/1997,6840,71345.58888
Fraser River,1997,205,7/24/1997,6710,17699.25414
Fraser River,1997,206,7/25/1997,6770,66444.2429
Fraser River,1997,207,7/26/1997,6970,57373.8448
Fraser River,1997,208,7/27/1997,6990,46081.55628
Fraser River,1997,209,7/28/1997,6870,46461.62331
Fraser River,1997,210,7/29/1997,6600,46709.55584
Fraser River,1997,211,7/30/1997,6250,46522.54961
Fraser River,1997,212,7/31/1997,5920,84299.75983
Fraser River,1997,213,8/1/1997,5710,86042.3893
Fraser River,1997,214,8/2/1997,5600,84253.57858
Fraser River,1997,215,8/3/1997,5600,69538.11239
Fraser River,1997,216,8/4/1997,5660,43201.98148
Fraser River,1997,217,8/5/1997,5610,21251.85642
Fraser River,1997,218,8/6/1997,5410,18794.53875
Fraser River,1997,219,8/7/1997,5230,63736.4524
Fraser River,1997,220,8/8/1997,5130,81883.22727
Fraser River,1997,221,8/9/1997,5080,81239.40908
Fraser River,1997,222,8/10/1997,5080,35308.30903
Fraser River,1997,223,8/11/1997,5090,45891.98732
Fraser River,1997,224,8/12/1997,5060,36391.34875
Fraser River,1997,225,8/13/1997,4850,76606.31896
Fraser River,1997,226,8/14/1997,4580,156836.0663
Fraser River,1997,227,8/15/1997,4420,159679.2363
Fraser River,1997,228,8/16/1997,4320,135234.1722
Fraser River,1997,229,8/17/1997,4270,78599.10244
Fraser River,1997,230,8/18/1997,4240,69072.28634
Fraser River,1997,231,8/19/1997,4170,45252.11452
Fraser River,1997,232,8/20/1997,4050,100937.1688
Fraser River,1997,233,8/21/1997,3870,298426.2478
Fraser River,1997,234,8/22/1997,3720,466218.368
Fraser River,1997,235,8/23/1997,3610,446612.7467
Fraser River,1997,236,8/24/1997,3530,314408.7775
Fraser River,1997,237,8/25/1997,3490,251506.0004
Fraser River,1997,238,8/26/1997,3500,104704.0732
Fraser River,1997,239,8/27/1997,3500,88202.74603
Fraser River,1997,240,8/28/1997,3490,40801.83843
Fraser River,1997,241,8/29/1997,3400,39601.22201
Fraser River,1997,242,8/30/1997,3280,63200.8062
Fraser River,1997,243,8/31/1997,3220,44800.52768
Fraser River,1997,244,9/1/1997,3200,54900.34249
Fraser River,1997,245,9/2/1997,3130,38400.22033
Fraser River,1997,246,9/3/1997,3000,38100.14042
Fraser River,1997,247,9/4/1997,2840,29600.08861
Fraser River,1997,248,9/5/1997,2720,18300.05535
Fraser River,1997,249,9/6/1997,2660,30800.03421
Fraser River,1997,250,9/7/1997,2630,43500.02091
Fraser River,1997,251,9/8/1997,2630,50300.01264
Fraser River,1997,252,9/9/1997,2620,32100.00755
Fraser River,1997,253,9/10/1997,2600,10700.00446
Fraser River,1997,254,9/11/1997,2570,10000.0026
Fraser River,1997,255,9/12/1997,2490,24100.0015
Fraser River,1997,256,9/13/1997,2360,10000.00086
Fraser River,1997,257,9/14/1997,2290,56400.00048
Fraser River,1997,258,9/15/1997,2280,30100.00027
Fraser River,1997,259,9/16/1997,2300,23000.00015
Fraser River,1997,260,9/17/1997,2300,29700.00008
Fraser River,1997,261,9/18/1997,2330,25600.00004
Fraser River,1997,262,9/19/1997,2340,11900.00002
Fraser River,1997,263,9/20/1997,2360,24900.00001
Fraser River,1997,264,9/21/1997,2410,18900.00001
Fraser River,1997,265,9/22/1997,2410,13000
Fraser River,1997,266,9/23/1997,2360,10800
Fraser River,1997,267,9/24/1997,2290,11900
Fraser River,1997,268,9/25/1997,2230,12200
Fraser River,1997,269,9/26/1997,2190,5500
Fraser River,1997,270,9/27/1997,2260,2000
Fraser River,1997,271,9/28/1997,2280,2400
Fraser River,1997,272,9/29/1997,2250,1.99E-08
Fraser River,1997,273,9/30/1997,2250,9.20E-09
Fraser River,1998,121,5/1/1998,3710,NA
Fraser River,1998,122,5/2/1998,4100,NA
Fraser River,1998,123,5/3/1998,4490,NA
Fraser River,1998,124,5/4/1998,4830,NA
Fraser River,1998,125,5/5/1998,5180,NA
Fraser River,1998,126,5/6/1998,5590,NA
Fraser River,1998,127,5/7/1998,5900,NA
Fraser River,1998,128,5/8/1998,6000,NA
Fraser River,1998,129,5/9/1998,6000,NA
Fraser River,1998,130,5/10/1998,5970,NA
Fraser River,1998,131,5/11/1998,5960,NA
Fraser River,1998,132,5/12/1998,5960,NA
Fraser River,1998,133,5/13/1998,5950,NA
Fraser River,1998,134,5/14/1998,5930,NA
Fraser River,1998,135,5/15/1998,5910,NA
Fraser River,1998,136,5/16/1998,5930,NA
Fraser River,1998,137,5/17/1998,6020,NA
Fraser River,1998,138,5/18/1998,6100,NA
Fraser River,1998,139,5/19/1998,6120,NA
Fraser River,1998,140,5/20/1998,6070,NA
Fraser River,1998,141,5/21/1998,5960,NA
Fraser River,1998,142,5/22/1998,5880,NA
Fraser River,1998,143,5/23/1998,5830,NA
Fraser River,1998,144,5/24/1998,5790,NA
Fraser River,1998,145,5/25/1998,5780,NA
Fraser River,1998,146,5/26/1998,5800,NA
Fraser River,1998,147,5/27/1998,5880,NA
Fraser River,1998,148,5/28/1998,6030,NA
Fraser River,1998,149,5/29/1998,6150,NA
Fraser River,1998,150,5/30/1998,6340,NA
Fraser River,1998,151,5/31/1998,6590,NA
Fraser River,1998,152,6/1/1998,6710,NA
Fraser River,1998,153,6/2/1998,6670,NA
Fraser River,1998,154,6/3/1998,6520,NA
Fraser River,1998,155,6/4/1998,6370,NA
Fraser River,1998,156,6/5/1998,6200,NA
Fraser River,1998,157,6/6/1998,5980,NA
Fraser River,1998,158,6/7/1998,5720,NA
Fraser River,1998,159,6/8/1998,5490,NA
Fraser River,1998,160,6/9/1998,5270,NA
Fraser River,1998,161,6/10/1998,5100,NA
Fraser River,1998,162,6/11/1998,4980,NA
Fraser River,1998,163,6/12/1998,4880,NA
Fraser River,1998,164,6/13/1998,4840,NA
Fraser River,1998,165,6/14/1998,4820,NA
Fraser River,1998,166,6/15/1998,4810,NA
Fraser River,1998,167,6/16/1998,4780,NA
Fraser River,1998,168,6/17/1998,4690,NA
Fraser River,1998,169,6/18/1998,4580,NA
Fraser River,1998,170,6/19/1998,4520,NA
Fraser River,1998,171,6/20/1998,4470,NA
Fraser River,1998,172,6/21/1998,4400,NA
Fraser River,1998,173,6/22/1998,4330,300
Fraser River,1998,174,6/23/1998,4260,500
Fraser River,1998,175,6/24/1998,4200,3700
Fraser River,1998,176,6/25/1998,4150,400
Fraser River,1998,177,6/26/1998,4130,700
Fraser River,1998,178,6/27/1998,4150,5100
Fraser River,1998,179,6/28/1998,4170,5200
Fraser River,1998,180,6/29/1998,4190,5100
Fraser River,1998,181,6/30/1998,4200,4500
Fraser River,1998,182,7/1/1998,4150,3800
Fraser River,1998,183,7/2/1998,4070,6300
Fraser River,1998,184,7/3/1998,4020,13600
Fraser River,1998,185,7/4/1998,4010,8400
Fraser River,1998,186,7/5/1998,4070,9600
Fraser River,1998,187,7/6/1998,4130,6200
Fraser River,1998,188,7/7/1998,4180,5900
Fraser River,1998,189,7/8/1998,4210,9900
Fraser River,1998,190,7/9/1998,4240,17000
Fraser River,1998,191,7/10/1998,4260,13900
Fraser River,1998,192,7/11/1998,4270,11000
Fraser River,1998,193,7/12/1998,4230,15200
Fraser River,1998,194,7/13/1998,4170,14100
Fraser River,1998,195,7/14/1998,4090,7430.716225
Fraser River,1998,196,7/15/1998,4070,9364.738256
Fraser River,1998,197,7/16/1998,4090,2056.85902
Fraser River,1998,198,7/17/1998,4120,4259.70602
Fraser River,1998,199,7/18/1998,4110,5147.770375
Fraser River,1998,200,7/19/1998,4030,5988.222681
Fraser River,1998,201,7/20/1998,3920,13315.12811
Fraser River,1998,202,7/21/1998,3840,23589.7939
Fraser River,1998,203,7/22/1998,3770,31634.28796
Fraser River,1998,204,7/23/1998,3710,28107.84275
Fraser River,1998,205,7/24/1998,3640,42124.71185
Fraser River,1998,206,7/25/1998,3560,34909.39596
Fraser River,1998,207,7/26/1998,3480,36966.02758
Fraser River,1998,208,7/27/1998,3420,72383.19926
Fraser River,1998,209,7/28/1998,3370,100806.9385
Fraser River,1998,210,7/29/1998,3360,41428.93851
Fraser River,1998,211,7/30/1998,3360,42102.65974
Fraser River,1998,212,7/31/1998,3370,55366.50481
Fraser River,1998,213,8/1/1998,3380,113733.5013
Fraser River,1998,214,8/2/1998,3380,259397.0455
Fraser River,1998,215,8/3/1998,3370,277527.5684
Fraser River,1998,216,8/4/1998,3350,129848.7492
Fraser River,1998,217,8/5/1998,3310,50023.41138
Fraser River,1998,218,8/6/1998,3260,13332.60447
Fraser River,1998,219,8/7/1998,3190,18242.86472
Fraser River,1998,220,8/8/1998,3140,76696.36205
Fraser River,1998,221,8/9/1998,3100,387521.2096
Fraser River,1998,222,8/10/1998,3050,336666.7561
Fraser River,1998,223,8/11/1998,3000,151422.8024
Fraser River,1998,224,8/12/1998,2920,154275.9911
Fraser River,1998,225,8/13/1998,2820,77581.08826
Fraser River,1998,226,8/14/1998,2720,133920.9398
Fraser River,1998,227,8/15/1998,2630,84350.86274
Fraser River,1998,228,8/16/1998,2560,101362.8014
Fraser River,1998,229,8/17/1998,2520,165500
Fraser River,1998,230,8/18/1998,2490,251300
Fraser River,1998,231,8/19/1998,2480,264000
Fraser River,1998,232,8/20/1998,2480,83300
Fraser River,1998,233,8/21/1998,2460,20500
Fraser River,1998,234,8/22/1998,2420,75500
Fraser River,1998,235,8/23/1998,2350,176700
Fraser River,1998,236,8/24/1998,2270,202200
Fraser River,1998,237,8/25/1998,2200,285900
Fraser River,1998,238,8/26/1998,2130,226900
Fraser River,1998,239,8/27/1998,2080,212500
Fraser River,1998,240,8/28/1998,2040,148400
Fraser River,1998,241,8/29/1998,2000,86600
Fraser River,1998,242,8/30/1998,1950,89900
Fraser River,1998,243,8/31/1998,1900,104200
Fraser River,1998,244,9/1/1998,1860,85300
Fraser River,1998,245,9/2/1998,1830,76000
Fraser River,1998,246,9/3/1998,1810,73100
Fraser River,1998,247,9/4/1998,1790,78000
Fraser River,1998,248,9/5/1998,1770,49300
Fraser River,1998,249,9/6/1998,1740,52200
Fraser River,1998,250,9/7/1998,1730,64100
Fraser River,1998,251,9/8/1998,1710,39900
Fraser River,1998,252,9/9/1998,1680,75900
Fraser River,1998,253,9/10/1998,1650,113400
Fraser River,1998,254,9/11/1998,1610,83300
Fraser River,1998,255,9/12/1998,1580,194100
Fraser River,1998,256,9/13/1998,1560,313100
Fraser River,1998,257,9/14/1998,1530,299800
Fraser River,1998,258,9/15/1998,1490,536300
Fraser River,1998,259,9/16/1998,1450,516000
Fraser River,1998,260,9/17/1998,1410,218800
Fraser River,1998,261,9/18/1998,1390,45200
Fraser River,1998,262,9/19/1998,1360,6100
Fraser River,1998,263,9/20/1998,1340,NA
Fraser River,1998,264,9/21/1998,1320,NA
Fraser River,1998,265,9/22/1998,1300,NA
Fraser River,1998,266,9/23/1998,1290,NA
Fraser River,1998,267,9/24/1998,1280,NA
Fraser River,1998,268,9/25/1998,1260,NA
Fraser River,1998,269,9/26/1998,1240,NA
Fraser River,1998,270,9/27/1998,1200,NA
Fraser River,1998,271,9/28/1998,1180,NA
Fraser River,1998,272,9/29/1998,1160,NA
Fraser River,1998,273,9/30/1998,1130,NA
Fraser River,1999,121,5/1/1999,5270,NA
Fraser River,1999,122,5/2/1999,4990,NA
Fraser River,1999,123,5/3/1999,4750,NA
Fraser River,1999,124,5/4/1999,4650,NA
Fraser River,1999,125,5/5/1999,4630,NA
Fraser River,1999,126,5/6/1999,4650,NA
Fraser River,1999,127,5/7/1999,4600,NA
Fraser River,1999,128,5/8/1999,4490,NA
Fraser River,1999,129,5/9/1999,4360,NA
Fraser River,1999,130,5/10/1999,4330,NA
Fraser River,1999,131,5/11/1999,4330,NA
Fraser River,1999,132,5/12/1999,4290,NA
Fraser River,1999,133,5/13/1999,4160,NA
Fraser River,1999,134,5/14/1999,4030,NA
Fraser River,1999,135,5/15/1999,3990,NA
Fraser River,1999,136,5/16/1999,4060,NA
Fraser River,1999,137,5/17/1999,4210,NA
Fraser River,1999,138,5/18/1999,4330,NA
Fraser River,1999,139,5/19/1999,4420,NA
Fraser River,1999,140,5/20/1999,4550,NA
Fraser River,1999,141,5/21/1999,4740,NA
Fraser River,1999,142,5/22/1999,4970,NA
Fraser River,1999,143,5/23/1999,5220,NA
Fraser River,1999,144,5/24/1999,5590,NA
Fraser River,1999,145,5/25/1999,6200,NA
Fraser River,1999,146,5/26/1999,6710,NA
Fraser River,1999,147,5/27/1999,7140,NA
Fraser River,1999,148,5/28/1999,7740,NA
Fraser River,1999,149,5/29/1999,8220,NA
Fraser River,1999,150,5/30/1999,8240,NA
Fraser River,1999,151,5/31/1999,7910,NA
Fraser River,1999,152,6/1/1999,7580,NA
Fraser River,1999,153,6/2/1999,7340,NA
Fraser River,1999,154,6/3/1999,7290,NA
Fraser River,1999,155,6/4/1999,7440,NA
Fraser River,1999,156,6/5/1999,7630,NA
Fraser River,1999,157,6/6/1999,7760,NA
Fraser River,1999,158,6/7/1999,7740,NA
Fraser River,1999,159,6/8/1999,7980,NA
Fraser River,1999,160,6/9/1999,8470,NA
Fraser River,1999,161,6/10/1999,8620,NA
Fraser River,1999,162,6/11/1999,8360,NA
Fraser River,1999,163,6/12/1999,8040,NA
Fraser River,1999,164,6/13/1999,7880,NA
Fraser River,1999,165,6/14/1999,7880,NA
Fraser River,1999,166,6/15/1999,8080,NA
Fraser River,1999,167,6/16/1999,8800,NA
Fraser River,1999,168,6/17/1999,9360,NA
Fraser River,1999,169,6/18/1999,9750,NA
Fraser River,1999,170,6/19/1999,10200,NA
Fraser River,1999,171,6/20/1999,10500,NA
Fraser River,1999,172,6/21/1999,10700,NA
Fraser River,1999,173,6/22/1999,11000,NA
Fraser River,1999,174,6/23/1999,11000,NA
Fraser River,1999,175,6/24/1999,10800,NA
Fraser River,1999,176,6/25/1999,10300,NA
Fraser River,1999,177,6/26/1999,9880,NA
Fraser River,1999,178,6/27/1999,9450,NA
Fraser River,1999,179,6/28/1999,9180,NA
Fraser River,1999,180,6/29/1999,9110,NA
Fraser River,1999,181,6/30/1999,9090,NA
Fraser River,1999,182,7/1/1999,9090,1200
Fraser River,1999,183,7/2/1999,9070,5100
Fraser River,1999,184,7/3/1999,9060,3300
Fraser River,1999,185,7/4/1999,8920,5100
Fraser River,1999,186,7/5/1999,9010,1100
Fraser River,1999,187,7/6/1999,9090,6600
Fraser River,1999,188,7/7/1999,9170,30120
Fraser River,1999,189,7/8/1999,9250,18800
Fraser River,1999,190,7/9/1999,9410,16300
Fraser River,1999,191,7/10/1999,9600,5800
Fraser River,1999,192,7/11/1999,9720,12500
Fraser River,1999,193,7/12/1999,9850,10800
Fraser River,1999,194,7/13/1999,9770,7300
Fraser River,1999,195,7/14/1999,9640,15800
Fraser River,1999,196,7/15/1999,9580,8700
Fraser River,1999,197,7/16/1999,9610,14100
Fraser River,1999,198,7/17/1999,9550,14800
Fraser River,1999,199,7/18/1999,9260,5200
Fraser River,1999,200,7/19/1999,9000,9800
Fraser River,1999,201,7/20/1999,8540,14700
Fraser River,1999,202,7/21/1999,8100,17900
Fraser River,1999,203,7/22/1999,7780,11200
Fraser River,1999,204,7/23/1999,7620,19800
Fraser River,1999,205,7/24/1999,7580,16854.36419
Fraser River,1999,206,7/25/1999,7540,24333.4883
Fraser River,1999,207,7/26/1999,7500,35277.83374
Fraser River,1999,208,7/27/1999,7430,31369.81024
Fraser River,1999,209,7/28/1999,7310,40031.99067
Fraser River,1999,210,7/29/1999,7110,49245.70281
Fraser River,1999,211,7/30/1999,6890,53229.95528
Fraser River,1999,212,7/31/1999,6810,55974
Fraser River,1999,213,8/1/1999,7260,78107.81095
Fraser River,1999,214,8/2/1999,7650,73467.42486
Fraser River,1999,215,8/3/1999,7430,67155.43484
Fraser River,1999,216,8/4/1999,6940,79055.08816
Fraser River,1999,217,8/5/1999,6480,76831.92732
Fraser River,1999,218,8/6/1999,6120,59792.5886
Fraser River,1999,219,8/7/1999,5940,39782.0064
Fraser River,1999,220,8/8/1999,5900,33495.21264
Fraser River,1999,221,8/9/1999,5890,55905.81309
Fraser River,1999,222,8/10/1999,5880,41827.34191
Fraser River,1999,223,8/11/1999,5830,54443.82596
Fraser River,1999,224,8/12/1999,5750,75679.87101
Fraser River,1999,225,8/13/1999,5640,69800
Fraser River,1999,226,8/14/1999,5460,56400
Fraser River,1999,227,8/15/1999,5260,56000
Fraser River,1999,228,8/16/1999,5070,51000
Fraser River,1999,229,8/17/1999,4880,59700
Fraser River,1999,230,8/18/1999,4710,67100
Fraser River,1999,231,8/19/1999,4560,70800
Fraser River,1999,232,8/20/1999,4430,73800
Fraser River,1999,233,8/21/1999,4290,91000
Fraser River,1999,234,8/22/1999,4170,84700
Fraser River,1999,235,8/23/1999,4080,67000
Fraser River,1999,236,8/24/1999,4010,45900
Fraser River,1999,237,8/25/1999,3960,37500
Fraser River,1999,238,8/26/1999,3950,55100
Fraser River,1999,239,8/27/1999,3890,60800
Fraser River,1999,240,8/28/1999,3980,64700
Fraser River,1999,241,8/29/1999,4360,30600
Fraser River,1999,242,8/30/1999,4510,39200
Fraser River,1999,243,8/31/1999,4410,49200
Fraser River,1999,244,9/1/1999,4170,54000
Fraser River,1999,245,9/2/1999,3940,31600
Fraser River,1999,246,9/3/1999,3770,39800
Fraser River,1999,247,9/4/1999,3610,21300
Fraser River,1999,248,9/5/1999,3400,35300
Fraser River,1999,249,9/6/1999,3240,36600
Fraser River,1999,250,9/7/1999,3100,51200
Fraser River,1999,251,9/8/1999,2950,38400
Fraser River,1999,252,9/9/1999,2890,32000
Fraser River,1999,253,9/10/1999,2920,32000
Fraser River,1999,254,9/11/1999,2940,38900
Fraser River,1999,255,9/12/1999,2880,28900
Fraser River,1999,256,9/13/1999,2830,32000
Fraser River,1999,257,9/14/1999,2750,57600
Fraser River,1999,258,9/15/1999,2630,86000
Fraser River,1999,259,9/16/1999,2490,81900
Fraser River,1999,260,9/17/1999,2370,50800
Fraser River,1999,261,9/18/1999,2260,43900
Fraser River,1999,262,9/19/1999,2160,30700
Fraser River,1999,263,9/20/1999,2090,22000
Fraser River,1999,264,9/21/1999,2030,11500
Fraser River,1999,265,9/22/1999,1970,5100
Fraser River,1999,266,9/23/1999,1920,3700
Fraser River,1999,267,9/24/1999,1880,2300
Fraser River,1999,268,9/25/1999,1880,900
Fraser River,1999,269,9/26/1999,1900,1400
Fraser River,1999,270,9/27/1999,1950,3200
Fraser River,1999,271,9/28/1999,2010,1800
Fraser River,1999,272,9/29/1999,2000,4600
Fraser River,1999,273,9/30/1999,1950,2700
Fraser River,2000,122,5/1/2000,3520,NA
Fraser River,2000,123,5/2/2000,3790,NA
Fraser River,2000,124,5/3/2000,3800,NA
Fraser River,2000,125,5/4/2000,3830,NA
Fraser River,2000,126,5/5/2000,3970,NA
Fraser River,2000,127,5/6/2000,3990,NA
Fraser River,2000,128,5/7/2000,3910,NA
Fraser River,2000,129,5/8/2000,3810,NA
Fraser River,2000,130,5/9/2000,3680,NA
Fraser River,2000,131,5/10/2000,3560,NA
Fraser River,2000,132,5/11/2000,3450,NA
Fraser River,2000,133,5/12/2000,3390,NA
Fraser River,2000,134,5/13/2000,3350,NA
Fraser River,2000,135,5/14/2000,3390,NA
Fraser River,2000,136,5/15/2000,3470,NA
Fraser River,2000,137,5/16/2000,3560,NA
Fraser River,2000,138,5/17/2000,3690,NA
Fraser River,2000,139,5/18/2000,3750,NA
Fraser River,2000,140,5/19/2000,3990,NA
Fraser River,2000,141,5/20/2000,4330,NA
Fraser River,2000,142,5/21/2000,4670,NA
Fraser River,2000,143,5/22/2000,5120,NA
Fraser River,2000,144,5/23/2000,5270,NA
Fraser River,2000,145,5/24/2000,5490,NA
Fraser River,2000,146,5/25/2000,5820,NA
Fraser River,2000,147,5/26/2000,5830,NA
Fraser River,2000,148,5/27/2000,5640,NA
Fraser River,2000,149,5/28/2000,5410,NA
Fraser River,2000,150,5/29/2000,5010,NA
Fraser River,2000,151,5/30/2000,4880,NA
Fraser River,2000,152,5/31/2000,4910,NA
Fraser River,2000,153,6/1/2000,5000,NA
Fraser River,2000,154,6/2/2000,5080,NA
Fraser River,2000,155,6/3/2000,5110,NA
Fraser River,2000,156,6/4/2000,5260,NA
Fraser River,2000,157,6/5/2000,5540,NA
Fraser River,2000,158,6/6/2000,5760,NA
Fraser River,2000,159,6/7/2000,5950,NA
Fraser River,2000,160,6/8/2000,6440,NA
Fraser River,2000,161,6/9/2000,7120,NA
Fraser River,2000,162,6/10/2000,7530,NA
Fraser River,2000,163,6/11/2000,7560,NA
Fraser River,2000,164,6/12/2000,7540,NA
Fraser River,2000,165,6/13/2000,7540,NA
Fraser River,2000,166,6/14/2000,7560,NA
Fraser River,2000,167,6/15/2000,7450,NA
Fraser River,2000,168,6/16/2000,7180,NA
Fraser River,2000,169,6/17/2000,7280,500
Fraser River,2000,170,6/18/2000,7510,800
Fraser River,2000,171,6/19/2000,7420,1100
Fraser River,2000,172,6/20/2000,7190,1500
Fraser River,2000,173,6/21/2000,7330,2100
Fraser River,2000,174,6/22/2000,7370,3000
Fraser River,2000,175,6/23/2000,7170,4000
Fraser River,2000,176,6/24/2000,7020,4700
Fraser River,2000,177,6/25/2000,6960,6600
Fraser River,2000,178,6/26/2000,6830,12700
Fraser River,2000,179,6/27/2000,6670,17900
Fraser River,2000,180,6/28/2000,6560,22500
Fraser River,2000,181,6/29/2000,6640,20100
Fraser River,2000,182,6/30/2000,6720,10200
Fraser River,2000,183,7/1/2000,6810,14700
Fraser River,2000,184,7/2/2000,6940,25000
Fraser River,2000,185,7/3/2000,7100,20900
Fraser River,2000,186,7/4/2000,7230,18157.57619
Fraser River,2000,187,7/5/2000,7620,16232.90428
Fraser River,2000,188,7/6/2000,8000,19539.607
Fraser River,2000,189,7/7/2000,7820,15591.03148
Fraser River,2000,190,7/8/2000,7280,18770.78133
Fraser River,2000,191,7/9/2000,7000,19099.64721
Fraser River,2000,192,7/10/2000,6970,25784.33323
Fraser River,2000,193,7/11/2000,7010,36365.15523
Fraser River,2000,194,7/12/2000,6990,19322.81968
Fraser River,2000,195,7/13/2000,6960,15629.7883
Fraser River,2000,196,7/14/2000,6920,19790.9657
Fraser River,2000,197,7/15/2000,6830,13856.02095
Fraser River,2000,198,7/16/2000,6700,34588.73378
Fraser River,2000,199,7/17/2000,6610,31205.92471
Fraser River,2000,200,7/18/2000,6450,41120.85061
Fraser River,2000,201,7/19/2000,6210,19385.29663
Fraser River,2000,202,7/20/2000,5940,20433.1505
Fraser River,2000,203,7/21/2000,5760,34078.30262
Fraser River,2000,204,7/22/2000,5670,56797.17104
Fraser River,2000,205,7/23/2000,5700,29946.79715
Fraser River,2000,206,7/24/2000,5770,31929.33772
Fraser River,2000,207,7/25/2000,5780,63444.03702
Fraser River,2000,208,7/26/2000,5790,68570
Fraser River,2000,209,7/27/2000,5710,15772.82809
Fraser River,2000,210,7/28/2000,5800,16290.59222
Fraser River,2000,211,7/29/2000,5790,36687.26345
Fraser River,2000,212,7/30/2000,5540,34638.1141
Fraser River,2000,213,7/31/2000,5430,54021.93841
Fraser River,2000,214,8/1/2000,5380,63303.70003
Fraser River,2000,215,8/2/2000,5330,90569.38842
Fraser River,2000,216,8/3/2000,5190,89546.0055
Fraser River,2000,217,8/4/2000,5090,106688.0653
Fraser River,2000,218,8/5/2000,5010,65987.42472
Fraser River,2000,219,8/6/2000,4850,72432.78359
Fraser River,2000,220,8/7/2000,4660,111759.1703
Fraser River,2000,221,8/8/2000,4500,143700
Fraser River,2000,222,8/9/2000,4410,108400
Fraser River,2000,223,8/10/2000,4370,30200
Fraser River,2000,224,8/11/2000,4300,58600
Fraser River,2000,225,8/12/2000,4190,67800
Fraser River,2000,226,8/13/2000,4010,70400
Fraser River,2000,227,8/14/2000,3830,88700
Fraser River,2000,228,8/15/2000,3640,132600
Fraser River,2000,229,8/16/2000,3480,101300
Fraser River,2000,230,8/17/2000,3330,94100
Fraser River,2000,231,8/18/2000,3180,56800
Fraser River,2000,232,8/19/2000,3050,52500
Fraser River,2000,233,8/20/2000,2950,33100
Fraser River,2000,234,8/21/2000,2840,15300
Fraser River,2000,235,8/22/2000,2770,NA
Fraser River,2000,236,8/23/2000,2730,1200
Fraser River,2000,237,8/24/2000,2710,6000
Fraser River,2000,238,8/25/2000,2740,5900
Fraser River,2000,239,8/26/2000,2680,7100
Fraser River,2000,240,8/27/2000,2660,9600
Fraser River,2000,241,8/28/2000,2690,6600
Fraser River,2000,242,8/29/2000,2880,6500
Fraser River,2000,243,8/30/2000,3080,8800
Fraser River,2000,244,8/31/2000,3080,14200
Fraser River,2000,245,9/1/2000,2980,13800
Fraser River,2000,246,9/2/2000,2850,10200
Fraser River,2000,247,9/3/2000,2760,4400
Fraser River,2000,248,9/4/2000,2740,NA
Fraser River,2000,249,9/5/2000,2750,NA
Fraser River,2000,250,9/6/2000,2770,NA
Fraser River,2000,251,9/7/2000,2710,NA
Fraser River,2000,252,9/8/2000,2760,NA
Fraser River,2000,253,9/9/2000,2780,NA
Fraser River,2000,254,9/10/2000,2800,NA
Fraser River,2000,255,9/11/2000,3110,NA
Fraser River,2000,256,9/12/2000,3480,NA
Fraser River,2000,257,9/13/2000,3630,NA
Fraser River,2000,258,9/14/2000,3450,NA
Fraser River,2000,259,9/15/2000,3340,NA
Fraser River,2000,260,9/16/2000,3260,NA
Fraser River,2000,261,9/17/2000,3120,NA
Fraser River,2000,262,9/18/2000,3040,NA
Fraser River,2000,263,9/19/2000,2980,NA
Fraser River,2000,264,9/20/2000,2960,NA
Fraser River,2000,265,9/21/2000,3110,NA
Fraser River,2000,266,9/22/2000,3070,NA
Fraser River,2000,267,9/23/2000,2910,NA
Fraser River,2000,268,9/24/2000,2720,NA
Fraser River,2000,269,9/25/2000,2520,NA
Fraser River,2000,270,9/26/2000,2350,NA
Fraser River,2000,271,9/27/2000,2210,NA
Fraser River,2000,272,9/28/2000,2090,NA
Fraser River,2000,273,9/29/2000,2000,NA
Fraser River,2000,274,9/30/2000,2000,NA
Fraser River,2001,121,5/1/2001,3400,NA
Fraser River,2001,122,5/2/2001,3390,NA
Fraser River,2001,123,5/3/2001,3170,NA
Fraser River,2001,124,5/4/2001,2970,NA
Fraser River,2001,125,5/5/2001,2880,NA
Fraser River,2001,126,5/6/2001,2780,NA
Fraser River,2001,127,5/7/2001,2930,NA
Fraser River,2001,128,5/8/2001,3100,NA
Fraser River,2001,129,5/9/2001,3050,NA
Fraser River,2001,130,5/10/2001,2890,NA
Fraser River,2001,131,5/11/2001,2880,NA
Fraser River,2001,132,5/12/2001,2900,NA
Fraser River,2001,133,5/13/2001,2880,NA
Fraser River,2001,134,5/14/2001,2840,NA
Fraser River,2001,135,5/15/2001,2910,NA
Fraser River,2001,136,5/16/2001,2940,NA
Fraser River,2001,137,5/17/2001,3070,NA
Fraser River,2001,138,5/18/2001,3240,NA
Fraser River,2001,139,5/19/2001,3400,NA
Fraser River,2001,140,5/20/2001,3420,NA
Fraser River,2001,141,5/21/2001,3390,NA
Fraser River,2001,142,5/22/2001,3480,NA
Fraser River,2001,143,5/23/2001,3770,NA
Fraser River,2001,144,5/24/2001,4150,NA
Fraser River,2001,145,5/25/2001,4280,NA
Fraser River,2001,146,5/26/2001,4490,NA
Fraser River,2001,147,5/27/2001,4900,NA
Fraser River,2001,148,5/28/2001,5290,NA
Fraser River,2001,149,5/29/2001,5450,NA
Fraser River,2001,150,5/30/2001,5710,NA
Fraser River,2001,151,5/31/2001,6200,NA
Fraser River,2001,152,6/1/2001,6670,NA
Fraser River,2001,153,6/2/2001,6620,NA
Fraser River,2001,154,6/3/2001,6060,NA
Fraser River,2001,155,6/4/2001,6090,NA
Fraser River,2001,156,6/5/2001,6750,NA
Fraser River,2001,157,6/6/2001,6940,NA
Fraser River,2001,158,6/7/2001,6540,NA
Fraser River,2001,159,6/8/2001,6180,NA
Fraser River,2001,160,6/9/2001,6220,NA
Fraser River,2001,161,6/10/2001,6200,NA
Fraser River,2001,162,6/11/2001,6130,NA
Fraser River,2001,163,6/12/2001,6150,NA
Fraser River,2001,164,6/13/2001,6100,NA
Fraser River,2001,165,6/14/2001,5830,NA
Fraser River,2001,166,6/15/2001,5500,400
Fraser River,2001,167,6/16/2001,5370,800
Fraser River,2001,168,6/17/2001,5270,1000
Fraser River,2001,169,6/18/2001,5300,1200
Fraser River,2001,170,6/19/2001,5260,2400
Fraser River,2001,171,6/20/2001,5130,3500
Fraser River,2001,172,6/21/2001,5120,5400
Fraser River,2001,173,6/22/2001,5100,4600
Fraser River,2001,174,6/23/2001,5110,3679.92436
Fraser River,2001,175,6/24/2001,5130,5622.10666
Fraser River,2001,176,6/25/2001,5370,1922.348284
Fraser River,2001,177,6/26/2001,5480,1517.643382
Fraser River,2001,178,6/27/2001,5360,4654.106372
Fraser River,2001,179,6/28/2001,5220,7284.688235
Fraser River,2001,180,6/29/2001,5060,12043.64477
Fraser River,2001,181,6/30/2001,4930,5398.875242
Fraser River,2001,182,7/1/2001,4970,16237.80049
Fraser River,2001,183,7/2/2001,5140,14302.16864
Fraser River,2001,184,7/3/2001,5220,21675.62842
Fraser River,2001,185,7/4/2001,5250,19817.71741
Fraser River,2001,186,7/5/2001,5160,13001.46408
Fraser River,2001,187,7/6/2001,5000,20891.24143
Fraser River,2001,188,7/7/2001,4870,20630.36778
Fraser River,2001,189,7/8/2001,4860,11655.57501
Fraser River,2001,190,7/9/2001,4810,8807.014523
Fraser River,2001,191,7/10/2001,4670,13436.34267
Fraser River,2001,192,7/11/2001,4560,21944.8871
Fraser River,2001,193,7/12/2001,4490,20992.80956
Fraser River,2001,194,7/13/2001,4460,15812.39097
Fraser River,2001,195,7/14/2001,4450,19121.96117
Fraser River,2001,196,7/15/2001,4400,12997.35841
Fraser River,2001,197,7/16/2001,4290,15682.76303
Fraser River,2001,198,7/17/2001,4200,24633.67827
Fraser River,2001,199,7/18/2001,4180,8553.360511
Fraser River,2001,200,7/19/2001,4120,12655.17245
Fraser River,2001,201,7/20/2001,4320,21601.07021
Fraser River,2001,202,7/21/2001,5440,45260.8202
Fraser River,2001,203,7/22/2001,6750,50059.55777
Fraser River,2001,204,7/23/2001,7140,44592.51427
Fraser River,2001,205,7/24/2001,6890,38377.90959
Fraser River,2001,206,7/25/2001,6320,40487.33403
Fraser River,2001,207,7/26/2001,5910,48812.89849
Fraser River,2001,208,7/27/2001,5660,47216.2149
Fraser River,2001,209,7/28/2001,5470,34670.84379
Fraser River,2001,210,7/29/2001,5220,41094.49798
Fraser River,2001,211,7/30/2001,5020,43131.25153
Fraser River,2001,212,7/31/2001,5090,30770.14806
Fraser River,2001,213,8/1/2001,5190,43379.78298
Fraser River,2001,214,8/2/2001,5080,64138.26443
Fraser River,2001,215,8/3/2001,4880,206069.4345
Fraser River,2001,216,8/4/2001,4740,195478.0414
Fraser River,2001,217,8/5/2001,4630,164732.1528
Fraser River,2001,218,8/6/2001,4730,85534.99622
Fraser River,2001,219,8/7/2001,4870,99249.03956
Fraser River,2001,220,8/8/2001,4930,127330.9783
Fraser River,2001,221,8/9/2001,4800,128463.2667
Fraser River,2001,222,8/10/2001,4550,115808.9286
Fraser River,2001,223,8/11/2001,4330,165178.4894
Fraser River,2001,224,8/12/2001,4120,121306.1089
Fraser River,2001,225,8/13/2001,3930,160863.4161
Fraser River,2001,226,8/14/2001,3790,194400
Fraser River,2001,227,8/15/2001,3660,192700
Fraser River,2001,228,8/16/2001,3580,151100
Fraser River,2001,229,8/17/2001,3520,146300
Fraser River,2001,230,8/18/2001,3460,106200
Fraser River,2001,231,8/19/2001,3400,159100
Fraser River,2001,232,8/20/2001,3340,179100
Fraser River,2001,233,8/21/2001,3290,222000
Fraser River,2001,234,8/22/2001,3290,192000
Fraser River,2001,235,8/23/2001,3490,181400
Fraser River,2001,236,8/24/2001,3380,147400
Fraser River,2001,237,8/25/2001,3130,113000
Fraser River,2001,238,8/26/2001,3050,85300
Fraser River,2001,239,8/27/2001,3170,65000
Fraser River,2001,240,8/28/2001,3280,87200
Fraser River,2001,241,8/29/2001,3160,29000
Fraser River,2001,242,8/30/2001,2960,55500
Fraser River,2001,243,8/31/2001,2830,71700
Fraser River,2001,244,9/1/2001,2810,88500
Fraser River,2001,245,9/2/2001,2740,47100
Fraser River,2001,246,9/3/2001,2650,11000
Fraser River,2001,247,9/4/2001,2690,28200
Fraser River,2001,248,9/5/2001,2810,22700
Fraser River,2001,249,9/6/2001,2740,27400
Fraser River,2001,250,9/7/2001,2610,8700
Fraser River,2001,251,9/8/2001,2400,27300
Fraser River,2001,252,9/9/2001,2200,10200
Fraser River,2001,253,9/10/2001,2230,9000
Fraser River,2001,254,9/11/2001,2220,12800
Fraser River,2001,255,9/12/2001,2120,1400
Fraser River,2001,256,9/13/2001,1990,9800
Fraser River,2001,257,9/14/2001,1840,8200
Fraser River,2001,258,9/15/2001,1770,6600
Fraser River,2001,259,9/16/2001,1710,3600
Fraser River,2001,260,9/17/2001,1640,2200
Fraser River,2001,261,9/18/2001,1600,1100
Fraser River,2001,262,9/19/2001,1560,NA
Fraser River,2001,263,9/20/2001,1560,NA
Fraser River,2001,264,9/21/2001,1550,NA
Fraser River,2001,265,9/22/2001,1530,NA
Fraser River,2001,266,9/23/2001,1500,NA
Fraser River,2001,267,9/24/2001,1500,NA
Fraser River,2001,268,9/25/2001,1560,NA
Fraser River,2001,269,9/26/2001,1590,NA
Fraser River,2001,270,9/27/2001,1610,NA
Fraser River,2001,271,9/28/2001,1640,NA
Fraser River,2001,272,9/29/2001,1720,NA
Fraser River,2001,273,9/30/2001,1950,NA
Fraser River,2002,121,5/1/2002,3440,NA
Fraser River,2002,122,5/2/2002,3980,NA
Fraser River,2002,123,5/3/2002,4430,NA
Fraser River,2002,124,5/4/2002,5030,NA
Fraser River,2002,125,5/5/2002,5400,NA
Fraser River,2002,126,5/6/2002,5390,NA
Fraser River,2002,127,5/7/2002,5040,NA
Fraser River,2002,128,5/8/2002,4760,NA
Fraser River,2002,129,5/9/2002,4520,NA
Fraser River,2002,130,5/10/2002,4270,NA
Fraser River,2002,131,5/11/2002,4060,NA
Fraser River,2002,132,5/12/2002,3990,NA
Fraser River,2002,133,5/13/2002,4190,NA
Fraser River,2002,134,5/14/2002,4410,NA
Fraser River,2002,135,5/15/2002,4160,NA
Fraser River,2002,136,5/16/2002,4540,NA
Fraser River,2002,137,5/17/2002,5140,NA
Fraser River,2002,138,5/18/2002,5280,NA
Fraser River,2002,139,5/19/2002,5130,NA
Fraser River,2002,140,5/20/2002,5310,NA
Fraser River,2002,141,5/21/2002,5570,NA
Fraser River,2002,142,5/22/2002,5820,NA
Fraser River,2002,143,5/23/2002,6510,NA
Fraser River,2002,144,5/24/2002,7260,NA
Fraser River,2002,145,5/25/2002,7500,NA
Fraser River,2002,146,5/26/2002,7230,NA
Fraser River,2002,147,5/27/2002,7190,NA
Fraser River,2002,148,5/28/2002,7210,NA
Fraser River,2002,149,5/29/2002,7580,NA
Fraser River,2002,150,5/30/2002,7860,NA
Fraser River,2002,151,5/31/2002,8140,NA
Fraser River,2002,152,6/1/2002,8530,NA
Fraser River,2002,153,6/2/2002,8790,NA
Fraser River,2002,154,6/3/2002,8720,NA
Fraser River,2002,155,6/4/2002,8440,NA
Fraser River,2002,156,6/5/2002,8260,NA
Fraser River,2002,157,6/6/2002,8290,NA
Fraser River,2002,158,6/7/2002,8290,NA
Fraser River,2002,159,6/8/2002,8660,NA
Fraser River,2002,160,6/9/2002,9090,NA
Fraser River,2002,161,6/10/2002,8980,NA
Fraser River,2002,162,6/11/2002,8510,NA
Fraser River,2002,163,6/12/2002,8220,NA
Fraser River,2002,164,6/13/2002,8360,NA
Fraser River,2002,165,6/14/2002,8760,NA
Fraser River,2002,166,6/15/2002,9140,NA
Fraser River,2002,167,6/16/2002,9440,NA
Fraser River,2002,168,6/17/2002,9660,NA
Fraser River,2002,169,6/18/2002,10000,NA
Fraser River,2002,170,6/19/2002,10200,NA
Fraser River,2002,171,6/20/2002,10400,NA
Fraser River,2002,172,6/21/2002,10600,NA
Fraser River,2002,173,6/22/2002,10400,NA
Fraser River,2002,174,6/23/2002,9870,NA
Fraser River,2002,175,6/24/2002,9440,NA
Fraser River,2002,176,6/25/2002,9580,NA
Fraser River,2002,177,6/26/2002,9860,1100
Fraser River,2002,178,6/27/2002,10100,400
Fraser River,2002,179,6/28/2002,10200,2300
Fraser River,2002,180,6/29/2002,10100,1350
Fraser River,2002,181,6/30/2002,10200,400
Fraser River,2002,182,7/1/2002,10100,NA
Fraser River,2002,183,7/2/2002,9840,2100
Fraser River,2002,184,7/3/2002,9620,2100
Fraser River,2002,185,7/4/2002,9100,1100
Fraser River,2002,186,7/5/2002,8490,1703.094309
Fraser River,2002,187,7/6/2002,7890,3506.370636
Fraser River,2002,188,7/7/2002,7330,6712.195217
Fraser River,2002,189,7/8/2002,7030,4009.424496
Fraser River,2002,190,7/9/2002,6670,1102.591736
Fraser River,2002,191,7/10/2002,6540,7708.5703
Fraser River,2002,192,7/11/2002,6440,2449.295564
Fraser River,2002,193,7/12/2002,6510,4102.772506
Fraser River,2002,194,7/13/2002,6620,8409.8001
Fraser River,2002,195,7/14/2002,6760,5682.297365
Fraser River,2002,196,7/15/2002,6900,4702.986193
Fraser River,2002,197,7/16/2002,6920,6397.735019
Fraser River,2002,198,7/17/2002,6850,13788.22202
Fraser River,2002,199,7/18/2002,6730,11140.93633
Fraser River,2002,200,7/19/2002,6510,8330.310495
Fraser River,2002,201,7/20/2002,6290,9507.818902
Fraser River,2002,202,7/21/2002,6140,13334.13626
Fraser River,2002,203,7/22/2002,6080,6493.144616
Fraser River,2002,204,7/23/2002,6010,9044.022858
Fraser River,2002,205,7/24/2002,5930,17033.61457
Fraser River,2002,206,7/25/2002,5470,11840.4394
Fraser River,2002,207,7/26/2002,5250,21378.54168
Fraser River,2002,208,7/27/2002,5110,31438.0125
Fraser River,2002,209,7/28/2002,5050,68329.55779
Fraser River,2002,210,7/29/2002,5040,51471.3788
Fraser River,2002,211,7/30/2002,4950,86437.3926
Fraser River,2002,212,7/31/2002,4620,79000
Fraser River,2002,213,8/1/2002,4360,90716.87564
Fraser River,2002,214,8/2/2002,4180,129574.0399
Fraser River,2002,215,8/3/2002,3950,213117.9457
Fraser River,2002,216,8/4/2002,3750,201927.1178
Fraser River,2002,217,8/5/2002,3590,201193.1901
Fraser River,2002,218,8/6/2002,3440,228336
Fraser River,2002,219,8/7/2002,3310,123567.9394
Fraser River,2002,220,8/8/2002,3220,120718.7006
Fraser River,2002,221,8/9/2002,3150,277531.4084
Fraser River,2002,222,8/10/2002,3120,309800
Fraser River,2002,223,8/11/2002,3080,258900
Fraser River,2002,224,8/12/2002,3000,102341.6388
Fraser River,2002,225,8/13/2002,2980,193820.2242
Fraser River,2002,226,8/14/2002,2980,144000
Fraser River,2002,227,8/15/2002,2910,230900
Fraser River,2002,228,8/16/2002,2840,261200
Fraser River,2002,229,8/17/2002,2820,155600
Fraser River,2002,230,8/18/2002,2820,216000
Fraser River,2002,231,8/19/2002,2830,184100
Fraser River,2002,232,8/20/2002,2780,181500
Fraser River,2002,233,8/21/2002,2670,280100
Fraser River,2002,234,8/22/2002,2490,266700
Fraser River,2002,235,8/23/2002,2410,202500
Fraser River,2002,236,8/24/2002,2330,134700
Fraser River,2002,237,8/25/2002,2290,231900
Fraser River,2002,238,8/26/2002,2260,228900
Fraser River,2002,239,8/27/2002,2280,185100
Fraser River,2002,240,8/28/2002,2370,186400
Fraser River,2002,241,8/29/2002,2480,147800
Fraser River,2002,242,8/30/2002,2540,185900
Fraser River,2002,243,8/31/2002,2520,201400
Fraser River,2002,244,9/1/2002,2470,180000
Fraser River,2002,245,9/2/2002,2470,307900
Fraser River,2002,246,9/3/2002,2450,288000
Fraser River,2002,247,9/4/2002,2410,387200
Fraser River,2002,248,9/5/2002,2420,169600
Fraser River,2002,249,9/6/2002,2460,93300
Fraser River,2002,250,9/7/2002,2410,85400
Fraser River,2002,251,9/8/2002,2300,99300
Fraser River,2002,252,9/9/2002,2200,43000
Fraser River,2002,253,9/10/2002,2080,55600
Fraser River,2002,254,9/11/2002,1980,163300
Fraser River,2002,255,9/12/2002,1890,198400
Fraser River,2002,256,9/13/2002,1860,346500
Fraser River,2002,257,9/14/2002,1900,539000
Fraser River,2002,258,9/15/2002,1900,271800
Fraser River,2002,259,9/16/2002,1890,514100
Fraser River,2002,260,9/17/2002,1960,683800
Fraser River,2002,261,9/18/2002,1930,389500
Fraser River,2002,262,9/19/2002,1870,380100
Fraser River,2002,263,9/20/2002,1880,219900
Fraser River,2002,264,9/21/2002,1970,31200
Fraser River,2002,265,9/22/2002,2490,4500
Fraser River,2002,266,9/23/2002,3150,3300
Fraser River,2002,267,9/24/2002,2940,5300
Fraser River,2002,268,9/25/2002,2780,NA
Fraser River,2002,269,9/26/2002,2830,NA
Fraser River,2002,270,9/27/2002,2910,NA
Fraser River,2002,271,9/28/2002,2860,NA
Fraser River,2002,272,9/29/2002,2670,NA
Fraser River,2002,273,9/30/2002,2520,NA
Fraser River,2003,121,5/1/2003,3560,NA
Fraser River,2003,122,5/2/2003,3480,NA
Fraser River,2003,123,5/3/2003,3400,NA
Fraser River,2003,124,5/4/2003,3350,NA
Fraser River,2003,125,5/5/2003,3380,NA
Fraser River,2003,126,5/6/2003,3280,NA
Fraser River,2003,127,5/7/2003,3210,NA
Fraser River,2003,128,5/8/2003,3100,NA
Fraser River,2003,129,5/9/2003,2970,NA
Fraser River,2003,130,5/10/2003,2900,NA
Fraser River,2003,131,5/11/2003,2870,NA
Fraser River,2003,132,5/12/2003,2890,NA
Fraser River,2003,133,5/13/2003,2910,NA
Fraser River,2003,134,5/14/2003,2950,NA
Fraser River,2003,135,5/15/2003,3030,NA
Fraser River,2003,136,5/16/2003,3130,NA
Fraser River,2003,137,5/17/2003,3380,NA
Fraser River,2003,138,5/18/2003,3490,NA
Fraser River,2003,139,5/19/2003,3320,NA
Fraser River,2003,140,5/20/2003,3150,NA
Fraser River,2003,141,5/21/2003,3020,NA
Fraser River,2003,142,5/22/2003,2970,NA
Fraser River,2003,143,5/23/2003,3040,NA
Fraser River,2003,144,5/24/2003,3330,NA
Fraser River,2003,145,5/25/2003,4010,NA
Fraser River,2003,146,5/26/2003,4340,NA
Fraser River,2003,147,5/27/2003,4750,NA
Fraser River,2003,148,5/28/2003,5700,NA
Fraser River,2003,149,5/29/2003,6450,NA
Fraser River,2003,150,5/30/2003,6640,NA
Fraser River,2003,151,5/31/2003,6670,NA
Fraser River,2003,152,6/1/2003,6840,NA
Fraser River,2003,153,6/2/2003,6880,NA
Fraser River,2003,154,6/3/2003,6800,NA
Fraser River,2003,155,6/4/2003,6800,NA
Fraser River,2003,156,6/5/2003,6930,NA
Fraser River,2003,157,6/6/2003,6990,NA
Fraser River,2003,158,6/7/2003,6860,NA
Fraser River,2003,159,6/8/2003,6760,NA
Fraser River,2003,160,6/9/2003,6700,NA
Fraser River,2003,161,6/10/2003,6820,NA
Fraser River,2003,162,6/11/2003,6910,NA
Fraser River,2003,163,6/12/2003,7110,NA
Fraser River,2003,164,6/13/2003,7300,NA
Fraser River,2003,165,6/14/2003,7300,NA
Fraser River,2003,166,6/15/2003,7070,NA
Fraser River,2003,167,6/16/2003,7050,NA
Fraser River,2003,168,6/17/2003,6950,NA
Fraser River,2003,169,6/18/2003,6700,NA
Fraser River,2003,170,6/19/2003,6330,NA
Fraser River,2003,171,6/20/2003,6090,NA
Fraser River,2003,172,6/21/2003,5980,NA
Fraser River,2003,173,6/22/2003,5970,NA
Fraser River,2003,174,6/23/2003,5950,NA
Fraser River,2003,175,6/24/2003,5810,NA
Fraser River,2003,176,6/25/2003,5650,NA
Fraser River,2003,177,6/26/2003,5510,NA
Fraser River,2003,178,6/27/2003,5380,NA
Fraser River,2003,179,6/28/2003,5270,NA
Fraser River,2003,180,6/29/2003,5280,600
Fraser River,2003,181,6/30/2003,5450,800
Fraser River,2003,182,7/1/2003,5430,700
Fraser River,2003,183,7/2/2003,5330,NA
Fraser River,2003,184,7/3/2003,5370,1500
Fraser River,2003,185,7/4/2003,5520,1700
Fraser River,2003,186,7/5/2003,5610,600
Fraser River,2003,187,7/6/2003,5500,300
Fraser River,2003,188,7/7/2003,5460,2100
Fraser River,2003,189,7/8/2003,5400,1500
Fraser River,2003,190,7/9/2003,5180,2800
Fraser River,2003,191,7/10/2003,4940,6318.68369
Fraser River,2003,192,7/11/2003,4820,3014.504849
Fraser River,2003,193,7/12/2003,4780,5204.11652
Fraser River,2003,194,7/13/2003,4760,6338.840757
Fraser River,2003,195,7/14/2003,4500,3329.077993
Fraser River,2003,196,7/15/2003,4380,7136.917298
Fraser River,2003,197,7/16/2003,4300,1330.8672
Fraser River,2003,198,7/17/2003,4230,NA
Fraser River,2003,199,7/18/2003,4200,NA
Fraser River,2003,200,7/19/2003,4100,NA
Fraser River,2003,201,7/20/2003,4000,NA
Fraser River,2003,202,7/21/2003,3800,123.5747385
Fraser River,2003,203,7/22/2003,3740,3598.161715
Fraser River,2003,204,7/23/2003,3650,13585.10513
Fraser River,2003,205,7/24/2003,3580,15619.66007
Fraser River,2003,206,7/25/2003,3560,11992.0135
Fraser River,2003,207,7/26/2003,3580,20187.07113
Fraser River,2003,208,7/27/2003,3570,23774.09241
Fraser River,2003,209,7/28/2003,3560,19567.68761
Fraser River,2003,210,7/29/2003,3500,56044.84732
Fraser River,2003,211,7/30/2003,3430,69534.31813
Fraser River,2003,212,7/31/2003,3430,70188.7919
Fraser River,2003,213,8/1/2003,3480,46218.9104
Fraser River,2003,214,8/2/2003,3420,27093.66705
Fraser River,2003,215,8/3/2003,3390,41039.64812
Fraser River,2003,216,8/4/2003,3340,66724.1388
Fraser River,2003,217,8/5/2003,3290,78345.90313
Fraser River,2003,218,8/6/2003,3250,36390.07833
Fraser River,2003,219,8/7/2003,3170,90824.38691
Fraser River,2003,220,8/8/2003,3090,70999.89554
Fraser River,2003,221,8/9/2003,3070,68353.77216
Fraser River,2003,222,8/10/2003,3150,34571.8984
Fraser River,2003,223,8/11/2003,3220,69356.86109
Fraser River,2003,224,8/12/2003,3200,74166.75203
Fraser River,2003,225,8/13/2003,3160,30684.76525
Fraser River,2003,226,8/14/2003,3150,11078.75925
Fraser River,2003,227,8/15/2003,3100,41922.49892
Fraser River,2003,228,8/16/2003,2900,63778.34477
Fraser River,2003,229,8/17/2003,2780,57357.08742
Fraser River,2003,230,8/18/2003,2620,62969.71172
Fraser River,2003,231,8/19/2003,2580,117291.2967
Fraser River,2003,232,8/20/2003,2500,90969.78348
Fraser River,2003,233,8/21/2003,2390,83273.28219
Fraser River,2003,234,8/22/2003,2270,116947.3153
Fraser River,2003,235,8/23/2003,2200,118567.06
Fraser River,2003,236,8/24/2003,2100,64917.7804
Fraser River,2003,237,8/25/2003,2000,104474.9413
Fraser River,2003,238,8/26/2003,1950,124707.56
Fraser River,2003,239,8/27/2003,1880,128164.7999
Fraser River,2003,240,8/28/2003,1940,79375.92574
Fraser River,2003,241,8/29/2003,1960,55708.27389
Fraser River,2003,242,8/30/2003,1920,54964.40037
Fraser River,2003,243,8/31/2003,1900,40115.56408
Fraser River,2003,244,9/1/2003,1880,21023.75949
Fraser River,2003,245,9/2/2003,1880,34871.6424
Fraser River,2003,246,9/3/2003,1780,14294.9352
Fraser River,2003,247,9/4/2003,1730,38882.5536
Fraser River,2003,248,9/5/2003,1720,16681.4928
Fraser River,2003,249,9/6/2003,1680,20249.532
Fraser River,2003,250,9/7/2003,1660,5605.0272
Fraser River,2003,251,9/8/2003,1700,15900
Fraser River,2003,252,9/9/2003,1790,12900
Fraser River,2003,253,9/10/2003,1820,41000
Fraser River,2003,254,9/11/2003,1820,14000
Fraser River,2003,255,9/12/2003,1760,46600
Fraser River,2003,256,9/13/2003,1670,82900
Fraser River,2003,257,9/14/2003,1580,48000
Fraser River,2003,258,9/15/2003,1540,16200
Fraser River,2003,259,9/16/2003,1540,900
Fraser River,2003,260,9/17/2003,1510,6900
Fraser River,2003,261,9/18/2003,1490,12900
Fraser River,2003,262,9/19/2003,1500,6100
Fraser River,2003,263,9/20/2003,1440,6400
Fraser River,2003,264,9/21/2003,1360,1900
Fraser River,2003,265,9/22/2003,1330,1700
Fraser River,2003,266,9/23/2003,1430,NA
Fraser River,2003,267,9/24/2003,1430,NA
Fraser River,2003,268,9/25/2003,1470,NA
Fraser River,2003,269,9/26/2003,1650,NA
Fraser River,2003,270,9/27/2003,1740,NA
Fraser River,2003,271,9/28/2003,1710,NA
Fraser River,2003,272,9/29/2003,1630,NA
Fraser River,2003,273,9/30/2003,1550,NA
Fraser River,2004,122,5/1/2004,3920,NA
Fraser River,2004,123,5/2/2004,4050,NA
Fraser River,2004,124,5/3/2004,4010,NA
Fraser River,2004,125,5/4/2004,4110,NA
Fraser River,2004,126,5/5/2004,4510,NA
Fraser River,2004,127,5/6/2004,4870,NA
Fraser River,2004,128,5/7/2004,5030,NA
Fraser River,2004,129,5/8/2004,5030,NA
Fraser River,2004,130,5/9/2004,4780,NA
Fraser River,2004,131,5/10/2004,4470,NA
Fraser River,2004,132,5/11/2004,4370,NA
Fraser River,2004,133,5/12/2004,4330,NA
Fraser River,2004,134,5/13/2004,4300,NA
Fraser River,2004,135,5/14/2004,4160,NA
Fraser River,2004,136,5/15/2004,4030,NA
Fraser River,2004,137,5/16/2004,3860,NA
Fraser River,2004,138,5/17/2004,3770,NA
Fraser River,2004,139,5/18/2004,3770,NA
Fraser River,2004,140,5/19/2004,3830,NA
Fraser River,2004,141,5/20/2004,3920,NA
Fraser River,2004,142,5/21/2004,4100,NA
Fraser River,2004,143,5/22/2004,4500,NA
Fraser River,2004,144,5/23/2004,4660,NA
Fraser River,2004,145,5/24/2004,4770,NA
Fraser River,2004,146,5/25/2004,4690,NA
Fraser River,2004,147,5/26/2004,4590,NA
Fraser River,2004,148,5/27/2004,4470,NA
Fraser River,2004,149,5/28/2004,4480,NA
Fraser River,2004,150,5/29/2004,4660,NA
Fraser River,2004,151,5/30/2004,4950,NA
Fraser River,2004,152,5/31/2004,5110,NA
Fraser River,2004,153,6/1/2004,5060,NA
Fraser River,2004,154,6/2/2004,5010,NA
Fraser River,2004,155,6/3/2004,4910,NA
Fraser River,2004,156,6/4/2004,4870,NA
Fraser River,2004,157,6/5/2004,4830,NA
Fraser River,2004,158,6/6/2004,4750,NA
Fraser River,2004,159,6/7/2004,4670,NA
Fraser River,2004,160,6/8/2004,5080,NA
Fraser River,2004,161,6/9/2004,6030,NA
Fraser River,2004,162,6/10/2004,6650,NA
Fraser River,2004,163,6/11/2004,6450,NA
Fraser River,2004,164,6/12/2004,6090,NA
Fraser River,2004,165,6/13/2004,5980,NA
Fraser River,2004,166,6/14/2004,5990,NA
Fraser River,2004,167,6/15/2004,6060,NA
Fraser River,2004,168,6/16/2004,5990,NA
Fraser River,2004,169,6/17/2004,5870,NA
Fraser River,2004,170,6/18/2004,5610,NA
Fraser River,2004,171,6/19/2004,5280,NA
Fraser River,2004,172,6/20/2004,4990,NA
Fraser River,2004,173,6/21/2004,4880,NA
Fraser River,2004,174,6/22/2004,4850,NA
Fraser River,2004,175,6/23/2004,4900,300
Fraser River,2004,176,6/24/2004,5050,300
Fraser River,2004,177,6/25/2004,5240,NA
Fraser River,2004,178,6/26/2004,5270,1600
Fraser River,2004,179,6/27/2004,5270,100
Fraser River,2004,180,6/28/2004,5310,1500
Fraser River,2004,181,6/29/2004,5250,1784.64
Fraser River,2004,182,6/30/2004,5120,4850.8968
Fraser River,2004,183,7/1/2004,5000,1773.5328
Fraser River,2004,184,7/2/2004,4820,5765.628
Fraser River,2004,185,7/3/2004,4630,6925.668
Fraser River,2004,186,7/4/2004,4520,6580.8
Fraser River,2004,187,7/5/2004,4480,4043.4752
Fraser River,2004,188,7/6/2004,4450,5076
Fraser River,2004,189,7/7/2004,4410,5126.731919
Fraser River,2004,190,7/8/2004,4280,12866.56627
Fraser River,2004,191,7/9/2004,4170,12480.30973
Fraser River,2004,192,7/10/2004,4210,13393.73487
Fraser River,2004,193,7/11/2004,4170,1494.11457
Fraser River,2004,194,7/12/2004,4030,5140.393419
Fraser River,2004,195,7/13/2004,3850,22346.72689
Fraser River,2004,196,7/14/2004,3710,11010.41259
Fraser River,2004,197,7/15/2004,3580,10885.7708
Fraser River,2004,198,7/16/2004,3510,23412.51122
Fraser River,2004,199,7/17/2004,3440,24484.91362
Fraser River,2004,200,7/18/2004,3440,17060.45196
Fraser River,2004,201,7/19/2004,3470,30611.94976
Fraser River,2004,202,7/20/2004,3500,43649.08166
Fraser River,2004,203,7/21/2004,3540,29942.2721
Fraser River,2004,204,7/22/2004,3590,27138.89511
Fraser River,2004,205,7/23/2004,3660,29330.70239
Fraser River,2004,206,7/24/2004,3750,25860.54174
Fraser River,2004,207,7/25/2004,3710,30606.33784
Fraser River,2004,208,7/26/2004,3550,41608.59859
Fraser River,2004,209,7/27/2004,3400,41691.50808
Fraser River,2004,210,7/28/2004,3320,34961.78501
Fraser River,2004,211,7/29/2004,3230,54988.5893
Fraser River,2004,212,7/30/2004,3130,87405.36821
Fraser River,2004,213,7/31/2004,3050,73550.92717
Fraser River,2004,214,8/1/2004,2900,67717.14918
Fraser River,2004,215,8/2/2004,2780,87665.76125
Fraser River,2004,216,8/3/2004,2750,86684.70589
Fraser River,2004,217,8/4/2004,2760,55182.97058
Fraser River,2004,218,8/5/2004,2700,65927.30276
Fraser River,2004,219,8/6/2004,2630,106660.2906
Fraser River,2004,220,8/7/2004,2580,76430.13394
Fraser River,2004,221,8/8/2004,2500,38576.44565
Fraser River,2004,222,8/9/2004,2590,50452.69811
Fraser River,2004,223,8/10/2004,2660,78094.31102
Fraser River,2004,224,8/11/2004,2600,88392.97453
Fraser River,2004,225,8/12/2004,2540,72003.91941
Fraser River,2004,226,8/13/2004,2480,108327.0898
Fraser River,2004,227,8/14/2004,2460,53986.68274
Fraser River,2004,228,8/15/2004,2420,62928.00379
Fraser River,2004,229,8/16/2004,2410,56621.42125
Fraser River,2004,230,8/17/2004,2540,77587.25464
Fraser River,2004,231,8/18/2004,2560,45135.10824
Fraser River,2004,232,8/19/2004,2590,42472.69139
Fraser River,2004,233,8/20/2004,2590,37098.4986
Fraser River,2004,234,8/21/2004,2580,38212.92
Fraser River,2004,235,8/22/2004,2580,48827.6992
Fraser River,2004,236,8/23/2004,2580,48020.0976
Fraser River,2004,237,8/24/2004,2530,25247
Fraser River,2004,238,8/25/2004,2530,11625.6
Fraser River,2004,239,8/26/2004,2460,12787.0866
Fraser River,2004,240,8/27/2004,2380,15999.36
Fraser River,2004,241,8/28/2004,2300,8213.3036
Fraser River,2004,242,8/29/2004,2220,13587.9744
Fraser River,2004,243,8/30/2004,2080,11490.2145
Fraser River,2004,244,8/31/2004,2140,14471.544
Fraser River,2004,245,9/1/2004,2270,2991.0981
Fraser River,2004,246,9/2/2004,2620,17532
Fraser River,2004,247,9/3/2004,2910,11559.28
Fraser River,2004,248,9/4/2004,3260,7341.36
Fraser River,2004,249,9/5/2004,3490,6399.12
Fraser River,2004,250,9/6/2004,3560,2040.96
Fraser River,2004,251,9/7/2004,3430,2400
Fraser River,2004,252,9/8/2004,3520,1300
Fraser River,2004,253,9/9/2004,3490,NA
Fraser River,2004,254,9/10/2004,3320,1300
Fraser River,2004,255,9/11/2004,3380,1300
Fraser River,2004,256,9/12/2004,3500,NA
Fraser River,2004,257,9/13/2004,3650,NA
Fraser River,2004,258,9/14/2004,3860,1300
Fraser River,2004,259,9/15/2004,3870,NA
Fraser River,2004,260,9/16/2004,3760,430
Fraser River,2004,261,9/17/2004,3680,870
Fraser River,2004,262,9/18/2004,3500,1300
Fraser River,2004,263,9/19/2004,3330,NA
Fraser River,2004,264,9/20/2004,3270,NA
Fraser River,2004,265,9/21/2004,3270,2400
Fraser River,2004,266,9/22/2004,3220,NA
Fraser River,2004,267,9/23/2004,3090,NA
Fraser River,2004,268,9/24/2004,2940,NA
Fraser River,2004,269,9/25/2004,2890,NA
Fraser River,2004,270,9/26/2004,2880,NA
Fraser River,2004,271,9/27/2004,2790,NA
Fraser River,2004,272,9/28/2004,2670,NA
Fraser River,2004,273,9/29/2004,2560,NA
Fraser River,2004,274,9/30/2004,2440,NA
Fraser River,2005,121,5/1/2005,5000,NA
Fraser River,2005,122,5/2/2005,4690,NA
Fraser River,2005,123,5/3/2005,4420,NA
Fraser River,2005,124,5/4/2005,4220,NA
Fraser River,2005,125,5/5/2005,4090,NA
Fraser River,2005,126,5/6/2005,4070,NA
Fraser River,2005,127,5/7/2005,4140,NA
Fraser River,2005,128,5/8/2005,4280,NA
Fraser River,2005,129,5/9/2005,4580,NA
Fraser River,2005,130,5/10/2005,4840,NA
Fraser River,2005,131,5/11/2005,4880,NA
Fraser River,2005,132,5/12/2005,4880,NA
Fraser River,2005,133,5/13/2005,4980,NA
Fraser River,2005,134,5/14/2005,5230,NA
Fraser River,2005,135,5/15/2005,5620,NA
Fraser River,2005,136,5/16/2005,6110,NA
Fraser River,2005,137,5/17/2005,6420,NA
Fraser River,2005,138,5/18/2005,6860,NA
Fraser River,2005,139,5/19/2005,7310,NA
Fraser River,2005,140,5/20/2005,7460,NA
Fraser River,2005,141,5/21/2005,7230,NA
Fraser River,2005,142,5/22/2005,6830,NA
Fraser River,2005,143,5/23/2005,6480,NA
Fraser River,2005,144,5/24/2005,6130,NA
Fraser River,2005,145,5/25/2005,5810,NA
Fraser River,2005,146,5/26/2005,5570,NA
Fraser River,2005,147,5/27/2005,5370,NA
Fraser River,2005,148,5/28/2005,5280,NA
Fraser River,2005,149,5/29/2005,5320,NA
Fraser River,2005,150,5/30/2005,5530,NA
Fraser River,2005,151,5/31/2005,5790,NA
Fraser River,2005,152,6/1/2005,6240,NA
Fraser River,2005,153,6/2/2005,6720,NA
Fraser River,2005,154,6/3/2005,7050,NA
Fraser River,2005,155,6/4/2005,7320,NA
Fraser River,2005,156,6/5/2005,7400,NA
Fraser River,2005,157,6/6/2005,7220,NA
Fraser River,2005,158,6/7/2005,6960,NA
Fraser River,2005,159,6/8/2005,6800,NA
Fraser River,2005,160,6/9/2005,6720,NA
Fraser River,2005,161,6/10/2005,6570,NA
Fraser River,2005,162,6/11/2005,6340,NA
Fraser River,2005,163,6/12/2005,6110,NA
Fraser River,2005,164,6/13/2005,6010,NA
Fraser River,2005,165,6/14/2005,5950,NA
Fraser River,2005,166,6/15/2005,5890,NA
Fraser River,2005,167,6/16/2005,5770,NA
Fraser River,2005,168,6/17/2005,5670,NA
Fraser River,2005,169,6/18/2005,5570,NA
Fraser River,2005,170,6/19/2005,5440,NA
Fraser River,2005,171,6/20/2005,5420,NA
Fraser River,2005,172,6/21/2005,5390,NA
Fraser River,2005,173,6/22/2005,5430,NA
Fraser River,2005,174,6/23/2005,5480,NA
Fraser River,2005,175,6/24/2005,5530,NA
Fraser River,2005,176,6/25/2005,5760,NA
Fraser River,2005,177,6/26/2005,5890,1000
Fraser River,2005,178,6/27/2005,5870,NA
Fraser River,2005,179,6/28/2005,5710,100
Fraser River,2005,180,6/29/2005,5520,NA
Fraser River,2005,181,6/30/2005,5410,NA
Fraser River,2005,182,7/1/2005,5360,1200
Fraser River,2005,183,7/2/2005,5320,500
Fraser River,2005,184,7/3/2005,5370,1900
Fraser River,2005,185,7/4/2005,5510,1700
Fraser River,2005,186,7/5/2005,5550,2400
Fraser River,2005,187,7/6/2005,5590,1450.176672
Fraser River,2005,188,7/7/2005,5450,2625.088336
Fraser River,2005,189,7/8/2005,5420,1309.64936
Fraser River,2005,190,7/9/2005,5860,529.9579351
Fraser River,2005,191,7/10/2005,6090,1639.123209
Fraser River,2005,192,7/11/2005,6140,2348.688365
Fraser River,2005,193,7/12/2005,6030,3301.253726
Fraser River,2005,194,7/13/2005,5790,149.7217649
Fraser River,2005,195,7/14/2005,5530,4813.930055
Fraser River,2005,196,7/15/2005,5260,2020.881907
Fraser River,2005,197,7/16/2005,5160,4107.913208
Fraser River,2005,198,7/17/2005,5090,2474.347094
Fraser River,2005,199,7/18/2005,5100,13266.84832
Fraser River,2005,200,7/19/2005,5070,21643.34186
Fraser River,2005,201,7/20/2005,4970,19439.88064
Fraser River,2005,202,7/21/2005,4850,15369.84863
Fraser River,2005,203,7/22/2005,4750,14150.61361
Fraser River,2005,204,7/23/2005,4620,25131.34674
Fraser River,2005,205,7/24/2005,4410,24427.23732
Fraser River,2005,206,7/25/2005,4210,26963.38513
Fraser River,2005,207,7/26/2005,4130,32023.79511
Fraser River,2005,208,7/27/2005,4240,27062.46108
Fraser River,2005,209,7/28/2005,4110,20517.53815
Fraser River,2005,210,7/29/2005,3910,21463.81234
Fraser River,2005,211,7/30/2005,3730,20779.4523
Fraser River,2005,212,7/31/2005,3610,16123.1785
Fraser River,2005,213,8/1/2005,3560,28600.24125
Fraser River,2005,214,8/2/2005,3560,41587.66304
Fraser River,2005,215,8/3/2005,3580,46331.20189
Fraser River,2005,216,8/4/2005,3670,28630.30528
Fraser River,2005,217,8/5/2005,3710,27241.92779
Fraser River,2005,218,8/6/2005,3660,21918.38613
Fraser River,2005,219,8/7/2005,3440,26054.04927
Fraser River,2005,220,8/8/2005,3260,35287.63428
Fraser River,2005,221,8/9/2005,3140,59666.89456
Fraser River,2005,222,8/10/2005,3080,43992.85408
Fraser River,2005,223,8/11/2005,3030,44078.43413
Fraser River,2005,224,8/12/2005,2960,54576.32908
Fraser River,2005,225,8/13/2005,2860,43653.51829
Fraser River,2005,226,8/14/2005,2760,31010.76826
Fraser River,2005,227,8/15/2005,2680,30185.5723
Fraser River,2005,228,8/16/2005,2620,20081.33135
Fraser River,2005,229,8/17/2005,2590,25926.26352
Fraser River,2005,230,8/18/2005,2580,29145.13446
Fraser River,2005,231,8/19/2005,2540,42022.67228
Fraser River,2005,232,8/20/2005,2540,19719.8771
Fraser River,2005,233,8/21/2005,2540,19090.96976
Fraser River,2005,234,8/22/2005,2520,21625.03248
Fraser River,2005,235,8/23/2005,2490,44061.16822
Fraser River,2005,236,8/24/2005,2430,153870.7966
Fraser River,2005,237,8/25/2005,2460,210814.8462
Fraser River,2005,238,8/26/2005,2450,207702.4472
Fraser River,2005,239,8/27/2005,2370,274000
Fraser River,2005,240,8/28/2005,2240,350700
Fraser River,2005,241,8/29/2005,2140,443400
Fraser River,2005,242,8/30/2005,2090,279100
Fraser River,2005,243,8/31/2005,2060,250850.8594
Fraser River,2005,244,9/1/2005,2120,347025.2023
Fraser River,2005,245,9/2/2005,2140,194569.9626
Fraser River,2005,246,9/3/2005,2240,125395.7781
Fraser River,2005,247,9/4/2005,2210,45665.84431
Fraser River,2005,248,9/5/2005,2090,57700
Fraser River,2005,249,9/6/2005,2120,85100
Fraser River,2005,250,9/7/2005,2210,147300
Fraser River,2005,251,9/8/2005,2150,135400
Fraser River,2005,252,9/9/2005,2050,122900
Fraser River,2005,253,9/10/2005,1950,132700
Fraser River,2005,254,9/11/2005,1930,243000
Fraser River,2005,255,9/12/2005,1970,256100
Fraser River,2005,256,9/13/2005,1930,99000
Fraser River,2005,257,9/14/2005,1850,61000
Fraser River,2005,258,9/15/2005,1840,41500
Fraser River,2005,259,9/16/2005,1800,34300
Fraser River,2005,260,9/17/2005,1800,51700
Fraser River,2005,261,9/18/2005,1900,56100
Fraser River,2005,262,9/19/2005,1910,34400
Fraser River,2005,263,9/20/2005,1890,57300
Fraser River,2005,264,9/21/2005,1810,11600
Fraser River,2005,265,9/22/2005,1750,14000
Fraser River,2005,266,9/23/2005,1770,9400
Fraser River,2005,267,9/24/2005,1790,12100
Fraser River,2005,268,9/25/2005,1760,10900
Fraser River,2005,269,9/26/2005,1670,18100
Fraser River,2005,270,9/27/2005,1600,13900
Fraser River,2005,271,9/28/2005,1530,3200
Fraser River,2005,272,9/29/2005,1580,NA
Fraser River,2005,273,9/30/2005,1770,NA
Fraser River,2006,121,5/1/2006,2920,NA
Fraser River,2006,122,5/2/2006,3080,NA
Fraser River,2006,123,5/3/2006,3200,NA
Fraser River,2006,124,5/4/2006,3140,NA
Fraser River,2006,125,5/5/2006,3080,NA
Fraser River,2006,126,5/6/2006,3030,NA
Fraser River,2006,127,5/7/2006,2960,NA
Fraser River,2006,128,5/8/2006,2940,NA
Fraser River,2006,129,5/9/2006,3000,NA
Fraser River,2006,130,5/10/2006,3110,NA
Fraser River,2006,131,5/11/2006,3200,NA
Fraser River,2006,132,5/12/2006,3160,NA
Fraser River,2006,133,5/13/2006,3030,NA
Fraser River,2006,134,5/14/2006,2970,NA
Fraser River,2006,135,5/15/2006,3050,NA
Fraser River,2006,136,5/16/2006,3350,NA
Fraser River,2006,137,5/17/2006,3780,NA
Fraser River,2006,138,5/18/2006,4130,NA
Fraser River,2006,139,5/19/2006,4370,NA
Fraser River,2006,140,5/20/2006,4870,NA
Fraser River,2006,141,5/21/2006,5520,NA
Fraser River,2006,142,5/22/2006,5970,NA
Fraser River,2006,143,5/23/2006,6360,NA
Fraser River,2006,144,5/24/2006,6700,NA
Fraser River,2006,145,5/25/2006,6980,NA
Fraser River,2006,146,5/26/2006,7100,NA
Fraser River,2006,147,5/27/2006,7190,NA
Fraser River,2006,148,5/28/2006,7070,NA
Fraser River,2006,149,5/29/2006,6750,NA
Fraser River,2006,150,5/30/2006,6420,NA
Fraser River,2006,151,5/31/2006,6170,NA
Fraser River,2006,152,6/1/2006,6080,NA
Fraser River,2006,153,6/2/2006,6210,NA
Fraser River,2006,154,6/3/2006,6320,NA
Fraser River,2006,155,6/4/2006,6270,NA
Fraser River,2006,156,6/5/2006,6520,NA
Fraser River,2006,157,6/6/2006,6930,NA
Fraser River,2006,158,6/7/2006,6990,NA
Fraser River,2006,159,6/8/2006,6790,NA
Fraser River,2006,160,6/9/2006,6610,NA
Fraser River,2006,161,6/10/2006,6490,NA
Fraser River,2006,162,6/11/2006,6420,NA
Fraser River,2006,163,6/12/2006,6410,NA
Fraser River,2006,164,6/13/2006,6440,NA
Fraser River,2006,165,6/14/2006,6490,NA
Fraser River,2006,166,6/15/2006,6380,NA
Fraser River,2006,167,6/16/2006,6210,NA
Fraser River,2006,168,6/17/2006,6150,NA
Fraser River,2006,169,6/18/2006,6080,NA
Fraser River,2006,170,6/19/2006,6050,NA
Fraser River,2006,171,6/20/2006,5880,NA
Fraser River,2006,172,6/21/2006,5670,NA
Fraser River,2006,173,6/22/2006,5410,NA
Fraser River,2006,174,6/23/2006,5190,NA
Fraser River,2006,175,6/24/2006,4990,479.119854
Fraser River,2006,176,6/25/2006,4880,319.413236
Fraser River,2006,177,6/26/2006,4800,NA
Fraser River,2006,178,6/27/2006,4710,319.413236
Fraser River,2006,179,6/28/2006,4610,NA
Fraser River,2006,180,6/29/2006,4520,NA
Fraser River,2006,181,6/30/2006,4510,NA
Fraser River,2006,182,7/1/2006,4580,1038.093017
Fraser River,2006,183,7/2/2006,4580,1517.212871
Fraser River,2006,184,7/3/2006,4460,638.826472
Fraser River,2006,185,7/4/2006,4300,1117.946326
Fraser River,2006,186,7/5/2006,4160,2715.012506
Fraser River,2006,187,7/6/2006,4100,2235.892652
Fraser River,2006,188,7/7/2006,4060,1437.359562
Fraser River,2006,189,7/8/2006,4030,1197.799635
Fraser River,2006,190,7/9/2006,4060,2076.186034
Fraser River,2006,191,7/10/2006,4120,2235.892652
Fraser River,2006,192,7/11/2006,4080,3912.812141
Fraser River,2006,193,7/12/2006,4010,2555.305888
Fraser River,2006,194,7/13/2006,4000,4871.051849
Fraser River,2006,195,7/14/2006,3990,4072.518759
Fraser River,2006,196,7/15/2006,3910,2474.258059
Fraser River,2006,197,7/16/2006,3810,2729.100101
Fraser River,2006,198,7/17/2006,3800,3254.211257
Fraser River,2006,199,7/18/2006,3810,4350.232734
Fraser River,2006,200,7/19/2006,3690,3714.470954
Fraser River,2006,201,7/20/2006,3510,4078.448647
Fraser River,2006,202,7/21/2006,3350,4787.710197
Fraser River,2006,203,7/22/2006,3240,5260.601893
Fraser River,2006,204,7/23/2006,3160,4335.000278
Fraser River,2006,205,7/24/2006,3130,6248.395846
Fraser River,2006,206,7/25/2006,3150,9489.721514
Fraser River,2006,207,7/26/2006,3210,8998.965069
Fraser River,2006,208,7/27/2006,3260,11514.76041
Fraser River,2006,209,7/28/2006,3290,15100.23522
Fraser River,2006,210,7/29/2006,3260,25692.21401
Fraser River,2006,211,7/30/2006,3170,40396.22876
Fraser River,2006,212,7/31/2006,3070,64131.91049
Fraser River,2006,213,8/1/2006,2970,61371.52137
Fraser River,2006,214,8/2/2006,2920,65324.30929
Fraser River,2006,215,8/3/2006,2890,78223.19956
Fraser River,2006,216,8/4/2006,2880,42103.80217
Fraser River,2006,217,8/5/2006,2760,55183.0401
Fraser River,2006,218,8/6/2006,2650,48832.68485
Fraser River,2006,219,8/7/2006,2570,118670.6757
Fraser River,2006,220,8/8/2006,2490,99878.66418
Fraser River,2006,221,8/9/2006,2450,73608.38331
Fraser River,2006,222,8/10/2006,2410,108645.5727
Fraser River,2006,223,8/11/2006,2360,122727.2179
Fraser River,2006,224,8/12/2006,2330,80107.9548
Fraser River,2006,225,8/13/2006,2340,135901.9134
Fraser River,2006,226,8/14/2006,2330,279441.9363
Fraser River,2006,227,8/15/2006,2300,228599.651
Fraser River,2006,228,8/16/2006,2230,112533.4521
Fraser River,2006,229,8/17/2006,2180,89096.6473
Fraser River,2006,230,8/18/2006,2170,194982.6706
Fraser River,2006,231,8/19/2006,2160,90850.10085
Fraser River,2006,232,8/20/2006,2120,172780.0965
Fraser River,2006,233,8/21/2006,2070,276978.0657
Fraser River,2006,234,8/22/2006,2030,90022.8668
Fraser River,2006,235,8/23/2006,2010,40687.52193
Fraser River,2006,236,8/24/2006,1980,102365.7292
Fraser River,2006,237,8/25/2006,1940,133161.4393
Fraser River,2006,238,8/26/2006,1900,133376.3194
Fraser River,2006,239,8/27/2006,1860,201098.6046
Fraser River,2006,240,8/28/2006,1820,105187.4276
Fraser River,2006,241,8/29/2006,1780,153999.5711
Fraser River,2006,242,8/30/2006,1760,131984.4029
Fraser River,2006,243,8/31/2006,1730,186351.746
Fraser River,2006,244,9/1/2006,1700,115109.3536
Fraser River,2006,245,9/2/2006,1680,188695.8542
Fraser River,2006,246,9/3/2006,1650,253803.1261
Fraser River,2006,247,9/4/2006,1610,379868.3611
Fraser River,2006,248,9/5/2006,1540,405998.1821
Fraser River,2006,249,9/6/2006,1450,381775.7063
Fraser River,2006,250,9/7/2006,1430,421667.3661
Fraser River,2006,251,9/8/2006,1480,460793.4171
Fraser River,2006,252,9/9/2006,1500,263843.3569
Fraser River,2006,253,9/10/2006,1530,112722.1083
Fraser River,2006,254,9/11/2006,1520,311595.358
Fraser River,2006,255,9/12/2006,1510,249931.9814
Fraser River,2006,256,9/13/2006,1510,83269.04208
Fraser River,2006,257,9/14/2006,1510,59192.45967
Fraser River,2006,258,9/15/2006,1500,32757.32373
Fraser River,2006,259,9/16/2006,1460,82360.65079
Fraser River,2006,260,9/17/2006,1410,69580.04208
Fraser River,2006,261,9/18/2006,1370,159532.619
Fraser River,2006,262,9/19/2006,1330,120354.6907
Fraser River,2006,263,9/20/2006,1260,17238.30708
Fraser River,2006,264,9/21/2006,1220,16611.45955
Fraser River,2006,265,9/22/2006,1180,26327.59626
Fraser River,2006,266,9/23/2006,1150,17551.73084
Fraser River,2006,267,9/24/2006,1160,15984.61202
Fraser River,2006,268,9/25/2006,1180,NA
Fraser River,2006,269,9/26/2006,1120,NA
Fraser River,2006,270,9/27/2006,1090,NA
Fraser River,2006,271,9/28/2006,1100,NA
Fraser River,2006,272,9/29/2006,1130,NA
Fraser River,2006,273,9/30/2006,1180,NA
Fraser River,2007,121,5/1/2007,4350,NA
Fraser River,2007,122,5/2/2007,4200,NA
Fraser River,2007,123,5/3/2007,4030,NA
Fraser River,2007,124,5/4/2007,3870,NA
Fraser River,2007,125,5/5/2007,3910,NA
Fraser River,2007,126,5/6/2007,4140,NA
Fraser River,2007,127,5/7/2007,4260,NA
Fraser River,2007,128,5/8/2007,4410,NA
Fraser River,2007,129,5/9/2007,4590,NA
Fraser River,2007,130,5/10/2007,5120,NA
Fraser River,2007,131,5/11/2007,6000,NA
Fraser River,2007,132,5/12/2007,6490,NA
Fraser River,2007,133,5/13/2007,6250,NA
Fraser River,2007,134,5/14/2007,5890,NA
Fraser River,2007,135,5/15/2007,5710,NA
Fraser River,2007,136,5/16/2007,5740,NA
Fraser River,2007,137,5/17/2007,5750,NA
Fraser River,2007,138,5/18/2007,5770,NA
Fraser River,2007,139,5/19/2007,5970,NA
Fraser River,2007,140,5/20/2007,6120,NA
Fraser River,2007,141,5/21/2007,6180,NA
Fraser River,2007,142,5/22/2007,6210,NA
Fraser River,2007,143,5/23/2007,6280,NA
Fraser River,2007,144,5/24/2007,6210,NA
Fraser River,2007,145,5/25/2007,6090,NA
Fraser River,2007,146,5/26/2007,6010,NA
Fraser River,2007,147,5/27/2007,5980,NA
Fraser River,2007,148,5/28/2007,5920,NA
Fraser River,2007,149,5/29/2007,5990,NA
Fraser River,2007,150,5/30/2007,6320,NA
Fraser River,2007,151,5/31/2007,6650,NA
Fraser River,2007,152,6/1/2007,6890,NA
Fraser River,2007,153,6/2/2007,7250,NA
Fraser River,2007,154,6/3/2007,7800,NA
Fraser River,2007,155,6/4/2007,8560,NA
Fraser River,2007,156,6/5/2007,9200,NA
Fraser River,2007,157,6/6/2007,9740,NA
Fraser River,2007,158,6/7/2007,10200,NA
Fraser River,2007,159,6/8/2007,10500,NA
Fraser River,2007,160,6/9/2007,10800,NA
Fraser River,2007,161,6/10/2007,10800,NA
Fraser River,2007,162,6/11/2007,10600,NA
Fraser River,2007,163,6/12/2007,9940,NA
Fraser River,2007,164,6/13/2007,9410,NA
Fraser River,2007,165,6/14/2007,9040,NA
Fraser River,2007,166,6/15/2007,8580,NA
Fraser River,2007,167,6/16/2007,8100,NA
Fraser River,2007,168,6/17/2007,7730,NA
Fraser River,2007,169,6/18/2007,7460,NA
Fraser River,2007,170,6/19/2007,7340,NA
Fraser River,2007,171,6/20/2007,7460,NA
Fraser River,2007,172,6/21/2007,7610,NA
Fraser River,2007,173,6/22/2007,7590,NA
Fraser River,2007,174,6/23/2007,7360,NA
Fraser River,2007,175,6/24/2007,7170,NA
Fraser River,2007,176,6/25/2007,7150,NA
Fraser River,2007,177,6/26/2007,7130,NA
Fraser River,2007,178,6/27/2007,7000,600
Fraser River,2007,179,6/28/2007,6750,2000
Fraser River,2007,180,6/29/2007,6550,700
Fraser River,2007,181,6/30/2007,6450,NA
Fraser River,2007,182,7/1/2007,6440,NA
Fraser River,2007,183,7/2/2007,6550,1400
Fraser River,2007,184,7/3/2007,6710,600
Fraser River,2007,185,7/4/2007,6850,NA
Fraser River,2007,186,7/5/2007,6810,1300
Fraser River,2007,187,7/6/2007,6660,600
Fraser River,2007,188,7/7/2007,6550,1900
Fraser River,2007,189,7/8/2007,6580,700
Fraser River,2007,190,7/9/2007,6640,100
Fraser River,2007,191,7/10/2007,6580,NA
Fraser River,2007,192,7/11/2007,6440,3000
Fraser River,2007,193,7/12/2007,6270,1100
Fraser River,2007,194,7/13/2007,6120,300
Fraser River,2007,195,7/14/2007,6070,200
Fraser River,2007,196,7/15/2007,6090,200
Fraser River,2007,197,7/16/2007,6080,400
Fraser River,2007,198,7/17/2007,6070,200
Fraser River,2007,199,7/18/2007,6070,300
Fraser River,2007,200,7/19/2007,6100,600
Fraser River,2007,201,7/20/2007,6020,604.7535407
Fraser River,2007,202,7/21/2007,5890,617.5688395
Fraser River,2007,203,7/22/2007,5960,1119.320295
Fraser River,2007,204,7/23/2007,6100,819.4770884
Fraser River,2007,205,7/24/2007,6040,620.4546324
Fraser River,2007,206,7/25/2007,5810,534.6472613
Fraser River,2007,207,7/26/2007,5630,1055.177136
Fraser River,2007,208,7/27/2007,5610,6234.203754
Fraser River,2007,209,7/28/2007,5510,2281.827883
Fraser River,2007,210,7/29/2007,5250,4709.974264
Fraser River,2007,211,7/30/2007,4970,7778.539977
Fraser River,2007,212,7/31/2007,4770,5500
Fraser River,2007,213,8/1/2007,4630,9700
Fraser River,2007,214,8/2/2007,4460,13243.11257
Fraser River,2007,215,8/3/2007,4440,13451.24019
Fraser River,2007,216,8/4/2007,4280,16767.62954
Fraser River,2007,217,8/5/2007,4100,43403.03895
Fraser River,2007,218,8/6/2007,3970,80566.14628
Fraser River,2007,219,8/7/2007,3920,61100
Fraser River,2007,220,8/8/2007,3870,48346
Fraser River,2007,221,8/9/2007,3800,38946
Fraser River,2007,222,8/10/2007,3690,70851
Fraser River,2007,223,8/11/2007,3580,51456
Fraser River,2007,224,8/12/2007,3440,33417
Fraser River,2007,225,8/13/2007,3310,33631
Fraser River,2007,226,8/14/2007,3180,54060
Fraser River,2007,227,8/15/2007,3050,55305.37523
Fraser River,2007,228,8/16/2007,2980,93785.90638
Fraser River,2007,229,8/17/2007,2920,52335.8287
Fraser River,2007,230,8/18/2007,2870,30992.91569
Fraser River,2007,231,8/19/2007,2810,15300
Fraser River,2007,232,8/20/2007,2770,11100
Fraser River,2007,233,8/21/2007,2770,15000
Fraser River,2007,234,8/22/2007,2780,27100
Fraser River,2007,235,8/23/2007,2760,29300
Fraser River,2007,236,8/24/2007,2720,31200
Fraser River,2007,237,8/25/2007,2670,37000
Fraser River,2007,238,8/26/2007,2630,25700
Fraser River,2007,239,8/27/2007,2590,14600
Fraser River,2007,240,8/28/2007,2540,13300
Fraser River,2007,241,8/29/2007,2520,14200
Fraser River,2007,242,8/30/2007,2480,13800
Fraser River,2007,243,8/31/2007,2440,17600
Fraser River,2007,244,9/1/2007,2370,3500
Fraser River,2007,245,9/2/2007,2300,4000
Fraser River,2007,246,9/3/2007,2330,5500
Fraser River,2007,247,9/4/2007,2370,8800
Fraser River,2007,248,9/5/2007,2330,8100
Fraser River,2007,249,9/6/2007,2330,10600
Fraser River,2007,250,9/7/2007,2310,8500
Fraser River,2007,251,9/8/2007,2290,13900
Fraser River,2007,252,9/9/2007,2400,12200
Fraser River,2007,253,9/10/2007,2430,19900
Fraser River,2007,254,9/11/2007,2380,27100
Fraser River,2007,255,9/12/2007,2250,21400
Fraser River,2007,256,9/13/2007,2100,33200
Fraser River,2007,257,9/14/2007,2010,5800
Fraser River,2007,258,9/15/2007,1970,1200
Fraser River,2007,259,9/16/2007,1940,1400
Fraser River,2007,260,9/17/2007,1910,600
Fraser River,2007,261,9/18/2007,1860,NA
Fraser River,2007,262,9/19/2007,1770,NA
Fraser River,2007,263,9/20/2007,1750,NA
Fraser River,2007,264,9/21/2007,1720,NA
Fraser River,2007,265,9/22/2007,1690,NA
Fraser River,2007,266,9/23/2007,1650,NA
Fraser River,2007,267,9/24/2007,1660,NA
Fraser River,2007,268,9/25/2007,1700,NA
Fraser River,2007,269,9/26/2007,1760,NA
Fraser River,2007,270,9/27/2007,1710,NA
Fraser River,2007,271,9/28/2007,1740,NA
Fraser River,2007,272,9/29/2007,1940,NA
Fraser River,2007,273,9/30/2007,2080,NA
Fraser River,2008,122,5/1/2008,1900,NA
Fraser River,2008,123,5/2/2008,2160,NA
Fraser River,2008,124,5/3/2008,2370,NA
Fraser River,2008,125,5/4/2008,2610,NA
Fraser River,2008,126,5/5/2008,2850,NA
Fraser River,2008,127,5/6/2008,3140,NA
Fraser River,2008,128,5/7/2008,3370,NA
Fraser River,2008,129,5/8/2008,3440,NA
Fraser River,2008,130,5/9/2008,3540,NA
Fraser River,2008,131,5/10/2008,3680,NA
Fraser River,2008,132,5/11/2008,3730,NA
Fraser River,2008,133,5/12/2008,3700,NA
Fraser River,2008,134,5/13/2008,3850,NA
Fraser River,2008,135,5/14/2008,4040,NA
Fraser River,2008,136,5/15/2008,4400,NA
Fraser River,2008,137,5/16/2008,4980,NA
Fraser River,2008,138,5/17/2008,5630,NA
Fraser River,2008,139,5/18/2008,6320,NA
Fraser River,2008,140,5/19/2008,7140,NA
Fraser River,2008,141,5/20/2008,7980,NA
Fraser River,2008,142,5/21/2008,8750,NA
Fraser River,2008,143,5/22/2008,9130,NA
Fraser River,2008,144,5/23/2008,9730,NA
Fraser River,2008,145,5/24/2008,10200,NA
Fraser River,2008,146,5/25/2008,10100,NA
Fraser River,2008,147,5/26/2008,9780,NA
Fraser River,2008,148,5/27/2008,9580,NA
Fraser River,2008,149,5/28/2008,9430,NA
Fraser River,2008,150,5/29/2008,9420,NA
Fraser River,2008,151,5/30/2008,9350,NA
Fraser River,2008,152,5/31/2008,9290,NA
Fraser River,2008,153,6/1/2008,9450,NA
Fraser River,2008,154,6/2/2008,9450,NA
Fraser River,2008,155,6/3/2008,9200,NA
Fraser River,2008,156,6/4/2008,9010,NA
Fraser River,2008,157,6/5/2008,8810,NA
Fraser River,2008,158,6/6/2008,8710,NA
Fraser River,2008,159,6/7/2008,8750,NA
Fraser River,2008,160,6/8/2008,8580,NA
Fraser River,2008,161,6/9/2008,8130,NA
Fraser River,2008,162,6/10/2008,7890,NA
Fraser River,2008,163,6/11/2008,7510,NA
Fraser River,2008,164,6/12/2008,7110,NA
Fraser River,2008,165,6/13/2008,6930,NA
Fraser River,2008,166,6/14/2008,6690,NA
Fraser River,2008,167,6/15/2008,6560,NA
Fraser River,2008,168,6/16/2008,6680,NA
Fraser River,2008,169,6/17/2008,6940,NA
Fraser River,2008,170,6/18/2008,6650,NA
Fraser River,2008,171,6/19/2008,6220,NA
Fraser River,2008,172,6/20/2008,6080,NA
Fraser River,2008,173,6/21/2008,6220,NA
Fraser River,2008,174,6/22/2008,6300,NA
Fraser River,2008,175,6/23/2008,6120,NA
Fraser River,2008,176,6/24/2008,5940,2800
Fraser River,2008,177,6/25/2008,6040,1600
Fraser River,2008,178,6/26/2008,6180,800
Fraser River,2008,179,6/27/2008,5980,3200
Fraser River,2008,180,6/28/2008,5900,2000
Fraser River,2008,181,6/29/2008,5920,3500
Fraser River,2008,182,6/30/2008,5900,2800
Fraser River,2008,183,7/1/2008,5930,NA
Fraser River,2008,184,7/2/2008,6150,1100
Fraser River,2008,185,7/3/2008,6400,3600
Fraser River,2008,186,7/4/2008,6660,3600
Fraser River,2008,187,7/5/2008,6770,7100
Fraser River,2008,188,7/6/2008,6840,1300
Fraser River,2008,189,7/7/2008,6710,2200
Fraser River,2008,190,7/8/2008,6650,1200
Fraser River,2008,191,7/9/2008,6510,2500
Fraser River,2008,192,7/10/2008,6390,6100
Fraser River,2008,193,7/11/2008,6030,3500
Fraser River,2008,194,7/12/2008,5760,3523.546564
Fraser River,2008,195,7/13/2008,5490,2473.185622
Fraser River,2008,196,7/14/2008,5120,20920.47473
Fraser River,2008,197,7/15/2008,4730,17822.58227
Fraser River,2008,198,7/16/2008,4470,50945.87869
Fraser River,2008,199,7/17/2008,4350,52829.81779
Fraser River,2008,200,7/18/2008,4170,63155.49516
Fraser River,2008,201,7/19/2008,4050,33971.3734
Fraser River,2008,202,7/20/2008,4000,37211.2713
Fraser River,2008,203,7/21/2008,3970,24428.1149
Fraser River,2008,204,7/22/2008,3900,41253.24625
Fraser River,2008,205,7/23/2008,3870,43476.61097
Fraser River,2008,206,7/24/2008,3870,60886.14863
Fraser River,2008,207,7/25/2008,3910,84035.40761
Fraser River,2008,208,7/26/2008,3870,55966.93036
Fraser River,2008,209,7/27/2008,3780,32722.36033
Fraser River,2008,210,7/28/2008,3580,53054.53242
Fraser River,2008,211,7/29/2008,3480,37259.85093
Fraser River,2008,212,7/30/2008,3420,41833.12443
Fraser River,2008,213,7/31/2008,3410,52670.05049
Fraser River,2008,214,8/1/2008,3410,38065.05644
Fraser River,2008,215,8/2/2008,3400,33886.82517
Fraser River,2008,216,8/3/2008,3370,17870.54052
Fraser River,2008,217,8/4/2008,3310,48299.83754
Fraser River,2008,218,8/5/2008,3260,48764.38809
Fraser River,2008,219,8/6/2008,3160,47416.93583
Fraser River,2008,220,8/7/2008,3070,33751.66221
Fraser River,2008,221,8/8/2008,3010,20973.91146
Fraser River,2008,222,8/9/2008,2990,24821.93201
Fraser River,2008,223,8/10/2008,2960,28454.54222
Fraser River,2008,224,8/11/2008,2940,34912.4159
Fraser River,2008,225,8/12/2008,2950,26411.59972
Fraser River,2008,226,8/13/2008,3040,23023.52004
Fraser River,2008,227,8/14/2008,3320,18078.45153
Fraser River,2008,228,8/15/2008,3490,23898.88554
Fraser River,2008,229,8/16/2008,3320,21982.92698
Fraser River,2008,230,8/17/2008,3150,13890.03147
Fraser River,2008,231,8/18/2008,3080,17861.37435
Fraser River,2008,232,8/19/2008,3110,15093.25968
Fraser River,2008,233,8/20/2008,3290,8826.077012
Fraser River,2008,234,8/21/2008,3470,10550.61824
Fraser River,2008,235,8/22/2008,3500,15495.77749
Fraser River,2008,236,8/23/2008,3670,9272.370229
Fraser River,2008,237,8/24/2008,3910,2174
Fraser River,2008,238,8/25/2008,3920,2903.393002
Fraser River,2008,239,8/26/2008,3710,4110.760112
Fraser River,2008,240,8/27/2008,3320,3152.57419
Fraser River,2008,241,8/28/2008,3300,8425.660861
Fraser River,2008,242,8/29/2008,3360,4108.862433
Fraser River,2008,243,8/30/2008,3170,2902.562222
Fraser River,2008,244,8/31/2008,3200,3400
Fraser River,2008,245,9/1/2008,3320,4200
Fraser River,2008,246,9/2/2008,3600,5000
Fraser River,2008,247,9/3/2008,3560,600
Fraser River,2008,248,9/4/2008,3330,500
Fraser River,2008,249,9/5/2008,3270,1800
Fraser River,2008,250,9/6/2008,3210,1200
Fraser River,2008,251,9/7/2008,3060,NA
Fraser River,2008,252,9/8/2008,2960,700
Fraser River,2008,253,9/9/2008,2840,NA
Fraser River,2008,254,9/10/2008,2630,NA
Fraser River,2008,255,9/11/2008,2370,NA
Fraser River,2008,256,9/12/2008,2260,NA
Fraser River,2008,257,9/13/2008,2160,NA
Fraser River,2008,258,9/14/2008,2060,NA
Fraser River,2008,259,9/15/2008,2050,NA
Fraser River,2008,260,9/16/2008,2180,NA
Fraser River,2008,261,9/17/2008,2190,NA
Fraser River,2008,262,9/18/2008,2250,NA
Fraser River,2008,263,9/19/2008,2170,NA
Fraser River,2008,264,9/20/2008,2100,NA
Fraser River,2008,265,9/21/2008,1970,NA
Fraser River,2008,266,9/22/2008,1750,NA
Fraser River,2008,267,9/23/2008,1710,NA
Fraser River,2008,268,9/24/2008,1640,NA
Fraser River,2008,269,9/25/2008,1660,NA
Fraser River,2008,270,9/26/2008,1680,NA
Fraser River,2008,271,9/27/2008,1840,NA
Fraser River,2008,272,9/28/2008,1790,NA
Fraser River,2008,273,9/29/2008,1740,NA
Fraser River,2008,274,9/30/2008,1680,NA
Fraser River,2009,121,5/1/2009,3190,NA
Fraser River,2009,122,5/2/2009,3180,NA
Fraser River,2009,123,5/3/2009,3230,NA
Fraser River,2009,124,5/4/2009,3290,NA
Fraser River,2009,125,5/5/2009,3680,NA
Fraser River,2009,126,5/6/2009,4030,NA
Fraser River,2009,127,5/7/2009,4200,NA
Fraser River,2009,128,5/8/2009,4350,NA
Fraser River,2009,129,5/9/2009,4510,NA
Fraser River,2009,130,5/10/2009,4500,NA
Fraser River,2009,131,5/11/2009,4480,NA
Fraser River,2009,132,5/12/2009,4510,NA
Fraser River,2009,133,5/13/2009,4480,NA
Fraser River,2009,134,5/14/2009,4620,NA
Fraser River,2009,135,5/15/2009,4670,NA
Fraser River,2009,136,5/16/2009,4650,NA
Fraser River,2009,137,5/17/2009,4610,NA
Fraser River,2009,138,5/18/2009,4650,NA
Fraser River,2009,139,5/19/2009,4730,NA
Fraser River,2009,140,5/20/2009,4870,NA
Fraser River,2009,141,5/21/2009,5230,NA
Fraser River,2009,142,5/22/2009,5310,NA
Fraser River,2009,143,5/23/2009,5200,NA
Fraser River,2009,144,5/24/2009,5050,NA
Fraser River,2009,145,5/25/2009,5020,NA
Fraser River,2009,146,5/26/2009,5160,NA
Fraser River,2009,147,5/27/2009,5300,NA
Fraser River,2009,148,5/28/2009,5480,NA
Fraser River,2009,149,5/29/2009,5910,NA
Fraser River,2009,150,5/30/2009,6300,NA
Fraser River,2009,151,5/31/2009,6250,NA
Fraser River,2009,152,6/1/2009,6090,NA
Fraser River,2009,153,6/2/2009,6220,NA
Fraser River,2009,154,6/3/2009,6420,NA
Fraser River,2009,155,6/4/2009,6450,NA
Fraser River,2009,156,6/5/2009,6480,NA
Fraser River,2009,157,6/6/2009,6600,NA
Fraser River,2009,158,6/7/2009,6840,NA
Fraser River,2009,159,6/8/2009,7220,NA
Fraser River,2009,160,6/9/2009,7410,NA
Fraser River,2009,161,6/10/2009,7180,NA
Fraser River,2009,162,6/11/2009,6810,NA
Fraser River,2009,163,6/12/2009,6530,NA
Fraser River,2009,164,6/13/2009,6420,NA
Fraser River,2009,165,6/14/2009,6490,NA
Fraser River,2009,166,6/15/2009,6670,NA
Fraser River,2009,167,6/16/2009,6920,NA
Fraser River,2009,168,6/17/2009,7070,NA
Fraser River,2009,169,6/18/2009,7230,NA
Fraser River,2009,170,6/19/2009,7370,NA
Fraser River,2009,171,6/20/2009,7490,NA
Fraser River,2009,172,6/21/2009,7430,NA
Fraser River,2009,173,6/22/2009,7290,NA
Fraser River,2009,174,6/23/2009,6990,NA
Fraser River,2009,175,6/24/2009,6660,NA
Fraser River,2009,176,6/25/2009,6060,1200
Fraser River,2009,177,6/26/2009,5760,500
Fraser River,2009,178,6/27/2009,5470,900
Fraser River,2009,179,6/28/2009,5550,1000
Fraser River,2009,180,6/29/2009,5680,2600
Fraser River,2009,181,6/30/2009,5480,3200
Fraser River,2009,182,7/1/2009,5280,1615.29059
Fraser River,2009,183,7/2/2009,5160,9757.242696
Fraser River,2009,184,7/3/2009,4910,9307.835243
Fraser River,2009,185,7/4/2009,4580,11202.61069
Fraser River,2009,186,7/5/2009,4300,12830.97886
Fraser River,2009,187,7/6/2009,4070,7931.229785
Fraser River,2009,188,7/7/2009,4050,3617.133763
Fraser River,2009,189,7/8/2009,4140,7194.456162
Fraser River,2009,190,7/9/2009,4340,1781.537287
Fraser River,2009,191,7/10/2009,4710,2559.505089
Fraser River,2009,192,7/11/2009,4980,4817.466854
Fraser River,2009,193,7/12/2009,4850,5910.655011
Fraser River,2009,194,7/13/2009,4660,4747.30919
Fraser River,2009,195,7/14/2009,4550,3303.056538
Fraser River,2009,196,7/15/2009,4520,4086.687102
Fraser River,2009,197,7/16/2009,4560,3403.591005
Fraser River,2009,198,7/17/2009,4510,2633.743121
Fraser River,2009,199,7/18/2009,4440,839.80363
Fraser River,2009,200,7/19/2009,4250,740.9495255
Fraser River,2009,201,7/20/2009,4140,1606.268429
Fraser River,2009,202,7/21/2009,4150,2329.156541
Fraser River,2009,203,7/22/2009,4180,4863.73699
Fraser River,2009,204,7/23/2009,4160,6926.077915
Fraser River,2009,205,7/24/2009,4060,11666.56181
Fraser River,2009,206,7/25/2009,3930,9823.366378
Fraser River,2009,207,7/26/2009,3930,9304.570352
Fraser River,2009,208,7/27/2009,3960,12879.45042
Fraser River,2009,209,7/28/2009,3960,16286.71969
Fraser River,2009,210,7/29/2009,3990,18294.96963
Fraser River,2009,211,7/30/2009,4040,16668.70995
Fraser River,2009,212,7/31/2009,4070,16144.62658
Fraser River,2009,213,8/1/2009,4040,12937.14841
Fraser River,2009,214,8/2/2009,3940,13615.53161
Fraser River,2009,215,8/3/2009,3840,16599.54963
Fraser River,2009,216,8/4/2009,3760,19823.52752
Fraser River,2009,217,8/5/2009,3670,28873.77098
Fraser River,2009,218,8/6/2009,3690,65881.5066
Fraser River,2009,219,8/7/2009,3670,56263.22794
Fraser River,2009,220,8/8/2009,3500,62647.66386
Fraser River,2009,221,8/9/2009,3330,42972.65982
Fraser River,2009,222,8/10/2009,3190,32821.9636
Fraser River,2009,223,8/11/2009,3030,40128.69964
Fraser River,2009,224,8/12/2009,2900,39457.70267
Fraser River,2009,225,8/13/2009,2850,19209.97891
Fraser River,2009,226,8/14/2009,2900,26969.5716
Fraser River,2009,227,8/15/2009,2920,30330.6576
Fraser River,2009,228,8/16/2009,2820,39994.84461
Fraser River,2009,229,8/17/2009,2640,43137.1381
Fraser River,2009,230,8/18/2009,2470,48995.3962
Fraser River,2009,231,8/19/2009,2340,20142.81625
Fraser River,2009,232,8/20/2009,2250,28396.17641
Fraser River,2009,233,8/21/2009,2190,19853.98394
Fraser River,2009,234,8/22/2009,2180,18538.04434
Fraser River,2009,235,8/23/2009,2210,14369.72655
Fraser River,2009,236,8/24/2009,2200,12919.38848
Fraser River,2009,237,8/25/2009,2200,10551.58452
Fraser River,2009,238,8/26/2009,2210,10323.55322
Fraser River,2009,239,8/27/2009,2140,14644.80867
Fraser River,2009,240,8/28/2009,2060,12445.99264
Fraser River,2009,241,8/29/2009,1910,21298.62038
Fraser River,2009,242,8/30/2009,1770,18189.11696
Fraser River,2009,243,8/31/2009,1730,14444.58862
Fraser River,2009,244,9/1/2009,1780,19058.99821
Fraser River,2009,245,9/2/2009,1750,7150.60976
Fraser River,2009,246,9/3/2009,1750,10884.25161
Fraser River,2009,247,9/4/2009,1780,2269.979626
Fraser River,2009,248,9/5/2009,1800,12756.52573
Fraser River,2009,249,9/6/2009,1850,12757.86994
Fraser River,2009,250,9/7/2009,1920,16591.40389
Fraser River,2009,251,9/8/2009,2010,38913.48799
Fraser River,2009,252,9/9/2009,1990,59937.9574
Fraser River,2009,253,9/10/2009,1930,9863.966068
Fraser River,2009,254,9/11/2009,1920,3018
Fraser River,2009,255,9/12/2009,1990,2848
Fraser River,2009,256,9/13/2009,1930,723
Fraser River,2009,257,9/14/2009,1900,3188
Fraser River,2009,258,9/15/2009,1810,3273
Fraser River,2009,259,9/16/2009,1740,1913
Fraser River,2009,260,9/17/2009,1690,NA
Fraser River,2009,261,9/18/2009,1650,680
Fraser River,2009,262,9/19/2009,1660,1275
Fraser River,2009,263,9/20/2009,1720,1445
Fraser River,2009,264,9/21/2009,1760,NA
Fraser River,2009,265,9/22/2009,1820,NA
Fraser River,2009,266,9/23/2009,1920,595
Fraser River,2009,267,9/24/2009,1920,NA
Fraser River,2009,268,9/25/2009,1910,NA
Fraser River,2009,269,9/26/2009,1800,NA
Fraser River,2009,270,9/27/2009,1730,NA
Fraser River,2009,271,9/28/2009,1670,NA
Fraser River,2009,272,9/29/2009,1650,NA
Fraser River,2009,273,9/30/2009,1640,NA
Fraser River,2010,121,5/1/2010,2670,NA
Fraser River,2010,122,5/2/2010,2770,NA
Fraser River,2010,123,5/3/2010,2800,NA
Fraser River,2010,124,5/4/2010,2750,NA
Fraser River,2010,125,5/5/2010,2720,NA
Fraser River,2010,126,5/6/2010,2680,NA
Fraser River,2010,127,5/7/2010,2600,NA
Fraser River,2010,128,5/8/2010,2500,NA
Fraser River,2010,129,5/9/2010,2390,NA
Fraser River,2010,130,5/10/2010,2310,NA
Fraser River,2010,131,5/11/2010,2250,NA
Fraser River,2010,132,5/12/2010,2250,NA
Fraser River,2010,133,5/13/2010,2330,NA
Fraser River,2010,134,5/14/2010,2420,NA
Fraser River,2010,135,5/15/2010,2550,NA
Fraser River,2010,136,5/16/2010,2710,NA
Fraser River,2010,137,5/17/2010,2940,NA
Fraser River,2010,138,5/18/2010,3230,NA
Fraser River,2010,139,5/19/2010,3480,NA
Fraser River,2010,140,5/20/2010,3930,NA
Fraser River,2010,141,5/21/2010,4380,NA
Fraser River,2010,142,5/22/2010,4970,NA
Fraser River,2010,143,5/23/2010,5270,NA
Fraser River,2010,144,5/24/2010,5260,NA
Fraser River,2010,145,5/25/2010,4970,NA
Fraser River,2010,146,5/26/2010,4590,NA
Fraser River,2010,147,5/27/2010,4380,NA
Fraser River,2010,148,5/28/2010,4490,NA
Fraser River,2010,149,5/29/2010,4550,NA
Fraser River,2010,150,5/30/2010,4620,NA
Fraser River,2010,151,5/31/2010,4720,NA
Fraser River,2010,152,6/1/2010,4830,NA
Fraser River,2010,153,6/2/2010,4840,NA
Fraser River,2010,154,6/3/2010,5020,NA
Fraser River,2010,155,6/4/2010,4860,NA
Fraser River,2010,156,6/5/2010,4880,NA
Fraser River,2010,157,6/6/2010,5080,NA
Fraser River,2010,158,6/7/2010,5150,NA
Fraser River,2010,159,6/8/2010,5100,NA
Fraser River,2010,160,6/9/2010,5080,NA
Fraser River,2010,161,6/10/2010,5180,NA
Fraser River,2010,162,6/11/2010,5270,NA
Fraser River,2010,163,6/12/2010,5370,NA
Fraser River,2010,164,6/13/2010,5510,NA
Fraser River,2010,165,6/14/2010,5610,NA
Fraser River,2010,166,6/15/2010,5610,NA
Fraser River,2010,167,6/16/2010,5680,NA
Fraser River,2010,168,6/17/2010,5780,NA
Fraser River,2010,169,6/18/2010,5670,NA
Fraser River,2010,170,6/19/2010,5500,NA
Fraser River,2010,171,6/20/2010,5400,NA
Fraser River,2010,172,6/21/2010,5370,NA
Fraser River,2010,173,6/22/2010,5330,NA
Fraser River,2010,174,6/23/2010,5420,NA
Fraser River,2010,175,6/24/2010,5560,NA
Fraser River,2010,176,6/25/2010,5690,0.02500125
Fraser River,2010,177,6/26/2010,5780,500
Fraser River,2010,178,6/27/2010,5880,0.047507359
Fraser River,2010,179,6/28/2010,5950,1500.015836
Fraser River,2010,180,6/29/2010,5900,500.015225
Fraser River,2010,181,6/30/2010,5700,500.0146595
Fraser River,2010,182,7/1/2010,5430,500.0568733
Fraser River,2010,183,7/2/2010,5220,1900.099901
Fraser River,2010,184,7/3/2010,5040,3500.013638
Fraser River,2010,185,7/4/2010,4860,500.0706189
Fraser River,2010,186,7/5/2010,4650,3100.127798
Fraser River,2010,187,7/6/2010,4420,5600.269773
Fraser River,2010,188,7/7/2010,4340,11800.13971
Fraser River,2010,189,7/8/2010,4450,6100.129355
Fraser River,2010,190,7/9/2010,4550,5700.157912
Fraser River,2010,191,7/10/2010,4530,7400.285954
Fraser River,2010,192,7/11/2010,4470,14217.3543
Fraser River,2010,193,7/12/2010,4540,11133.39131
Fraser River,2010,194,7/13/2010,4590,4900.025703
Fraser River,2010,195,7/14/2010,4510,7260.85883
Fraser River,2010,196,7/15/2010,4450,7602.454413
Fraser River,2010,197,7/16/2010,4370,4358.377209
Fraser River,2010,198,7/17/2010,4170,5813.92607
Fraser River,2010,199,7/18/2010,3960,3994.914714
Fraser River,2010,200,7/19/2010,3820,6713.128446
Fraser River,2010,201,7/20/2010,3690,11409.32649
Fraser River,2010,202,7/21/2010,3580,15210.47328
Fraser River,2010,203,7/22/2010,3500,17474.39718
Fraser River,2010,204,7/23/2010,3470,21643.92899
Fraser River,2010,205,7/24/2010,3390,25579.56915
Fraser River,2010,206,7/25/2010,3380,40603.60765
Fraser River,2010,207,7/26/2010,3410,63627.88005
Fraser River,2010,208,7/27/2010,3430,59584.37058
Fraser River,2010,209,7/28/2010,3430,88327.1786
Fraser River,2010,210,7/29/2010,3350,107574.5111
Fraser River,2010,211,7/30/2010,3260,130970.1031
Fraser River,2010,212,7/31/2010,3190,119086.4204
Fraser River,2010,213,8/1/2010,3180,190628.2739
Fraser River,2010,214,8/2/2010,3200,185040.1444
Fraser River,2010,215,8/3/2010,3180,178193.5205
Fraser River,2010,216,8/4/2010,3140,183675.5378
Fraser River,2010,217,8/5/2010,3070,250507.277
Fraser River,2010,218,8/6/2010,3010,161662.889
Fraser River,2010,219,8/7/2010,2930,272734.7165
Fraser River,2010,220,8/8/2010,2860,170208.8098
Fraser River,2010,221,8/9/2010,2840,166101.469
Fraser River,2010,222,8/10/2010,2840,188402.9713
Fraser River,2010,223,8/11/2010,2860,128107.4554
Fraser River,2010,224,8/12/2010,2840,214767.1133
Fraser River,2010,225,8/13/2010,2800,212697.7068
Fraser River,2010,226,8/14/2010,2710,341823.7966
Fraser River,2010,227,8/15/2010,2640,307034.0665
Fraser River,2010,228,8/16/2010,2600,322718.0834
Fraser River,2010,229,8/17/2010,2550,393110.4425
Fraser River,2010,230,8/18/2010,2540,227523.3047
Fraser River,2010,231,8/19/2010,2520,176403.4402
Fraser River,2010,232,8/20/2010,2520,287546.5363
Fraser River,2010,233,8/21/2010,2500,309700
Fraser River,2010,234,8/22/2010,2460,338600
Fraser River,2010,235,8/23/2010,2420,332300
Fraser River,2010,236,8/24/2010,2310,181700
Fraser River,2010,237,8/25/2010,2180,166000
Fraser River,2010,238,8/26/2010,2070,62500
Fraser River,2010,239,8/27/2010,2030,124600
Fraser River,2010,240,8/28/2010,1980,139300
Fraser River,2010,241,8/29/2010,1960,255500
Fraser River,2010,242,8/30/2010,1980,274400
Fraser River,2010,243,8/31/2010,2020,164800
Fraser River,2010,244,9/1/2010,2070,204100
Fraser River,2010,245,9/2/2010,2010,233002.4949
Fraser River,2010,246,9/3/2010,1890,290000
Fraser River,2010,247,9/4/2010,1840,381500
Fraser River,2010,248,9/5/2010,1870,344700
Fraser River,2010,249,9/6/2010,1870,267200
Fraser River,2010,250,9/7/2010,1860,163500
Fraser River,2010,251,9/8/2010,1880,220200
Fraser River,2010,252,9/9/2010,1950,224100
Fraser River,2010,253,9/10/2010,1970,346205.9407
Fraser River,2010,254,9/11/2010,1890,415815.5633
Fraser River,2010,255,9/12/2010,1810,544716.6091
Fraser River,2010,256,9/13/2010,1790,581314.8976
Fraser River,2010,257,9/14/2010,1740,521415.1605
Fraser River,2010,258,9/15/2010,1700,530611.2318
Fraser River,2010,259,9/16/2010,1700,393107.9831
Fraser River,2010,260,9/17/2010,1690,279405.6116
Fraser River,2010,261,9/18/2010,1670,196405.4602
Fraser River,2010,262,9/19/2010,1670,191106.4202
Fraser River,2010,263,9/20/2010,1810,224710.1917
Fraser River,2010,264,9/21/2010,1860,356711.9804
Fraser River,2010,265,9/22/2010,1750,419309.8089
Fraser River,2010,266,9/23/2010,1750,343308.6831
Fraser River,2010,267,9/24/2010,1780,303906.9774
Fraser River,2010,268,9/25/2010,1780,244206.4488
Fraser River,2010,269,9/26/2010,1880,225702.8801
Fraser River,2010,270,9/27/2010,1940,100801.9315
Fraser River,2010,271,9/28/2010,2000,67600.34572
Fraser River,2010,272,9/29/2010,2350,12100.12286
Fraser River,2010,273,9/30/2010,2540,4300
Fraser River,2011,121,5/1/2011,2130,NA
Fraser River,2011,122,5/2/2011,2310,NA
Fraser River,2011,123,5/3/2011,2330,NA
Fraser River,2011,124,5/4/2011,2400,NA
Fraser River,2011,125,5/5/2011,2680,NA
Fraser River,2011,126,5/6/2011,2920,NA
Fraser River,2011,127,5/7/2011,3100,NA
Fraser River,2011,128,5/8/2011,3290,NA
Fraser River,2011,129,5/9/2011,3500,NA
Fraser River,2011,130,5/10/2011,3690,NA
Fraser River,2011,131,5/11/2011,3930,NA
Fraser River,2011,132,5/12/2011,4210,NA
Fraser River,2011,133,5/13/2011,4610,NA
Fraser River,2011,134,5/14/2011,5620,NA
Fraser River,2011,135,5/15/2011,6250,NA
Fraser River,2011,136,5/16/2011,6280,NA
Fraser River,2011,137,5/17/2011,6050,NA
Fraser River,2011,138,5/18/2011,6080,NA
Fraser River,2011,139,5/19/2011,6750,NA
Fraser River,2011,140,5/20/2011,7370,NA
Fraser River,2011,141,5/21/2011,7690,NA
Fraser River,2011,142,5/22/2011,7590,NA
Fraser River,2011,143,5/23/2011,7470,NA
Fraser River,2011,144,5/24/2011,7700,NA
Fraser River,2011,145,5/25/2011,8040,NA
Fraser River,2011,146,5/26/2011,8510,NA
Fraser River,2011,147,5/27/2011,8790,NA
Fraser River,2011,148,5/28/2011,8850,NA
Fraser River,2011,149,5/29/2011,9160,NA
Fraser River,2011,150,5/30/2011,9460,NA
Fraser River,2011,151,5/31/2011,9560,NA
Fraser River,2011,152,6/1/2011,9480,NA
Fraser River,2011,153,6/2/2011,9270,NA
Fraser River,2011,154,6/3/2011,9130,NA
Fraser River,2011,155,6/4/2011,9110,NA
Fraser River,2011,156,6/5/2011,9220,NA
Fraser River,2011,157,6/6/2011,9350,NA
Fraser River,2011,158,6/7/2011,9550,NA
Fraser River,2011,159,6/8/2011,9600,NA
Fraser River,2011,160,6/9/2011,9690,NA
Fraser River,2011,161,6/10/2011,9710,NA
Fraser River,2011,162,6/11/2011,9710,NA
Fraser River,2011,163,6/12/2011,9590,NA
Fraser River,2011,164,6/13/2011,9570,NA
Fraser River,2011,165,6/14/2011,9440,NA
Fraser River,2011,166,6/15/2011,9190,NA
Fraser River,2011,167,6/16/2011,8990,NA
Fraser River,2011,168,6/17/2011,8940,NA
Fraser River,2011,169,6/18/2011,8970,NA
Fraser River,2011,170,6/19/2011,8880,NA
Fraser River,2011,171,6/20/2011,8830,NA
Fraser River,2011,172,6/21/2011,8720,NA
Fraser River,2011,173,6/22/2011,8890,NA
Fraser River,2011,174,6/23/2011,9090,NA
Fraser River,2011,175,6/24/2011,9040,NA
Fraser River,2011,176,6/25/2011,8850,NA
Fraser River,2011,177,6/26/2011,8780,NA
Fraser River,2011,178,6/27/2011,8950,NA
Fraser River,2011,179,6/28/2011,9000,NA
Fraser River,2011,180,6/29/2011,8830,1600
Fraser River,2011,181,6/30/2011,8620,NA
Fraser River,2011,182,7/1/2011,8520,NA
Fraser River,2011,183,7/2/2011,8970,NA
Fraser River,2011,184,7/3/2011,9780,3100
Fraser River,2011,185,7/4/2011,9850,500
Fraser River,2011,186,7/5/2011,9230,NA
Fraser River,2011,187,7/6/2011,8800,500
Fraser River,2011,188,7/7/2011,8700,3800
Fraser River,2011,189,7/8/2011,8400,2400
Fraser River,2011,190,7/9/2011,8000,1600
Fraser River,2011,191,7/10/2011,8030,1400
Fraser River,2011,192,7/11/2011,8700,4600
Fraser River,2011,193,7/12/2011,9530,2000
Fraser River,2011,194,7/13/2011,9790,NA
Fraser River,2011,195,7/14/2011,9330,1600
Fraser River,2011,196,7/15/2011,8650,1500
Fraser River,2011,197,7/16/2011,8290,3600
Fraser River,2011,198,7/17/2011,8270,1900
Fraser River,2011,199,7/18/2011,8570,2100
Fraser River,2011,200,7/19/2011,8570,1800
Fraser River,2011,201,7/20/2011,8250,1900
Fraser River,2011,202,7/21/2011,7940,6751.63525
Fraser River,2011,203,7/22/2011,7760,4377.863288
Fraser River,2011,204,7/23/2011,7650,5922.123903
Fraser River,2011,205,7/24/2011,7910,8378.671307
Fraser River,2011,206,7/25/2011,8010,17707.36183
Fraser River,2011,207,7/26/2011,7630,15883.56393
Fraser River,2011,208,7/27/2011,7070,18316.95283
Fraser River,2011,209,7/28/2011,6670,20915.08047
Fraser River,2011,210,7/29/2011,6430,30401.47234
Fraser River,2011,211,7/30/2011,6250,29072.16253
Fraser River,2011,212,7/31/2011,6120,27603.42906
Fraser River,2011,213,8/1/2011,6070,34670.74168
Fraser River,2011,214,8/2/2011,6130,56057.37705
Fraser River,2011,215,8/3/2011,6170,67633.95133
Fraser River,2011,216,8/4/2011,6230,57518.12046
Fraser River,2011,217,8/5/2011,6200,61657.89149
Fraser River,2011,218,8/6/2011,5760,38300
Fraser River,2011,219,8/7/2011,5340,40300
Fraser River,2011,220,8/8/2011,5180,81602.29009
Fraser River,2011,221,8/9/2011,5040,114500
Fraser River,2011,222,8/10/2011,4890,114616.3382
Fraser River,2011,223,8/11/2011,4680,109766.991
Fraser River,2011,224,8/12/2011,4430,84732.58019
Fraser River,2011,225,8/13/2011,4270,89674.73713
Fraser River,2011,226,8/14/2011,4100,75850.60572
Fraser River,2011,227,8/15/2011,4010,102700.0014
Fraser River,2011,228,8/16/2011,3900,103100
Fraser River,2011,229,8/17/2011,3750,71100
Fraser River,2011,230,8/18/2011,3660,74105.85647
Fraser River,2011,231,8/19/2011,3630,74783.84523
Fraser River,2011,232,8/20/2011,3460,78000
Fraser River,2011,233,8/21/2011,3310,75200
Fraser River,2011,234,8/22/2011,3220,147000
Fraser River,2011,235,8/23/2011,3210,104900.0004
Fraser River,2011,236,8/24/2011,3180,57800.00081
Fraser River,2011,237,8/25/2011,3390,56862.15209
Fraser River,2011,238,8/26/2011,3870,46117.46903
Fraser River,2011,239,8/27/2011,3930,29523.53686
Fraser River,2011,240,8/28/2011,3850,15301.65242
Fraser River,2011,241,8/29/2011,3620,54500.83379
Fraser River,2011,242,8/30/2011,3420,27500.27584
Fraser River,2011,243,8/31/2011,3260,18200
Fraser River,2011,244,9/1/2011,3130,28000
Fraser River,2011,245,9/2/2011,3050,18300
Fraser River,2011,246,9/3/2011,2940,23300
Fraser River,2011,247,9/4/2011,2830,36300
Fraser River,2011,248,9/5/2011,2740,40700
Fraser River,2011,249,9/6/2011,2670,94729.22143
Fraser River,2011,250,9/7/2011,2570,87600
Fraser River,2011,251,9/8/2011,2460,85800
Fraser River,2011,252,9/9/2011,2420,62800.53555
Fraser River,2011,253,9/10/2011,2380,81401.46726
Fraser River,2011,254,9/11/2011,2350,111500.325
Fraser River,2011,255,9/12/2011,2330,24700.16449
Fraser River,2011,256,9/13/2011,2300,15000.19387
Fraser River,2011,257,9/14/2011,2250,22100.29673
Fraser River,2011,258,9/15/2011,2210,45100.18246
Fraser River,2011,259,9/16/2011,2180,41600.17281
Fraser River,2011,260,9/17/2011,2160,78800
Fraser River,2011,261,9/18/2011,2100,89400
Fraser River,2011,262,9/19/2011,2070,48700
Fraser River,2011,263,9/20/2011,2090,78800
Fraser River,2011,264,9/21/2011,2010,85800
Fraser River,2011,265,9/22/2011,2010,55300
Fraser River,2011,266,9/23/2011,2010,79700
Fraser River,2011,267,9/24/2011,2020,113300
Fraser River,2011,268,9/25/2011,2070,68100
Fraser River,2011,269,9/26/2011,2570,8000
Fraser River,2011,270,9/27/2011,3620,NA
Fraser River,2011,271,9/28/2011,3460,2700
Fraser River,2011,272,9/29/2011,3140,2700
Fraser River,2011,273,9/30/2011,2900,NA
Fraser River,2012,122,5/1/2012,6140,NA
Fraser River,2012,123,5/2/2012,5970,NA
Fraser River,2012,124,5/3/2012,5900,NA
Fraser River,2012,125,5/4/2012,5830,NA
Fraser River,2012,126,5/5/2012,5630,NA
Fraser River,2012,127,5/6/2012,5400,NA
Fraser River,2012,128,5/7/2012,5270,NA
Fraser River,2012,129,5/8/2012,5200,NA
Fraser River,2012,130,5/9/2012,5210,NA
Fraser River,2012,131,5/10/2012,5150,NA
Fraser River,2012,132,5/11/2012,5210,NA
Fraser River,2012,133,5/12/2012,5200,NA
Fraser River,2012,134,5/13/2012,5110,NA
Fraser River,2012,135,5/14/2012,5080,NA
Fraser River,2012,136,5/15/2012,5190,NA
Fraser River,2012,137,5/16/2012,5400,NA
Fraser River,2012,138,5/17/2012,5530,NA
Fraser River,2012,139,5/18/2012,5700,NA
Fraser River,2012,140,5/19/2012,5860,NA
Fraser River,2012,141,5/20/2012,5840,NA
Fraser River,2012,142,5/21/2012,5720,NA
Fraser River,2012,143,5/22/2012,5760,NA
Fraser River,2012,144,5/23/2012,5460,NA
Fraser River,2012,145,5/24/2012,5470,NA
Fraser River,2012,146,5/25/2012,5780,NA
Fraser River,2012,147,5/26/2012,6090,NA
Fraser River,2012,148,5/27/2012,6220,NA
Fraser River,2012,149,5/28/2012,6270,NA
Fraser River,2012,150,5/29/2012,6270,NA
Fraser River,2012,151,5/30/2012,6320,NA
Fraser River,2012,152,5/31/2012,6610,NA
Fraser River,2012,153,6/1/2012,7110,NA
Fraser River,2012,154,6/2/2012,7420,NA
Fraser River,2012,155,6/3/2012,7150,NA
Fraser River,2012,156,6/4/2012,7010,NA
Fraser River,2012,157,6/5/2012,7270,NA
Fraser River,2012,158,6/6/2012,7410,NA
Fraser River,2012,159,6/7/2012,7230,NA
Fraser River,2012,160,6/8/2012,7330,NA
Fraser River,2012,161,6/9/2012,8160,NA
Fraser River,2012,162,6/10/2012,9140,NA
Fraser River,2012,163,6/11/2012,9480,NA
Fraser River,2012,164,6/12/2012,9230,NA
Fraser River,2012,165,6/13/2012,8980,NA
Fraser River,2012,166,6/14/2012,8860,NA
Fraser River,2012,167,6/15/2012,9010,NA
Fraser River,2012,168,6/16/2012,9380,NA
Fraser River,2012,169,6/17/2012,10000,NA
Fraser River,2012,170,6/18/2012,9940,NA
Fraser River,2012,171,6/19/2012,10100,NA
Fraser River,2012,172,6/20/2012,10700,NA
Fraser River,2012,173,6/21/2012,11500,NA
Fraser River,2012,174,6/22/2012,11700,NA
Fraser River,2012,175,6/23/2012,11600,NA
Fraser River,2012,176,6/24/2012,11300,NA
Fraser River,2012,177,6/25/2012,10800,NA
Fraser River,2012,178,6/26/2012,10800,NA
Fraser River,2012,179,6/27/2012,11000,NA
Fraser River,2012,180,6/28/2012,11100,NA
Fraser River,2012,181,6/29/2012,10900,48.8417956
Fraser River,2012,182,6/30/2012,10400,664.70836
Fraser River,2012,183,7/1/2012,9910,605.1805909
Fraser River,2012,184,7/2/2012,9330,1092.768176
Fraser River,2012,185,7/3/2012,9140,6917
Fraser River,2012,186,7/4/2012,9150,6069
Fraser River,2012,187,7/5/2012,9200,5486
Fraser River,2012,188,7/6/2012,9190,15423
Fraser River,2012,189,7/7/2012,9240,28382
Fraser River,2012,190,7/8/2012,9210,24078.88186
Fraser River,2012,191,7/9/2012,8870,29223.35323
Fraser River,2012,192,7/10/2012,8540,29278.05831
Fraser River,2012,193,7/11/2012,8360,54460.94592
Fraser River,2012,194,7/12/2012,8310,37206.67146
Fraser River,2012,195,7/13/2012,8370,42439.50525
Fraser River,2012,196,7/14/2012,8420,39180.71996
Fraser River,2012,197,7/15/2012,8340,28867.26274
Fraser River,2012,198,7/16/2012,8210,14216.84401
Fraser River,2012,199,7/17/2012,8020,12271.20384
Fraser River,2012,200,7/18/2012,7840,14902.10528
Fraser River,2012,201,7/19/2012,7640,27953.67186
Fraser River,2012,202,7/20/2012,7460,31500.70921
Fraser River,2012,203,7/21/2012,7340,34786.6851
Fraser River,2012,204,7/22/2012,7150,33881.88594
Fraser River,2012,205,7/23/2012,7000,33051.67254
Fraser River,2012,206,7/24/2012,6800,14831.25199
Fraser River,2012,207,7/25/2012,6660,12278.40285
Fraser River,2012,208,7/26/2012,6600,20899.74481
Fraser River,2012,209,7/27/2012,6490,19858.22224
Fraser River,2012,210,7/28/2012,6430,15318.42369
Fraser River,2012,211,7/29/2012,6320,13079.39988
Fraser River,2012,212,7/30/2012,6120,34228.62468
Fraser River,2012,213,7/31/2012,5880,47505.146
Fraser River,2012,214,8/1/2012,5650,73862.73039
Fraser River,2012,215,8/2/2012,5460,53925.07966
Fraser River,2012,216,8/3/2012,5260,45302.69168
Fraser River,2012,217,8/4/2012,5090,61201.6771
Fraser River,2012,218,8/5/2012,4950,83039.12101
Fraser River,2012,219,8/6/2012,4820,112683.2329
Fraser River,2012,220,8/7/2012,4700,93993.59004
Fraser River,2012,221,8/8/2012,4600,65705.06875
Fraser River,2012,222,8/9/2012,4580,55740.65495
Fraser River,2012,223,8/10/2012,4610,67330.15724
Fraser River,2012,224,8/11/2012,4550,48068.78503
Fraser River,2012,225,8/12/2012,4470,38252.33532
Fraser River,2012,226,8/13/2012,4340,44541.88214
Fraser River,2012,227,8/14/2012,4180,56485.13639
Fraser River,2012,228,8/15/2012,3980,48918.41589
Fraser River,2012,229,8/16/2012,3820,45000.56245
Fraser River,2012,230,8/17/2012,3710,52378.48833
Fraser River,2012,231,8/18/2012,3680,31394.28511
Fraser River,2012,232,8/19/2012,3620,12730.56409
Fraser River,2012,233,8/20/2012,3510,11084.94878
Fraser River,2012,234,8/21/2012,3370,12353.44841
Fraser River,2012,235,8/22/2012,3270,7655.387207
Fraser River,2012,236,8/23/2012,3260,6485
Fraser River,2012,237,8/24/2012,3280,2895.000799
Fraser River,2012,238,8/25/2012,3250,679.0050977
Fraser River,2012,239,8/26/2012,3170,1598.00512
Fraser River,2012,240,8/27/2012,3050,2033.002224
Fraser River,2012,241,8/28/2012,2910,3585
Fraser River,2012,242,8/29/2012,2770,1980
Fraser River,2012,243,8/30/2012,2630,910
Fraser River,2012,244,8/31/2012,2520,NA
Fraser River,2012,245,9/1/2012,2470,8346
Fraser River,2012,246,9/2/2012,2430,1017
Fraser River,2012,247,9/3/2012,2400,5885
Fraser River,2012,248,9/4/2012,2370,856
Fraser River,2012,249,9/5/2012,2280,NA
Fraser River,2012,250,9/6/2012,2190,3424
Fraser River,2012,251,9/7/2012,2130,4173
Fraser River,2012,252,9/8/2012,2110,1017
Fraser River,2012,253,9/9/2012,2090,NA
Fraser River,2012,254,9/10/2012,2070,NA
Fraser River,2012,255,9/11/2012,2040,NA
Fraser River,2012,256,9/12/2012,1990,NA
Fraser River,2012,257,9/13/2012,1980,1873
Fraser River,2012,258,9/14/2012,2010,910
Fraser River,2012,259,9/15/2012,2000,883
Fraser River,2012,260,9/16/2012,1950,856
Fraser River,2012,261,9/17/2012,1870,428
Fraser River,2012,262,9/18/2012,1820,NA
Fraser River,2012,263,9/19/2012,1760,NA
Fraser River,2012,264,9/20/2012,1700,NA
Fraser River,2012,265,9/21/2012,1670,NA
Fraser River,2012,266,9/22/2012,1640,NA
Fraser River,2012,267,9/23/2012,1610,NA
Fraser River,2012,268,9/24/2012,1590,NA
Fraser River,2012,269,9/25/2012,1560,NA
Fraser River,2012,270,9/26/2012,1550,NA
Fraser River,2012,271,9/27/2012,1540,NA
Fraser River,2012,272,9/28/2012,1530,NA
Fraser River,2012,273,9/29/2012,1520,NA
Fraser River,2012,274,9/30/2012,1520,NA
Fraser River,2013,121,5/1/2013,4290,NA
Fraser River,2013,122,5/2/2013,4010,NA
Fraser River,2013,123,5/3/2013,3760,NA
Fraser River,2013,124,5/4/2013,3690,NA
Fraser River,2013,125,5/5/2013,3970,NA
Fraser River,2013,126,5/6/2013,4520,NA
Fraser River,2013,127,5/7/2013,5070,NA
Fraser River,2013,128,5/8/2013,5650,NA
Fraser River,2013,129,5/9/2013,6420,NA
Fraser River,2013,130,5/10/2013,7170,NA
Fraser River,2013,131,5/11/2013,7630,NA
Fraser River,2013,132,5/12/2013,8290,NA
Fraser River,2013,133,5/13/2013,9210,NA
Fraser River,2013,134,5/14/2013,9220,NA
Fraser River,2013,135,5/15/2013,9280,NA
Fraser River,2013,136,5/16/2013,9790,NA
Fraser River,2013,137,5/17/2013,10100,NA
Fraser River,2013,138,5/18/2013,9550,NA
Fraser River,2013,139,5/19/2013,8580,NA
Fraser River,2013,140,5/20/2013,7850,NA
Fraser River,2013,141,5/21/2013,7640,NA
Fraser River,2013,142,5/22/2013,7510,NA
Fraser River,2013,143,5/23/2013,7390,NA
Fraser River,2013,144,5/24/2013,7350,NA
Fraser River,2013,145,5/25/2013,7390,NA
Fraser River,2013,146,5/26/2013,7510,NA
Fraser River,2013,147,5/27/2013,7530,NA
Fraser River,2013,148,5/28/2013,7480,NA
Fraser River,2013,149,5/29/2013,7410,NA
Fraser River,2013,150,5/30/2013,7280,NA
Fraser River,2013,151,5/31/2013,7180,NA
Fraser River,2013,152,6/1/2013,7170,NA
Fraser River,2013,153,6/2/2013,7200,NA
Fraser River,2013,154,6/3/2013,7300,NA
Fraser River,2013,155,6/4/2013,7250,NA
Fraser River,2013,156,6/5/2013,7200,NA
Fraser River,2013,157,6/6/2013,7240,NA
Fraser River,2013,158,6/7/2013,7310,NA
Fraser River,2013,159,6/8/2013,7540,NA
Fraser River,2013,160,6/9/2013,7720,NA
Fraser River,2013,161,6/10/2013,7890,NA
Fraser River,2013,162,6/11/2013,8030,NA
Fraser River,2013,163,6/12/2013,7890,NA
Fraser River,2013,164,6/13/2013,7430,NA
Fraser River,2013,165,6/14/2013,7070,NA
Fraser River,2013,166,6/15/2013,6940,NA
Fraser River,2013,167,6/16/2013,7030,NA
Fraser River,2013,168,6/17/2013,7200,NA
Fraser River,2013,169,6/18/2013,7190,NA
Fraser River,2013,170,6/19/2013,7130,NA
Fraser River,2013,171,6/20/2013,7380,NA
Fraser River,2013,172,6/21/2013,7580,NA
Fraser River,2013,173,6/22/2013,7700,NA
Fraser River,2013,174,6/23/2013,7920,NA
Fraser River,2013,175,6/24/2013,8280,600
Fraser River,2013,176,6/25/2013,8320,500
Fraser River,2013,177,6/26/2013,8060,300
Fraser River,2013,178,6/27/2013,7810,400
Fraser River,2013,179,6/28/2013,7630,1200
Fraser River,2013,180,6/29/2013,7460,1000
Fraser River,2013,181,6/30/2013,7300,3000
Fraser River,2013,182,7/1/2013,7120,6300
Fraser River,2013,183,7/2/2013,7060,4700
Fraser River,2013,184,7/3/2013,7040,6800
Fraser River,2013,185,7/4/2013,6950,11300
Fraser River,2013,186,7/5/2013,6920,11938.8866
Fraser River,2013,187,7/6/2013,6860,11494.04886
Fraser River,2013,188,7/7/2013,6590,23223.99321
Fraser River,2013,189,7/8/2013,6230,18458.25556
Fraser River,2013,190,7/9/2013,5850,18697.08461
Fraser River,2013,191,7/10/2013,5500,17787.5532
Fraser River,2013,192,7/11/2013,5140,16691.35804
Fraser River,2013,193,7/12/2013,4940,15766.42928
Fraser River,2013,194,7/13/2013,4790,16325.83605
Fraser River,2013,195,7/14/2013,4720,14662.41571
Fraser River,2013,196,7/15/2013,4700,15794.1713
Fraser River,2013,197,7/16/2013,4700,19719.04299
Fraser River,2013,198,7/17/2013,4530,19587.6533
Fraser River,2013,199,7/18/2013,4350,14528.98311
Fraser River,2013,200,7/19/2013,4190,11840.14154
Fraser River,2013,201,7/20/2013,4010,14910.49929
Fraser River,2013,202,7/21/2013,3910,25798.14991
Fraser River,2013,203,7/22/2013,3870,28274.40656
Fraser River,2013,204,7/23/2013,3900,25233.92975
Fraser River,2013,205,7/24/2013,3910,24452.01796
Fraser River,2013,206,7/25/2013,3880,25413.28025
Fraser River,2013,207,7/26/2013,3820,25240.65456
Fraser River,2013,208,7/27/2013,3720,27052.5946
Fraser River,2013,209,7/28/2013,3600,39146.41368
Fraser River,2013,210,7/29/2013,3490,47750.17889
Fraser River,2013,211,7/30/2013,3430,64807.66063
Fraser River,2013,212,7/31/2013,3350,72310.08715
Fraser River,2013,213,8/1/2013,3240,76139.62287
Fraser River,2013,214,8/2/2013,3140,66076.08827
Fraser River,2013,215,8/3/2013,3050,53313.13032
Fraser River,2013,216,8/4/2013,3010,29231.86724
Fraser River,2013,217,8/5/2013,3000,28983.37093
Fraser River,2013,218,8/6/2013,3030,50308.04203
Fraser River,2013,219,8/7/2013,3060,70416.28297
Fraser River,2013,220,8/8/2013,3080,68116.41143
Fraser River,2013,221,8/9/2013,3070,73087.99519
Fraser River,2013,222,8/10/2013,2990,63457.96038
Fraser River,2013,223,8/11/2013,2920,60139.46096
Fraser River,2013,224,8/12/2013,2900,76243.01713
Fraser River,2013,225,8/13/2013,2870,74881.36086
Fraser River,2013,226,8/14/2013,2860,104624.2196
Fraser River,2013,227,8/15/2013,2860,118800
Fraser River,2013,228,8/16/2013,2880,101800
Fraser River,2013,229,8/17/2013,2840,76500
Fraser River,2013,230,8/18/2013,2780,75800
Fraser River,2013,231,8/19/2013,2740,86631.18698
Fraser River,2013,232,8/20/2013,2730,88064.50609
Fraser River,2013,233,8/21/2013,2710,61506.18705
Fraser River,2013,234,8/22/2013,2750,71111.29358
Fraser River,2013,235,8/23/2013,2780,74420.66206
Fraser River,2013,236,8/24/2013,2670,75713.31714
Fraser River,2013,237,8/25/2013,2500,110297.201
Fraser River,2013,238,8/26/2013,2360,75402.11324
Fraser River,2013,239,8/27/2013,2310,109702.2162
Fraser River,2013,240,8/28/2013,2280,90910.24236
Fraser River,2013,241,8/29/2013,2260,75402.94966
Fraser River,2013,242,8/30/2013,2290,70903.26746
Fraser River,2013,243,8/31/2013,2270,88100
Fraser River,2013,244,9/1/2013,2210,68000
Fraser River,2013,245,9/2/2013,2210,55000
Fraser River,2013,246,9/3/2013,2250,66000
Fraser River,2013,247,9/4/2013,2270,28000
Fraser River,2013,248,9/5/2013,2220,41000
Fraser River,2013,249,9/6/2013,2160,48000
Fraser River,2013,250,9/7/2013,2200,25000
Fraser River,2013,251,9/8/2013,2200,15000
Fraser River,2013,252,9/9/2013,2190,32000
Fraser River,2013,253,9/10/2013,2170,13000
Fraser River,2013,254,9/11/2013,2140,9000
Fraser River,2013,255,9/12/2013,2110,5000
Fraser River,2013,256,9/13/2013,2080,6000
Fraser River,2013,257,9/14/2013,2030,2000
Fraser River,2013,258,9/15/2013,1980,6000
Fraser River,2013,259,9/16/2013,1960,2000
Fraser River,2013,260,9/17/2013,2010,6000
Fraser River,2013,261,9/18/2013,2020,5000
Fraser River,2013,262,9/19/2013,1990,2000
Fraser River,2013,263,9/20/2013,2000,1000
Fraser River,2013,264,9/21/2013,1980,4000
Fraser River,2013,265,9/22/2013,1950,NA
Fraser River,2013,266,9/23/2013,1920,1000
Fraser River,2013,267,9/24/2013,1810,1000
Fraser River,2013,268,9/25/2013,1730,NA
Fraser River,2013,269,9/26/2013,1690,1000
Fraser River,2013,270,9/27/2013,1700,NA
Fraser River,2013,271,9/28/2013,1780,NA
Fraser River,2013,272,9/29/2013,1930,NA
Fraser River,2013,273,9/30/2013,1890,NA
Fraser River,2014,121,5/1/2014,3710,NA
Fraser River,2014,122,5/2/2014,4080,NA
Fraser River,2014,123,5/3/2014,4530,NA
Fraser River,2014,124,5/4/2014,4970,NA
Fraser River,2014,125,5/5/2014,5300,NA
Fraser River,2014,126,5/6/2014,5250,NA
Fraser River,2014,127,5/7/2014,4950,NA
Fraser River,2014,128,5/8/2014,4690,NA
Fraser River,2014,129,5/9/2014,4540,NA
Fraser River,2014,130,5/10/2014,4440,NA
Fraser River,2014,131,5/11/2014,4470,NA
Fraser River,2014,132,5/12/2014,4720,NA
Fraser River,2014,133,5/13/2014,5020,NA
Fraser River,2014,134,5/14/2014,5300,NA
Fraser River,2014,135,5/15/2014,5630,NA
Fraser River,2014,136,5/16/2014,6000,NA
Fraser River,2014,137,5/17/2014,6570,NA
Fraser River,2014,138,5/18/2014,6940,NA
Fraser River,2014,139,5/19/2014,7220,NA
Fraser River,2014,140,5/20/2014,7590,NA
Fraser River,2014,141,5/21/2014,8030,NA
Fraser River,2014,142,5/22/2014,8400,NA
Fraser River,2014,143,5/23/2014,8860,NA
Fraser River,2014,144,5/24/2014,9160,NA
Fraser River,2014,145,5/25/2014,8980,NA
Fraser River,2014,146,5/26/2014,9260,NA
Fraser River,2014,147,5/27/2014,9700,NA
Fraser River,2014,148,5/28/2014,9920,NA
Fraser River,2014,149,5/29/2014,9750,NA
Fraser River,2014,150,5/30/2014,9290,NA
Fraser River,2014,151,5/31/2014,8990,NA
Fraser River,2014,152,6/1/2014,8810,NA
Fraser River,2014,153,6/2/2014,8740,NA
Fraser River,2014,154,6/3/2014,8680,NA
Fraser River,2014,155,6/4/2014,8680,NA
Fraser River,2014,156,6/5/2014,8620,NA
Fraser River,2014,157,6/6/2014,8550,NA
Fraser River,2014,158,6/7/2014,8460,NA
Fraser River,2014,159,6/8/2014,8130,NA
Fraser River,2014,160,6/9/2014,7610,NA
Fraser River,2014,161,6/10/2014,7100,NA
Fraser River,2014,162,6/11/2014,6870,NA
Fraser River,2014,163,6/12/2014,7040,NA
Fraser River,2014,164,6/13/2014,7210,NA
Fraser River,2014,165,6/14/2014,7050,NA
Fraser River,2014,166,6/15/2014,6780,NA
Fraser River,2014,167,6/16/2014,6740,NA
Fraser River,2014,168,6/17/2014,6880,NA
Fraser River,2014,169,6/18/2014,6970,NA
Fraser River,2014,170,6/19/2014,6850,NA
Fraser River,2014,171,6/20/2014,6750,NA
Fraser River,2014,172,6/21/2014,6660,NA
Fraser River,2014,173,6/22/2014,6660,NA
Fraser River,2014,174,6/23/2014,6720,NA
Fraser River,2014,175,6/24/2014,6740,NA
Fraser River,2014,176,6/25/2014,6650,NA
Fraser River,2014,177,6/26/2014,6560,NA
Fraser River,2014,178,6/27/2014,6550,NA
Fraser River,2014,179,6/28/2014,6700,500
Fraser River,2014,180,6/29/2014,6690,900
Fraser River,2014,181,6/30/2014,6500,900
Fraser River,2014,182,7/1/2014,6380,200
Fraser River,2014,183,7/2/2014,6300,2400
Fraser River,2014,184,7/3/2014,6150,6300
Fraser River,2014,185,7/4/2014,5940,5100
Fraser River,2014,186,7/5/2014,5810,4600
Fraser River,2014,187,7/6/2014,5870,5328.634361
Fraser River,2014,188,7/7/2014,5960,6647.559258
Fraser River,2014,189,7/8/2014,5820,7925.720764
Fraser River,2014,190,7/9/2014,5640,8860.050534
Fraser River,2014,191,7/10/2014,5510,13904.80183
Fraser River,2014,192,7/11/2014,5340,15092.81019
Fraser River,2014,193,7/12/2014,5230,18129.04224
Fraser River,2014,194,7/13/2014,5110,16697.11393
Fraser River,2014,195,7/14/2014,4920,22804.26353
Fraser River,2014,196,7/15/2014,4720,27835.10263
Fraser River,2014,197,7/16/2014,4580,24920.55253
Fraser River,2014,198,7/17/2014,4520,25784.11242
Fraser River,2014,199,7/18/2014,4520,23980.80135
Fraser River,2014,200,7/19/2014,4510,26004.43169
Fraser River,2014,201,7/20/2014,4480,22766.69289
Fraser River,2014,202,7/21/2014,4410,25913.15221
Fraser River,2014,203,7/22/2014,4490,25388.64535
Fraser River,2014,204,7/23/2014,4870,29704.29667
Fraser River,2014,205,7/24/2014,4940,31569.69796
Fraser River,2014,206,7/25/2014,4660,20910.81869
Fraser River,2014,207,7/26/2014,4420,15687.50364
Fraser River,2014,208,7/27/2014,4460,18010.90546
Fraser River,2014,209,7/28/2014,4810,27009.50283
Fraser River,2014,210,7/29/2014,4720,40041.83385
Fraser River,2014,211,7/30/2014,4370,46417.4919
Fraser River,2014,212,7/31/2014,4110,47019.02281
Fraser River,2014,213,8/1/2014,3950,43803.0275
Fraser River,2014,214,8/2/2014,3850,49732.4139
Fraser River,2014,215,8/3/2014,3770,60089.55057
Fraser River,2014,216,8/4/2014,3700,84897.33423
Fraser River,2014,217,8/5/2014,3620,133173.3082
Fraser River,2014,218,8/6/2014,3540,151058.8717
Fraser River,2014,219,8/7/2014,3450,80720.74202
Fraser River,2014,220,8/8/2014,3340,66148.96904
Fraser River,2014,221,8/9/2014,3290,45907.10412
Fraser River,2014,222,8/10/2014,3190,58201.19062
Fraser River,2014,223,8/11/2014,3080,114597.0856
Fraser River,2014,224,8/12/2014,2950,118689.7878
Fraser River,2014,225,8/13/2014,2850,240206.1764
Fraser River,2014,226,8/14/2014,2770,213204.2738
Fraser River,2014,227,8/15/2014,2750,189411.4829
Fraser River,2014,228,8/16/2014,2780,215361.3332
Fraser River,2014,229,8/17/2014,2830,235476.5754
Fraser River,2014,230,8/18/2014,2870,240067.3882
Fraser River,2014,231,8/19/2014,2900,146248.0801
Fraser River,2014,232,8/20/2014,3010,117719.5652
Fraser River,2014,233,8/21/2014,2970,208612.8402
Fraser River,2014,234,8/22/2014,2890,180904.1188
Fraser River,2014,235,8/23/2014,2830,142900
Fraser River,2014,236,8/24/2014,2700,113900
Fraser River,2014,237,8/25/2014,2540,83000
Fraser River,2014,238,8/26/2014,2380,81900
Fraser River,2014,239,8/27/2014,2200,102200
Fraser River,2014,240,8/28/2014,2170,112900
Fraser River,2014,241,8/29/2014,2140,196100
Fraser River,2014,242,8/30/2014,2120,148200
Fraser River,2014,243,8/31/2014,2160,303400
Fraser River,2014,244,9/1/2014,2160,374400
Fraser River,2014,245,9/2/2014,2220,267200
Fraser River,2014,246,9/3/2014,2300,117000
Fraser River,2014,247,9/4/2014,2370,83700
Fraser River,2014,248,9/5/2014,2640,80300
Fraser River,2014,249,9/6/2014,2740,193100
Fraser River,2014,250,9/7/2014,2540,190900
Fraser River,2014,251,9/8/2014,2310,119400
Fraser River,2014,252,9/9/2014,2130,42200
Fraser River,2014,253,9/10/2014,2020,42200
Fraser River,2014,254,9/11/2014,1980,42300
Fraser River,2014,255,9/12/2014,1980,23900
Fraser River,2014,256,9/13/2014,1960,21000
Fraser River,2014,257,9/14/2014,1870,14700
Fraser River,2014,258,9/15/2014,1780,28900
Fraser River,2014,259,9/16/2014,1690,94600
Fraser River,2014,260,9/17/2014,1610,93500
Fraser River,2014,261,9/18/2014,1560,489300
Fraser River,2014,262,9/19/2014,1540,564500
Fraser River,2014,263,9/20/2014,1520,428600
Fraser River,2014,264,9/21/2014,1510,270000
Fraser River,2014,265,9/22/2014,1530,409200
Fraser River,2014,266,9/23/2014,1580,336700
Fraser River,2014,267,9/24/2014,1650,247100
Fraser River,2014,268,9/25/2014,1710,180400
Fraser River,2014,269,9/26/2014,1700,160300
Fraser River,2014,270,9/27/2014,1740,158500
Fraser River,2014,271,9/28/2014,1880,97900
Fraser River,2014,272,9/29/2014,1960,16000
Fraser River,2014,273,9/30/2014,2020,10900
Fraser River,2015,121,5/1/2015,3900,NA
Fraser River,2015,122,5/2/2015,4040,NA
Fraser River,2015,123,5/3/2015,4110,NA
Fraser River,2015,124,5/4/2015,4160,NA
Fraser River,2015,125,5/5/2015,4120,NA
Fraser River,2015,126,5/6/2015,3970,NA
Fraser River,2015,127,5/7/2015,3820,NA
Fraser River,2015,128,5/8/2015,3770,NA
Fraser River,2015,129,5/9/2015,3720,NA
Fraser River,2015,130,5/10/2015,3700,NA
Fraser River,2015,131,5/11/2015,3740,NA
Fraser River,2015,132,5/12/2015,3840,NA
Fraser River,2015,133,5/13/2015,4030,NA
Fraser River,2015,134,5/14/2015,4380,NA
Fraser River,2015,135,5/15/2015,4770,NA
Fraser River,2015,136,5/16/2015,5070,NA
Fraser River,2015,137,5/17/2015,5240,NA
Fraser River,2015,138,5/18/2015,5360,NA
Fraser River,2015,139,5/19/2015,5470,NA
Fraser River,2015,140,5/20/2015,5570,NA
Fraser River,2015,141,5/21/2015,5660,NA
Fraser River,2015,142,5/22/2015,5880,NA
Fraser River,2015,143,5/23/2015,6250,NA
Fraser River,2015,144,5/24/2015,6570,NA
Fraser River,2015,145,5/25/2015,6820,NA
Fraser River,2015,146,5/26/2015,7110,NA
Fraser River,2015,147,5/27/2015,7380,NA
Fraser River,2015,148,5/28/2015,7510,NA
Fraser River,2015,149,5/29/2015,7580,NA
Fraser River,2015,150,5/30/2015,7650,NA
Fraser River,2015,151,5/31/2015,7710,NA
Fraser River,2015,152,6/1/2015,7840,NA
Fraser River,2015,153,6/2/2015,7920,NA
Fraser River,2015,154,6/3/2015,7960,NA
Fraser River,2015,155,6/4/2015,7780,NA
Fraser River,2015,156,6/5/2015,7600,NA
Fraser River,2015,157,6/6/2015,7580,NA
Fraser River,2015,158,6/7/2015,7570,NA
Fraser River,2015,159,6/8/2015,7530,NA
Fraser River,2015,160,6/9/2015,7410,NA
Fraser River,2015,161,6/10/2015,7300,NA
Fraser River,2015,162,6/11/2015,7220,NA
Fraser River,2015,163,6/12/2015,7080,NA
Fraser River,2015,164,6/13/2015,6820,NA
Fraser River,2015,165,6/14/2015,6460,NA
Fraser River,2015,166,6/15/2015,6090,NA
Fraser River,2015,167,6/16/2015,5820,NA
Fraser River,2015,168,6/17/2015,5550,NA
Fraser River,2015,169,6/18/2015,5220,NA
Fraser River,2015,170,6/19/2015,5120,NA
Fraser River,2015,171,6/20/2015,5040,NA
Fraser River,2015,172,6/21/2015,5050,NA
Fraser River,2015,173,6/22/2015,5170,NA
Fraser River,2015,174,6/23/2015,5400,NA
Fraser River,2015,175,6/24/2015,5370,NA
Fraser River,2015,176,6/25/2015,4990,NA
Fraser River,2015,177,6/26/2015,4750,NA
Fraser River,2015,178,6/27/2015,4660,NA
Fraser River,2015,179,6/28/2015,4610,1600
Fraser River,2015,180,6/29/2015,4590,NA
Fraser River,2015,181,6/30/2015,4720,900
Fraser River,2015,182,7/1/2015,4810,NA
Fraser River,2015,183,7/2/2015,4810,NA
Fraser River,2015,184,7/3/2015,4830,1900
Fraser River,2015,185,7/4/2015,4870,500
Fraser River,2015,186,7/5/2015,4810,300
Fraser River,2015,187,7/6/2015,4650,800
Fraser River,2015,188,7/7/2015,4460,600
Fraser River,2015,189,7/8/2015,4240,2300
Fraser River,2015,190,7/9/2015,4040,3300
Fraser River,2015,191,7/10/2015,3880,3600
Fraser River,2015,192,7/11/2015,3760,2800
Fraser River,2015,193,7/12/2015,3660,2600
Fraser River,2015,194,7/13/2015,3610,1100
Fraser River,2015,195,7/14/2015,3610,1300
Fraser River,2015,196,7/15/2015,3560,700
Fraser River,2015,197,7/16/2015,3510,2500
Fraser River,2015,198,7/17/2015,3480,3800
Fraser River,2015,199,7/18/2015,3350,7820.946109
Fraser River,2015,200,7/19/2015,3280,11002.39732
Fraser River,2015,201,7/20/2015,3230,13023.56436
Fraser River,2015,202,7/21/2015,3140,11615.06712
Fraser River,2015,203,7/22/2015,3040,10427.8103
Fraser River,2015,204,7/23/2015,2990,12244.29799
Fraser River,2015,205,7/24/2015,2980,21437.12313
Fraser River,2015,206,7/25/2015,3000,18182.60686
Fraser River,2015,207,7/26/2015,3010,17474.062
Fraser River,2015,208,7/27/2015,2900,19923.87438
Fraser River,2015,209,7/28/2015,2860,14636.6026
Fraser River,2015,210,7/29/2015,2890,16957.63786
Fraser River,2015,211,7/30/2015,2900,19030.96483
Fraser River,2015,212,7/31/2015,2770,18099.01764
Fraser River,2015,213,8/1/2015,2680,23236.98919
Fraser River,2015,214,8/2/2015,2670,24876.99525
Fraser River,2015,215,8/3/2015,2650,41184.37724
Fraser River,2015,216,8/4/2015,2590,53524.54762
Fraser River,2015,217,8/5/2015,2550,60297.48437
Fraser River,2015,218,8/6/2015,2530,62196.76941
Fraser River,2015,219,8/7/2015,2490,59051.36258
Fraser River,2015,220,8/8/2015,2510,51494.52569
Fraser River,2015,221,8/9/2015,2490,25984.5345
Fraser River,2015,222,8/10/2015,2550,43212.30865
Fraser River,2015,223,8/11/2015,2530,37922.26769
Fraser River,2015,224,8/12/2015,2440,34736.06954
Fraser River,2015,225,8/13/2015,2430,35722.07281
Fraser River,2015,226,8/14/2015,2410,39609.91728
Fraser River,2015,227,8/15/2015,2400,50071.20816
Fraser River,2015,228,8/16/2015,2360,58548.26831
Fraser River,2015,229,8/17/2015,2340,62374.70097
Fraser River,2015,230,8/18/2015,2310,52594.17919
Fraser River,2015,231,8/19/2015,2260,63949.15617
Fraser River,2015,232,8/20/2015,2200,62703.16877
Fraser River,2015,233,8/21/2015,2150,65998.00372
Fraser River,2015,234,8/22/2015,2100,90073.44878
Fraser River,2015,235,8/23/2015,2060,83448.4038
Fraser River,2015,236,8/24/2015,2040,59012.7623
Fraser River,2015,237,8/25/2015,1980,91340.98889
Fraser River,2015,238,8/26/2015,1910,54200
Fraser River,2015,239,8/27/2015,1820,39300
Fraser River,2015,240,8/28/2015,1770,32759.94962
Fraser River,2015,241,8/29/2015,1730,38041.98459
Fraser River,2015,242,8/30/2015,1850,16080.33934
Fraser River,2015,243,8/31/2015,1870,9672.279336
Fraser River,2015,244,9/1/2015,2010,21457.68637
Fraser River,2015,245,9/2/2015,2050,17954.64479
Fraser River,2015,246,9/3/2015,1970,16436.44753
Fraser River,2015,247,9/4/2015,2040,15921.77729
Fraser River,2015,248,9/5/2015,2070,12508.23127
Fraser River,2015,249,9/6/2015,2040,11906.46961
Fraser River,2015,250,9/7/2015,1980,8004.401056
Fraser River,2015,251,9/8/2015,1890,12800
Fraser River,2015,252,9/9/2015,1800,15500
Fraser River,2015,253,9/10/2015,1730,21600
Fraser River,2015,254,9/11/2015,1690,9400
Fraser River,2015,255,9/12/2015,1770,4900
Fraser River,2015,256,9/13/2015,1900,5600
Fraser River,2015,257,9/14/2015,1960,5200
Fraser River,2015,258,9/15/2015,1920,2700
Fraser River,2015,259,9/16/2015,1990,7100
Fraser River,2015,260,9/17/2015,1990,3200
Fraser River,2015,261,9/18/2015,1980,1700
Fraser River,2015,262,9/19/2015,1890,NA
Fraser River,2015,263,9/20/2015,2000,NA
Fraser River,2015,264,9/21/2015,2060,NA
Fraser River,2015,265,9/22/2015,1990,NA
Fraser River,2015,266,9/23/2015,2340,800
Fraser River,2015,267,9/24/2015,2490,2500
Fraser River,2015,268,9/25/2015,2550,900
Fraser River,2015,269,9/26/2015,2480,NA
Fraser River,2015,270,9/27/2015,2320,NA
Fraser River,2015,271,9/28/2015,2270,NA
Fraser River,2015,272,9/29/2015,2320,NA
Fraser River,2015,273,9/30/2015,2340,NA
Fraser River,2016,122,5/1/2016,5180,NA
Fraser River,2016,123,5/2/2016,5130,NA
Fraser River,2016,124,5/3/2016,5130,NA
Fraser River,2016,125,5/4/2016,5170,NA
Fraser River,2016,126,5/5/2016,5180,NA
Fraser River,2016,127,5/6/2016,5390,NA
Fraser River,2016,128,5/7/2016,5760,NA
Fraser River,2016,129,5/8/2016,6040,NA
Fraser River,2016,130,5/9/2016,5870,NA
Fraser River,2016,131,5/10/2016,5610,NA
Fraser River,2016,132,5/11/2016,5540,NA
Fraser River,2016,133,5/12/2016,5490,NA
Fraser River,2016,134,5/13/2016,5300,NA
Fraser River,2016,135,5/14/2016,5210,NA
Fraser River,2016,136,5/15/2016,5140,NA
Fraser River,2016,137,5/16/2016,5010,NA
Fraser River,2016,138,5/17/2016,4850,NA
Fraser River,2016,139,5/18/2016,4770,NA
Fraser River,2016,140,5/19/2016,4800,NA
Fraser River,2016,141,5/20/2016,4830,NA
Fraser River,2016,142,5/21/2016,4930,NA
Fraser River,2016,143,5/22/2016,5140,NA
Fraser River,2016,144,5/23/2016,5210,NA
Fraser River,2016,145,5/24/2016,5080,NA
Fraser River,2016,146,5/25/2016,4950,NA
Fraser River,2016,147,5/26/2016,4860,NA
Fraser River,2016,148,5/27/2016,4790,NA
Fraser River,2016,149,5/28/2016,4810,NA
Fraser River,2016,150,5/29/2016,5030,NA
Fraser River,2016,151,5/30/2016,5000,NA
Fraser River,2016,152,5/31/2016,4910,NA
Fraser River,2016,153,6/1/2016,4800,NA
Fraser River,2016,154,6/2/2016,4760,NA
Fraser River,2016,155,6/3/2016,4650,NA
Fraser River,2016,156,6/4/2016,4580,NA
Fraser River,2016,157,6/5/2016,4840,NA
Fraser River,2016,158,6/6/2016,5290,NA
Fraser River,2016,159,6/7/2016,5510,NA
Fraser River,2016,160,6/8/2016,5560,NA
Fraser River,2016,161,6/9/2016,5530,NA
Fraser River,2016,162,6/10/2016,5560,NA
Fraser River,2016,163,6/11/2016,5590,NA
Fraser River,2016,164,6/12/2016,5590,NA
Fraser River,2016,165,6/13/2016,5590,NA
Fraser River,2016,166,6/14/2016,5470,NA
Fraser River,2016,167,6/15/2016,5190,NA
Fraser River,2016,168,6/16/2016,5030,NA
Fraser River,2016,169,6/17/2016,4860,NA
Fraser River,2016,170,6/18/2016,4840,NA
Fraser River,2016,171,6/19/2016,5040,NA
Fraser River,2016,172,6/20/2016,4880,NA
Fraser River,2016,173,6/21/2016,4670,NA
Fraser River,2016,174,6/22/2016,4540,400
Fraser River,2016,175,6/23/2016,4460,500
Fraser River,2016,176,6/24/2016,4460,600
Fraser River,2016,177,6/25/2016,4470,800
Fraser River,2016,178,6/26/2016,4470,900
Fraser River,2016,179,6/27/2016,4460,1100
Fraser River,2016,180,6/28/2016,4430,1300
Fraser River,2016,181,6/29/2016,4380,1500
Fraser River,2016,182,6/30/2016,4330,1800
Fraser River,2016,183,7/1/2016,4270,600
Fraser River,2016,184,7/2/2016,4260,2400
Fraser River,2016,185,7/3/2016,4310,2650
Fraser River,2016,186,7/4/2016,4340,2900
Fraser River,2016,187,7/5/2016,4360,3000
Fraser River,2016,188,7/6/2016,4540,600
Fraser River,2016,189,7/7/2016,5330,3150
Fraser River,2016,190,7/8/2016,5390,5700
Fraser River,2016,191,7/9/2016,4970,5900
Fraser River,2016,192,7/10/2016,4550,4400
Fraser River,2016,193,7/11/2016,4260,4200
Fraser River,2016,194,7/12/2016,4120,3200
Fraser River,2016,195,7/13/2016,4070,4200
Fraser River,2016,196,7/14/2016,4090,5964.645883
Fraser River,2016,197,7/15/2016,4120,5819.646713
Fraser River,2016,198,7/16/2016,4250,7111.066544
Fraser River,2016,199,7/17/2016,4400,4699.888045
Fraser River,2016,200,7/18/2016,4490,2646.474365
Fraser River,2016,201,7/19/2016,4500,8845.80996
Fraser River,2016,202,7/20/2016,4400,10254.42936
Fraser River,2016,203,7/21/2016,4280,8442.482884
Fraser River,2016,204,7/22/2016,4200,8930.364585
Fraser River,2016,205,7/23/2016,4250,9031.093202
Fraser River,2016,206,7/24/2016,4350,12973.09877
Fraser River,2016,207,7/25/2016,4300,20167.34273
Fraser River,2016,208,7/26/2016,4150,31192.19691
Fraser River,2016,209,7/27/2016,3970,32556.36022
Fraser River,2016,210,7/28/2016,3840,26086.08984
Fraser River,2016,211,7/29/2016,3800,23322.46259
Fraser River,2016,212,7/30/2016,3740,22520.24023
Fraser River,2016,213,7/31/2016,3650,26557.22144
Fraser River,2016,214,8/1/2016,3560,29957.56824
Fraser River,2016,215,8/2/2016,3470,16900.70619
Fraser River,2016,216,8/3/2016,3370,18731.01747
Fraser River,2016,217,8/4/2016,3230,24498.86013
Fraser River,2016,218,8/5/2016,3110,27857.13871
Fraser River,2016,219,8/6/2016,2990,30120.50403
Fraser River,2016,220,8/7/2016,2890,23156.42697
Fraser River,2016,221,8/8/2016,2840,17692.91554
Fraser River,2016,222,8/9/2016,2870,14075.13762
Fraser River,2016,223,8/10/2016,2890,14188.46207
Fraser River,2016,224,8/11/2016,2960,14025.23666
Fraser River,2016,225,8/12/2016,2970,14210.11794
Fraser River,2016,226,8/13/2016,2970,24031.98738
Fraser River,2016,227,8/14/2016,2950,17648.60355
Fraser River,2016,228,8/15/2016,2890,11678.67
Fraser River,2016,229,8/16/2016,2810,11126.02794
Fraser River,2016,230,8/17/2016,2760,10143.46287
Fraser River,2016,231,8/18/2016,2670,13248.54083
Fraser River,2016,232,8/19/2016,2630,10201.53341
Fraser River,2016,233,8/20/2016,2560,13300
Fraser River,2016,234,8/21/2016,2510,14500
Fraser River,2016,235,8/22/2016,2480,6600
Fraser River,2016,236,8/23/2016,2420,9900
Fraser River,2016,237,8/24/2016,2360,6400
Fraser River,2016,238,8/25/2016,2320,8500
Fraser River,2016,239,8/26/2016,2370,10900
Fraser River,2016,240,8/27/2016,2340,19800
Fraser River,2016,241,8/28/2016,2280,9400
Fraser River,2016,242,8/29/2016,2200,7900
Fraser River,2016,243,8/30/2016,2170,2700
Fraser River,2016,244,8/31/2016,2230,1700
Fraser River,2016,245,9/1/2016,2160,4200
Fraser River,2016,246,9/2/2016,2180,1000
Fraser River,2016,247,9/3/2016,2160,950
Fraser River,2016,248,9/4/2016,2190,900
Fraser River,2016,249,9/5/2016,2270,2000
Fraser River,2016,250,9/6/2016,2310,2300
Fraser River,2016,251,9/7/2016,2280,1000
Fraser River,2016,252,9/8/2016,2180,NA
Fraser River,2016,253,9/9/2016,2100,NA
Fraser River,2016,254,9/10/2016,2080,NA
Fraser River,2016,255,9/11/2016,2260,1000
Fraser River,2016,256,9/12/2016,2490,NA
Fraser River,2016,257,9/13/2016,2620,NA
Fraser River,2016,258,9/14/2016,2610,NA
Fraser River,2016,259,9/15/2016,2490,NA
Fraser River,2016,260,9/16/2016,2330,NA
Fraser River,2016,261,9/17/2016,2180,NA
Fraser River,2016,262,9/18/2016,2100,NA
Fraser River,2016,263,9/19/2016,2100,NA
Fraser River,2016,264,9/20/2016,2240,NA
Fraser River,2016,265,9/21/2016,2500,NA
Fraser River,2016,266,9/22/2016,2660,NA
Fraser River,2016,267,9/23/2016,2670,NA
Fraser River,2016,268,9/24/2016,2520,NA
Fraser River,2016,269,9/25/2016,2360,NA
Fraser River,2016,270,9/26/2016,2230,NA
Fraser River,2016,271,9/27/2016,2150,NA
Fraser River,2016,272,9/28/2016,2090,NA
Fraser River,2016,273,9/29/2016,2090,NA
Fraser River,2016,274,9/30/2016,2190,NA
Fraser River,2017,121,5/1/2017,2930,NA
Fraser River,2017,122,5/2/2017,2910,NA
Fraser River,2017,123,5/3/2017,2960,NA
Fraser River,2017,124,5/4/2017,3240,NA
Fraser River,2017,125,5/5/2017,3890,NA
Fraser River,2017,126,5/6/2017,4190,NA
Fraser River,2017,127,5/7/2017,4260,NA
Fraser River,2017,128,5/8/2017,4610,NA
Fraser River,2017,129,5/9/2017,5020,NA
Fraser River,2017,130,5/10/2017,5130,NA
Fraser River,2017,131,5/11/2017,5090,NA
Fraser River,2017,132,5/12/2017,5080,NA
Fraser River,2017,133,5/13/2017,5010,NA
Fraser River,2017,134,5/14/2017,5140,NA
Fraser River,2017,135,5/15/2017,5620,NA
Fraser River,2017,136,5/16/2017,5860,NA
Fraser River,2017,137,5/17/2017,5650,NA
Fraser River,2017,138,5/18/2017,5420,NA
Fraser River,2017,139,5/19/2017,5260,NA
Fraser River,2017,140,5/20/2017,5210,NA
Fraser River,2017,141,5/21/2017,5330,NA
Fraser River,2017,142,5/22/2017,5570,NA
Fraser River,2017,143,5/23/2017,5950,NA
Fraser River,2017,144,5/24/2017,6280,NA
Fraser River,2017,145,5/25/2017,6330,NA
Fraser River,2017,146,5/26/2017,6860,NA
Fraser River,2017,147,5/27/2017,7710,NA
Fraser River,2017,148,5/28/2017,8190,NA
Fraser River,2017,149,5/29/2017,8250,NA
Fraser River,2017,150,5/30/2017,8370,NA
Fraser River,2017,151,5/31/2017,8620,NA
Fraser River,2017,152,6/1/2017,9000,NA
Fraser River,2017,153,6/2/2017,9400,NA
Fraser River,2017,154,6/3/2017,9640,NA
Fraser River,2017,155,6/4/2017,9720,NA
Fraser River,2017,156,6/5/2017,9600,NA
Fraser River,2017,157,6/6/2017,9300,NA
Fraser River,2017,158,6/7/2017,8860,NA
Fraser River,2017,159,6/8/2017,8530,NA
Fraser River,2017,160,6/9/2017,8210,NA
Fraser River,2017,161,6/10/2017,7940,NA
Fraser River,2017,162,6/11/2017,7980,NA
Fraser River,2017,163,6/12/2017,8550,NA
Fraser River,2017,164,6/13/2017,9210,NA
Fraser River,2017,165,6/14/2017,8970,NA
Fraser River,2017,166,6/15/2017,8190,NA
Fraser River,2017,167,6/16/2017,7790,NA
Fraser River,2017,168,6/17/2017,7470,NA
Fraser River,2017,169,6/18/2017,7160,NA
Fraser River,2017,170,6/19/2017,7000,NA
Fraser River,2017,171,6/20/2017,6940,NA
Fraser River,2017,172,6/21/2017,6770,NA
Fraser River,2017,173,6/22/2017,6510,100
Fraser River,2017,174,6/23/2017,6510,100
Fraser River,2017,175,6/24/2017,6690,200
Fraser River,2017,176,6/25/2017,6610,200
Fraser River,2017,177,6/26/2017,6380,300
Fraser River,2017,178,6/27/2017,6150,400
Fraser River,2017,179,6/28/2017,5910,600
Fraser River,2017,180,6/29/2017,5900,700
Fraser River,2017,181,6/30/2017,5990,NA
Fraser River,2017,182,7/1/2017,6050,NA
Fraser River,2017,183,7/2/2017,5980,NA
Fraser River,2017,184,7/3/2017,5840,NA
Fraser River,2017,185,7/4/2017,5730,NA
Fraser River,2017,186,7/5/2017,5660,NA
Fraser River,2017,187,7/6/2017,5630,1250
Fraser River,2017,188,7/7/2017,5480,2515.52
Fraser River,2017,189,7/8/2017,5270,1964.48
Fraser River,2017,190,7/9/2017,5050,4605.76
Fraser River,2017,191,7/10/2017,4910,5822.48
Fraser River,2017,192,7/11/2017,4860,1423.52
Fraser River,2017,193,7/12/2017,4750,2827.329157
Fraser River,2017,194,7/13/2017,4620,3989.519166
Fraser River,2017,195,7/14/2017,4410,3585.335554
Fraser River,2017,196,7/15/2017,4230,4065.832124
Fraser River,2017,197,7/16/2017,4070,3421.78841
Fraser River,2017,198,7/17/2017,3960,1933.040983
Fraser River,2017,199,7/18/2017,3850,2635.873884
Fraser River,2017,200,7/19/2017,3760,3005.377926
Fraser River,2017,201,7/20/2017,3700,2448.547802
Fraser River,2017,202,7/21/2017,3620,2143.330742
Fraser River,2017,203,7/22/2017,3440,1730.238182
Fraser River,2017,204,7/23/2017,3330,2621.902422
Fraser River,2017,205,7/24/2017,3250,3145.385812
Fraser River,2017,206,7/25/2017,3190,4112.352168
Fraser River,2017,207,7/26/2017,3200,4136.036655
Fraser River,2017,208,7/27/2017,3180,4424.63509
Fraser River,2017,209,7/28/2017,3150,3159.940221
Fraser River,2017,210,7/29/2017,3080,8275.700878
Fraser River,2017,211,7/30/2017,2990,10520.19791
Fraser River,2017,212,7/31/2017,2940,11974.34416
Fraser River,2017,213,8/1/2017,2880,12400.0142
Fraser River,2017,214,8/2/2017,2820,16898.64886
Fraser River,2017,215,8/3/2017,2760,15540.32955
Fraser River,2017,216,8/4/2017,2740,19864.25898
Fraser River,2017,217,8/5/2017,2720,22616.77331
Fraser River,2017,218,8/6/2017,2700,18814.55471
Fraser River,2017,219,8/7/2017,2700,21647.47445
Fraser River,2017,220,8/8/2017,2680,26043.33808
Fraser River,2017,221,8/9/2017,2660,48058.5025
Fraser River,2017,222,8/10/2017,2640,46968.85443
Fraser River,2017,223,8/11/2017,2620,49836.00624
Fraser River,2017,224,8/12/2017,2590,47502.3274
Fraser River,2017,225,8/13/2017,2570,36041.96441
Fraser River,2017,226,8/14/2017,2570,40463.78384
Fraser River,2017,227,8/15/2017,2550,48519.37297
Fraser River,2017,228,8/16/2017,2520,58026.47402
Fraser River,2017,229,8/17/2017,2510,46549.33402
Fraser River,2017,230,8/18/2017,2450,58049.04256
Fraser River,2017,231,8/19/2017,2370,73501.3323
Fraser River,2017,232,8/20/2017,2250,51228.20218
Fraser River,2017,233,8/21/2017,2150,61818.81089
Fraser River,2017,234,8/22/2017,2120,62655.58633
Fraser River,2017,235,8/23/2017,2110,40765.39881
Fraser River,2017,236,8/24/2017,2090,50543.52686
Fraser River,2017,237,8/25/2017,2030,31919.82939
Fraser River,2017,238,8/26/2017,2000,18031.03504
Fraser River,2017,239,8/27/2017,2010,25818.46593
Fraser River,2017,240,8/28/2017,2070,14681.84384
Fraser River,2017,241,8/29/2017,2080,13707.80229
Fraser River,2017,242,8/30/2017,1990,10079.76536
Fraser River,2017,243,8/31/2017,1910,10663.54271
Fraser River,2017,244,9/1/2017,1870,10692.25511
Fraser River,2017,245,9/2/2017,1860,18337.06237
Fraser River,2017,246,9/3/2017,1860,30175.37919
Fraser River,2017,247,9/4/2017,1850,18790.41758
Fraser River,2017,248,9/5/2017,1830,9843.743558
Fraser River,2017,249,9/6/2017,1870,7225.726654
Fraser River,2017,250,9/7/2017,1880,11343.1342
Fraser River,2017,251,9/8/2017,1850,6966.857143
Fraser River,2017,252,9/9/2017,1760,4064
Fraser River,2017,253,9/10/2017,1710,11874.25483
Fraser River,2017,254,9/11/2017,1700,17375.67347
Fraser River,2017,255,9/12/2017,1790,14224
Fraser River,2017,256,9/13/2017,1830,11127.61905
Fraser River,2017,257,9/14/2017,1900,6842.44898
Fraser River,2017,258,9/15/2017,2080,4200.326962
Fraser River,2017,259,9/16/2017,2000,5214.165666
Fraser River,2017,260,9/17/2017,1820,7408.72001
Fraser River,2017,261,9/18/2017,1700,3936.214101
Fraser River,2017,262,9/19/2017,1630,1825.768535
Fraser River,2017,263,9/20/2017,1530,3819.548872
Fraser River,2017,264,9/21/2017,1460,NA
Fraser River,2017,265,9/22/2017,1420,980.6949807
Fraser River,2017,266,9/23/2017,1370,NA
Fraser River,2017,267,9/24/2017,1300,1016
Fraser River,2017,268,9/25/2017,1280,NA
Fraser River,2017,269,9/26/2017,1300,NA
Fraser River,2017,270,9/27/2017,1270,NA
Fraser River,2017,271,9/28/2017,1290,NA
Fraser River,2017,272,9/29/2017,1410,NA
Fraser River,2017,273,9/30/2017,1480,NA
Fraser River,2018,121,5/1/2018,5460,NA
Fraser River,2018,122,5/2/2018,5920,NA
Fraser River,2018,123,5/3/2018,6120,NA
Fraser River,2018,124,5/4/2018,6350,NA
Fraser River,2018,125,5/5/2018,6590,NA
Fraser River,2018,126,5/6/2018,6990,NA
Fraser River,2018,127,5/7/2018,7510,NA
Fraser River,2018,128,5/8/2018,7830,NA
Fraser River,2018,129,5/9/2018,8280,NA
Fraser River,2018,130,5/10/2018,8590,NA
Fraser River,2018,131,5/11/2018,8860,NA
Fraser River,2018,132,5/12/2018,9270,NA
Fraser River,2018,133,5/13/2018,9600,NA
Fraser River,2018,134,5/14/2018,9850,NA
Fraser River,2018,135,5/15/2018,10200,NA
Fraser River,2018,136,5/16/2018,10400,NA
Fraser River,2018,137,5/17/2018,10500,NA
Fraser River,2018,138,5/18/2018,10700,NA
Fraser River,2018,139,5/19/2018,10800,NA
Fraser River,2018,140,5/20/2018,10900,NA
Fraser River,2018,141,5/21/2018,10700,NA
Fraser River,2018,142,5/22/2018,10500,NA
Fraser River,2018,143,5/23/2018,10500,NA
Fraser River,2018,144,5/24/2018,10500,NA
Fraser River,2018,145,5/25/2018,10400,NA
Fraser River,2018,146,5/26/2018,10300,NA
Fraser River,2018,147,5/27/2018,10200,NA
Fraser River,2018,148,5/28/2018,10300,NA
Fraser River,2018,149,5/29/2018,10000,NA
Fraser River,2018,150,5/30/2018,9410,NA
Fraser River,2018,151,5/31/2018,8780,NA
Fraser River,2018,152,6/1/2018,8240,NA
Fraser River,2018,153,6/2/2018,7730,NA
Fraser River,2018,154,6/3/2018,7290,NA
Fraser River,2018,155,6/4/2018,6890,NA
Fraser River,2018,156,6/5/2018,6560,NA
Fraser River,2018,157,6/6/2018,6380,NA
Fraser River,2018,158,6/7/2018,6310,NA
Fraser River,2018,159,6/8/2018,6190,NA
Fraser River,2018,160,6/9/2018,5980,NA
Fraser River,2018,161,6/10/2018,5800,NA
Fraser River,2018,162,6/11/2018,5760,NA
Fraser River,2018,163,6/12/2018,5900,NA
Fraser River,2018,164,6/13/2018,5860,NA
Fraser River,2018,165,6/14/2018,5720,NA
Fraser River,2018,166,6/15/2018,5530,NA
Fraser River,2018,167,6/16/2018,5390,NA
Fraser River,2018,168,6/17/2018,5340,NA
Fraser River,2018,169,6/18/2018,5340,NA
Fraser River,2018,170,6/19/2018,5430,NA
Fraser River,2018,171,6/20/2018,5530,NA
Fraser River,2018,172,6/21/2018,5670,NA
Fraser River,2018,173,6/22/2018,5820,NA
Fraser River,2018,174,6/23/2018,6010,NA
Fraser River,2018,175,6/24/2018,6190,NA
Fraser River,2018,176,6/25/2018,6320,NA
Fraser River,2018,177,6/26/2018,6240,NA
Fraser River,2018,178,6/27/2018,6110,NA
Fraser River,2018,179,6/28/2018,6120,NA
Fraser River,2018,180,6/29/2018,6410,24.75
Fraser River,2018,181,6/30/2018,6280,514.125
Fraser River,2018,182,7/1/2018,5730,1503.9375
Fraser River,2018,183,7/2/2018,5350,653.0612245
Fraser River,2018,184,7/3/2018,5150,3920.913395
Fraser River,2018,185,7/4/2018,5150,7345.27845
Fraser River,2018,186,7/5/2018,5180,10344.09627
Fraser River,2018,187,7/6/2018,5140,14826.78755
Fraser River,2018,188,7/7/2018,4960,7860.124721
Fraser River,2018,189,7/8/2018,4760,8889.300497
Fraser River,2018,190,7/9/2018,4650,10681.72368
Fraser River,2018,191,7/10/2018,4700,8669.743073
Fraser River,2018,192,7/11/2018,4960,11407.45259
Fraser River,2018,193,7/12/2018,4990,7869.425019
Fraser River,2018,194,7/13/2018,4770,7297.901981
Fraser River,2018,195,7/14/2018,4570,9428.866049
Fraser River,2018,196,7/15/2018,4390,13054.76047
Fraser River,2018,197,7/16/2018,4260,12344.511
Fraser River,2018,198,7/17/2018,4130,14239.52772
Fraser River,2018,199,7/18/2018,3990,12888.30144
Fraser River,2018,200,7/19/2018,3860,12975.12617
Fraser River,2018,201,7/20/2018,3790,13443.32828
Fraser River,2018,202,7/21/2018,3760,20331.23491
Fraser River,2018,203,7/22/2018,3740,24971.06086
Fraser River,2018,204,7/23/2018,3750,35317.13227
Fraser River,2018,205,7/24/2018,3940,34871.24714
Fraser River,2018,206,7/25/2018,4140,43835.80217
Fraser River,2018,207,7/26/2018,3960,51397.19734
Fraser River,2018,208,7/27/2018,3740,77687.52614
Fraser River,2018,209,7/28/2018,3580,42476.60981
Fraser River,2018,210,7/29/2018,3440,30678.02612
Fraser River,2018,211,7/30/2018,3350,35065.95296
Fraser River,2018,212,7/31/2018,3280,59814.42634
Fraser River,2018,213,8/1/2018,3240,108519.49
Fraser River,2018,214,8/2/2018,3210,147472.6791
Fraser River,2018,215,8/3/2018,3200,116715.0536
Fraser River,2018,216,8/4/2018,3210,83734.92407
Fraser River,2018,217,8/5/2018,3180,66785.79294
Fraser River,2018,218,8/6/2018,3110,57302.23196
Fraser River,2018,219,8/7/2018,3030,63241.7667
Fraser River,2018,220,8/8/2018,2920,37057.56977
Fraser River,2018,221,8/9/2018,2830,8286.091734
Fraser River,2018,222,8/10/2018,2780,79687.40355
Fraser River,2018,223,8/11/2018,2750,112750.3915
Fraser River,2018,224,8/12/2018,2760,195517.2209
Fraser River,2018,225,8/13/2018,2750,165294.4901
Fraser River,2018,226,8/14/2018,2720,250594.3552
Fraser River,2018,227,8/15/2018,2710,92206.42738
Fraser River,2018,228,8/16/2018,2690,69015.82514
Fraser River,2018,229,8/17/2018,2690,71375.80068
Fraser River,2018,230,8/18/2018,2600,134822.195
Fraser River,2018,231,8/19/2018,2450,112402.2967
Fraser River,2018,232,8/20/2018,2360,164250.6562
Fraser River,2018,233,8/21/2018,2290,92375.70597
Fraser River,2018,234,8/22/2018,2230,75878.79898
Fraser River,2018,235,8/23/2018,2190,132781.0966
Fraser River,2018,236,8/24/2018,2080,159400.6701
Fraser River,2018,237,8/25/2018,2010,101713.6092
Fraser River,2018,238,8/26/2018,1980,47066.53928
Fraser River,2018,239,8/27/2018,1980,50057.75075
Fraser River,2018,240,8/28/2018,1940,44521.92875
Fraser River,2018,241,8/29/2018,1890,33880.92016
Fraser River,2018,242,8/30/2018,1880,23914.12256
Fraser River,2018,243,8/31/2018,1860,38155.36102
Fraser River,2018,244,9/1/2018,1810,18747.10113
Fraser River,2018,245,9/2/2018,1800,33263.89838
Fraser River,2018,246,9/3/2018,1780,23958.09886
Fraser River,2018,247,9/4/2018,1780,36691.88552
Fraser River,2018,248,9/5/2018,1800,43249.93667
Fraser River,2018,249,9/6/2018,1700,37943.92554
Fraser River,2018,250,9/7/2018,1640,37366.42482
Fraser River,2018,251,9/8/2018,1630,68279.58678
Fraser River,2018,252,9/9/2018,1600,63150.97199
Fraser River,2018,253,9/10/2018,1490,53825.51503
Fraser River,2018,254,9/11/2018,1500,26956.9596
Fraser River,2018,255,9/12/2018,1530,24598.10838
Fraser River,2018,256,9/13/2018,1570,37848.21768
Fraser River,2018,257,9/14/2018,1650,43118.5728
Fraser River,2018,258,9/15/2018,1680,152869.0704
Fraser River,2018,259,9/16/2018,1690,142182.488
Fraser River,2018,260,9/17/2018,1680,82046.43593
Fraser River,2018,261,9/18/2018,1610,139269.3676
Fraser River,2018,262,9/19/2018,1540,145195.2493
Fraser River,2018,263,9/20/2018,1500,23169.52166
Fraser River,2018,264,9/21/2018,1510,15130.20388
Fraser River,2018,265,9/22/2018,1640,47762.92971
Fraser River,2018,266,9/23/2018,1660,62225.10603
Fraser River,2018,267,9/24/2018,1550,115781.6973
Fraser River,2018,268,9/25/2018,1500,164216.8051
Fraser River,2018,269,9/26/2018,1500,61633.66409
Fraser River,2018,270,9/27/2018,1490,20659.2645
Fraser River,2018,271,9/28/2018,1480,11702.07596
Fraser River,2018,272,9/29/2018,1470,14207.49491
Fraser River,2018,273,9/30/2018,1470,7779.310837
Fraser River,2019,121,5/1/2019,2650,NA
Fraser River,2019,122,5/2/2019,2570,NA
Fraser River,2019,123,5/3/2019,2490,NA
Fraser River,2019,124,5/4/2019,2450,NA
Fraser River,2019,125,5/5/2019,2470,NA
Fraser River,2019,126,5/6/2019,2550,NA
Fraser River,2019,127,5/7/2019,2670,NA
Fraser River,2019,128,5/8/2019,2800,NA
Fraser River,2019,129,5/9/2019,2960,NA
Fraser River,2019,130,5/10/2019,3140,NA
Fraser River,2019,131,5/11/2019,3450,NA
Fraser River,2019,132,5/12/2019,3850,NA
Fraser River,2019,133,5/13/2019,4220,NA
Fraser River,2019,134,5/14/2019,4650,NA
Fraser River,2019,135,5/15/2019,5040,NA
Fraser River,2019,136,5/16/2019,5250,NA
Fraser River,2019,137,5/17/2019,5620,NA
Fraser River,2019,138,5/18/2019,5790,NA
Fraser River,2019,139,5/19/2019,5680,NA
Fraser River,2019,140,5/20/2019,5760,NA
Fraser River,2019,141,5/21/2019,5910,NA
Fraser River,2019,142,5/22/2019,5930,NA
Fraser River,2019,143,5/23/2019,6070,NA
Fraser River,2019,144,5/24/2019,6270,NA
Fraser River,2019,145,5/25/2019,6310,NA
Fraser River,2019,146,5/26/2019,6330,NA
Fraser River,2019,147,5/27/2019,6390,NA
Fraser River,2019,148,5/28/2019,6430,NA
Fraser River,2019,149,5/29/2019,6470,NA
Fraser River,2019,150,5/30/2019,6510,NA
Fraser River,2019,151,5/31/2019,6600,NA
Fraser River,2019,152,6/1/2019,6800,NA
Fraser River,2019,153,6/2/2019,7010,NA
Fraser River,2019,154,6/3/2019,7130,NA
Fraser River,2019,155,6/4/2019,7180,NA
Fraser River,2019,156,6/5/2019,7090,NA
Fraser River,2019,157,6/6/2019,6910,NA
Fraser River,2019,158,6/7/2019,6540,NA
Fraser River,2019,159,6/8/2019,6090,NA
Fraser River,2019,160,6/9/2019,5690,NA
Fraser River,2019,161,6/10/2019,5320,NA
Fraser River,2019,162,6/11/2019,5030,NA
Fraser River,2019,163,6/12/2019,4840,NA
Fraser River,2019,164,6/13/2019,4760,NA
Fraser River,2019,165,6/14/2019,4820,NA
Fraser River,2019,166,6/15/2019,5020,NA
Fraser River,2019,167,6/16/2019,5320,NA
Fraser River,2019,168,6/17/2019,5530,NA
Fraser River,2019,169,6/18/2019,5500,NA
Fraser River,2019,170,6/19/2019,5350,NA
Fraser River,2019,171,6/20/2019,5210,NA
Fraser River,2019,172,6/21/2019,5170,27.46
Fraser River,2019,173,6/22/2019,5150,40.565
Fraser River,2019,174,6/23/2019,4930,58.365
Fraser River,2019,175,6/24/2019,4570,82.41
Fraser River,2019,176,6/25/2019,4270,114
Fraser River,2019,177,6/26/2019,4080,154.1
Fraser River,2019,178,6/27/2019,3990,203.9
Fraser River,2019,179,6/28/2019,3980,263.9
Fraser River,2019,180,6/29/2019,3890,333.9
Fraser River,2019,181,6/30/2019,3850,413.6
Fraser River,2019,182,7/1/2019,3870,580.2197802
Fraser River,2019,183,7/2/2019,4040,940.3561955
Fraser River,2019,184,7/3/2019,4210,1300.492611
Fraser River,2019,185,7/4/2019,4180,2040
Fraser River,2019,186,7/5/2019,4160,4185
Fraser River,2019,187,7/6/2019,4170,1443
Fraser River,2019,188,7/7/2019,4220,1988
Fraser River,2019,189,7/8/2019,4430,1012
Fraser River,2019,190,7/9/2019,4500,521
Fraser River,2019,191,7/10/2019,4390,586
Fraser River,2019,192,7/11/2019,4320,1923
Fraser River,2019,193,7/12/2019,4280,533
Fraser River,2019,194,7/13/2019,4280,1316
Fraser River,2019,195,7/14/2019,4500,2545
Fraser River,2019,196,7/15/2019,4720,3787
Fraser River,2019,197,7/16/2019,4640,2752.809512
Fraser River,2019,198,7/17/2019,4480,1232.381566
Fraser River,2019,199,7/18/2019,4400,1048.874992
Fraser River,2019,200,7/19/2019,4320,719.2978632
Fraser River,2019,201,7/20/2019,4350,2513.778087
Fraser River,2019,202,7/21/2019,4500,3305.951848
Fraser River,2019,203,7/22/2019,4620,4799.270158
Fraser River,2019,204,7/23/2019,4570,4593
Fraser River,2019,205,7/24/2019,4340,2398.646139
Fraser River,2019,206,7/25/2019,4130,4801.726369
Fraser River,2019,207,7/26/2019,4000,4008.833059
Fraser River,2019,208,7/27/2019,3980,4339.506404
Fraser River,2019,209,7/28/2019,4030,4467.438553
Fraser River,2019,210,7/29/2019,3980,1397.541615
Fraser River,2019,211,7/30/2019,3910,2311.355153
Fraser River,2019,212,7/31/2019,3990,3505.978712
Fraser River,2019,213,8/1/2019,3940,1652.79765
Fraser River,2019,214,8/2/2019,3790,3054.062911
Fraser River,2019,215,8/3/2019,3680,3059.377107
Fraser River,2019,216,8/4/2019,3680,4254.499677
Fraser River,2019,217,8/5/2019,3750,3639.115225
Fraser River,2019,218,8/6/2019,3950,4725.334005
Fraser River,2019,219,8/7/2019,4010,8467.511789
Fraser River,2019,220,8/8/2019,3840,8556.620441
Fraser River,2019,221,8/9/2019,3640,8906.20694
Fraser River,2019,222,8/10/2019,3440,9693.009852
Fraser River,2019,223,8/11/2019,3450,5922.479963
Fraser River,2019,224,8/12/2019,3410,6273.110164
Fraser River,2019,225,8/13/2019,3320,8083.260678
Fraser River,2019,226,8/14/2019,3220,9898.888858
Fraser River,2019,227,8/15/2019,3150,11490.25175
Fraser River,2019,228,8/16/2019,3110,10600.77003
Fraser River,2019,229,8/17/2019,3060,11281.48423
Fraser River,2019,230,8/18/2019,2990,10539.60942
Fraser River,2019,231,8/19/2019,2950,16471.89273
Fraser River,2019,232,8/20/2019,2970,10328.07799
Fraser River,2019,233,8/21/2019,3100,11137.65788
Fraser River,2019,234,8/22/2019,3260,13766.17131
Fraser River,2019,235,8/23/2019,3130,13615.19648
Fraser River,2019,236,8/24/2019,2950,18044.72626
Fraser River,2019,237,8/25/2019,2840,16931.8827
Fraser River,2019,238,8/26/2019,2770,22385.74413
Fraser River,2019,239,8/27/2019,2730,23991.67037
Fraser River,2019,240,8/28/2019,2820,24637.12565
Fraser River,2019,241,8/29/2019,2820,17347.12565
Fraser River,2019,242,8/30/2019,2720,11208.16901
Fraser River,2019,243,8/31/2019,2680,10100
Fraser River,2019,244,9/1/2019,2600,8750
Fraser River,2019,245,9/2/2019,2490,8210
Fraser River,2019,246,9/3/2019,2390,4320
Fraser River,2019,247,9/4/2019,2320,3510.000004
Fraser River,2019,248,9/5/2019,2270,1890
Fraser River,2019,249,9/6/2019,2230,1620
Fraser River,2019,250,9/7/2019,2210,2944.285714
Fraser River,2019,251,9/8/2019,2200,4318.262548
Fraser River,2019,252,9/9/2019,2150,4858.262548
Fraser River,2019,253,9/10/2019,2110,5423.976834
Fraser River,2019,254,9/11/2019,2100,6210
Fraser River,2019,255,9/12/2019,2150,6233.976834
Fraser River,2019,256,9/13/2019,2220,3533.976834
Fraser River,2019,257,9/14/2019,2260,1103.976834
Fraser River,2019,258,9/15/2019,2380,307.0362473
Fraser River,2019,259,9/16/2019,2400,307.0362473
Fraser River,2019,260,9/17/2019,2540,618.724559
Fraser River,2019,261,9/18/2019,2930,311.6883117
Fraser River,2019,262,9/19/2019,3110,311.6883117
Fraser River,2019,263,9/20/2019,3150,NA
Fraser River,2019,264,9/21/2019,2940,NA
Fraser River,2019,265,9/22/2019,2760,NA
Fraser River,2019,266,9/23/2019,2670,NA
Fraser River,2019,267,9/24/2019,2560,NA
Fraser River,2019,268,9/25/2019,2650,NA
Fraser River,2019,269,9/26/2019,2900,NA
Fraser River,2019,270,9/27/2019,3090,NA
Fraser River,2019,271,9/28/2019,3310,NA
Fraser River,2019,272,9/29/2019,3520,NA
Fraser River,2019,273,9/30/2019,3390,NA
Fraser River,2020,122,5/1/2020,4880,NA
Fraser River,2020,123,5/2/2020,4850,NA
Fraser River,2020,124,5/3/2020,5020,NA
Fraser River,2020,125,5/4/2020,5200,NA
Fraser River,2020,126,5/5/2020,5470,NA
Fraser River,2020,127,5/6/2020,5660,NA
Fraser River,2020,128,5/7/2020,5560,NA
Fraser River,2020,129,5/8/2020,5440,NA
Fraser River,2020,130,5/9/2020,5480,NA
Fraser River,2020,131,5/10/2020,5720,NA
Fraser River,2020,132,5/11/2020,6010,NA
Fraser River,2020,133,5/12/2020,6240,NA
Fraser River,2020,134,5/13/2020,6300,NA
Fraser River,2020,135,5/14/2020,6210,NA
Fraser River,2020,136,5/15/2020,6070,NA
Fraser River,2020,137,5/16/2020,6000,NA
Fraser River,2020,138,5/17/2020,6120,NA
Fraser River,2020,139,5/18/2020,6450,NA
Fraser River,2020,140,5/19/2020,6750,NA
Fraser River,2020,141,5/20/2020,7170,NA
Fraser River,2020,142,5/21/2020,7500,NA
Fraser River,2020,143,5/22/2020,7640,NA
Fraser River,2020,144,5/23/2020,7810,NA
Fraser River,2020,145,5/24/2020,8060,NA
Fraser River,2020,146,5/25/2020,8180,NA
Fraser River,2020,147,5/26/2020,8150,NA
Fraser River,2020,148,5/27/2020,8030,NA
Fraser River,2020,149,5/28/2020,8350,NA
Fraser River,2020,150,5/29/2020,8750,NA
Fraser River,2020,151,5/30/2020,8880,NA
Fraser River,2020,152,5/31/2020,8830,NA
Fraser River,2020,153,6/1/2020,8260,NA
Fraser River,2020,154,6/2/2020,8360,NA
Fraser River,2020,155,6/3/2020,8980,NA
Fraser River,2020,156,6/4/2020,9480,NA
Fraser River,2020,157,6/5/2020,9550,NA
Fraser River,2020,158,6/6/2020,9180,NA
Fraser River,2020,159,6/7/2020,8640,NA
Fraser River,2020,160,6/8/2020,8260,NA
Fraser River,2020,161,6/9/2020,7970,NA
Fraser River,2020,162,6/10/2020,7690,NA
Fraser River,2020,163,6/11/2020,7480,NA
Fraser River,2020,164,6/12/2020,7260,NA
Fraser River,2020,165,6/13/2020,7100,NA
Fraser River,2020,166,6/14/2020,7230,NA
Fraser River,2020,167,6/15/2020,7540,NA
Fraser River,2020,168,6/16/2020,7860,NA
Fraser River,2020,169,6/17/2020,8210,NA
Fraser River,2020,170,6/18/2020,8680,NA
Fraser River,2020,171,6/19/2020,8740,NA
Fraser River,2020,172,6/20/2020,8400,NA
Fraser River,2020,173,6/21/2020,8170,NA
Fraser River,2020,174,6/22/2020,8130,NA
Fraser River,2020,175,6/23/2020,8530,NA
Fraser River,2020,176,6/24/2020,9220,NA
Fraser River,2020,177,6/25/2020,9660,NA
Fraser River,2020,178,6/26/2020,9900,NA
Fraser River,2020,179,6/27/2020,10200,NA
Fraser River,2020,180,6/28/2020,10300,NA
Fraser River,2020,181,6/29/2020,10200,NA
Fraser River,2020,182,6/30/2020,10000,NA
Fraser River,2020,183,7/1/2020,9790,174
Fraser River,2020,184,7/2/2020,9540,40
Fraser River,2020,185,7/3/2020,9170,74.26850731
Fraser River,2020,186,7/4/2020,9440,156.5156284
Fraser River,2020,187,7/5/2020,10200,389.7211961
Fraser River,2020,188,7/6/2020,10600,245.8868355
Fraser River,2020,189,7/7/2020,10500,340.7329878
Fraser River,2020,190,7/8/2020,9970,571.7495325
Fraser River,2020,191,7/9/2020,9380,1479.733549
Fraser River,2020,192,7/10/2020,8900,2603.326484
Fraser River,2020,193,7/11/2020,8640,5728.972541
Fraser River,2020,194,7/12/2020,8480,5664.816154
Fraser River,2020,195,7/13/2020,8260,3936.929581
Fraser River,2020,196,7/14/2020,8160,4286.250153
Fraser River,2020,197,7/15/2020,8150,3741.330377
Fraser River,2020,198,7/16/2020,8040,4214.089922
Fraser River,2020,199,7/17/2020,7780,4749.288013
Fraser River,2020,200,7/18/2020,7650,4553.053154
Fraser River,2020,201,7/19/2020,8040,6341.14964
Fraser River,2020,202,7/20/2020,8460,6773.612005
Fraser River,2020,203,7/21/2020,8510,6944.850897
Fraser River,2020,204,7/22/2020,8190,7169.484357
Fraser River,2020,205,7/23/2020,7790,5577.278587
Fraser River,2020,206,7/24/2020,7540,4580.101316
Fraser River,2020,207,7/25/2020,7310,6344.725922
Fraser River,2020,208,7/26/2020,7220,5723.853167
Fraser River,2020,209,7/27/2020,7170,5167.204776
Fraser River,2020,210,7/28/2020,7090,8237.470594
Fraser River,2020,211,7/29/2020,6710,8407.574514
Fraser River,2020,212,7/30/2020,6370,7343.851776
Fraser River,2020,213,7/31/2020,6150,9333.380882
Fraser River,2020,214,8/1/2020,6030,5499.87367
Fraser River,2020,215,8/2/2020,5900,5233.066365
Fraser River,2020,216,8/3/2020,5740,7918.506722
Fraser River,2020,217,8/4/2020,5640,7057.323926
Fraser River,2020,218,8/5/2020,5520,6920.622172
Fraser River,2020,219,8/6/2020,5400,5979.441144
Fraser River,2020,220,8/7/2020,5260,6257.177126
Fraser River,2020,221,8/8/2020,5030,4942.035223
Fraser River,2020,222,8/9/2020,4790,3073.269119
Fraser River,2020,223,8/10/2020,4590,6169.496384
Fraser River,2020,224,8/11/2020,4410,7237.551528
Fraser River,2020,225,8/12/2020,4250,7980.80345
Fraser River,2020,226,8/13/2020,3970,6492.774388
Fraser River,2020,227,8/14/2020,3740,9280.795428
Fraser River,2020,228,8/15/2020,3590,10734.51299
Fraser River,2020,229,8/16/2020,3570,6930.995576
Fraser River,2020,230,8/17/2020,3500,3532.941044
Fraser River,2020,231,8/18/2020,3560,3132.445411
Fraser River,2020,232,8/19/2020,3680,3215.871433
Fraser River,2020,233,8/20/2020,3610,3460.304756
Fraser River,2020,234,8/21/2020,3550,3253.464407
Fraser River,2020,235,8/22/2020,3550,4418.845725
Fraser River,2020,236,8/23/2020,3470,3834.261414
Fraser River,2020,237,8/24/2020,3370,4913.48
Fraser River,2020,238,8/25/2020,3360,3783.7
Fraser River,2020,239,8/26/2020,3320,1656.05
Fraser River,2020,240,8/27/2020,3200,1240.601504
Fraser River,2020,241,8/28/2020,3090,1428.571429
Fraser River,2020,242,8/29/2020,2990,3928.571429
Fraser River,2020,243,8/30/2020,2840,1520.737327
Fraser River,2020,244,8/31/2020,2710,2901.785714
Fraser River,2020,245,9/1/2020,2600,1496.598639
Fraser River,2020,246,9/2/2020,2530,1450.549451
Fraser River,2020,247,9/3/2020,2500,NA
Fraser River,2020,248,9/4/2020,2540,NA
Fraser River,2020,249,9/5/2020,2780,NA
Fraser River,2020,250,9/6/2020,3130,NA
Fraser River,2020,251,9/7/2020,3200,NA
Fraser River,2020,252,9/8/2020,3040,NA
Fraser River,2020,253,9/9/2020,2950,NA
Fraser River,2020,254,9/10/2020,3020,NA
Fraser River,2020,255,9/11/2020,2970,NA
Fraser River,2020,256,9/12/2020,2820,NA
Fraser River,2020,257,9/13/2020,2650,NA
Fraser River,2020,258,9/14/2020,2520,NA
Fraser River,2020,259,9/15/2020,2440,NA
Fraser River,2020,260,9/16/2020,2350,NA
Fraser River,2020,261,9/17/2020,2270,NA
Fraser River,2020,262,9/18/2020,2190,NA
Fraser River,2020,263,9/19/2020,2130,NA
Fraser River,2020,264,9/20/2020,2090,NA
Fraser River,2020,265,9/21/2020,2060,NA
Fraser River,2020,266,9/22/2020,2040,NA
Fraser River,2020,267,9/23/2020,2090,NA
Fraser River,2020,268,9/24/2020,2450,NA
Fraser River,2020,269,9/25/2020,2530,NA
Fraser River,2020,270,9/26/2020,2500,NA
Fraser River,2020,271,9/27/2020,2390,NA
Fraser River,2020,272,9/28/2020,2410,NA
Fraser River,2020,273,9/29/2020,2530,NA
Fraser River,2020,274,9/30/2020,2510,NA
Fraser River,2021,121,5/1/2021,4610,NA
Fraser River,2021,122,5/2/2021,5140,NA
Fraser River,2021,123,5/3/2021,5610,NA
Fraser River,2021,124,5/4/2021,5790,NA
Fraser River,2021,125,5/5/2021,5630,NA
Fraser River,2021,126,5/6/2021,5460,NA
Fraser River,2021,127,5/7/2021,5340,NA
Fraser River,2021,128,5/8/2021,5160,NA
Fraser River,2021,129,5/9/2021,5080,NA
Fraser River,2021,130,5/10/2021,5140,NA
Fraser River,2021,131,5/11/2021,5140,NA
Fraser River,2021,132,5/12/2021,5040,NA
Fraser River,2021,133,5/13/2021,4960,NA
Fraser River,2021,134,5/14/2021,5010,NA
Fraser River,2021,135,5/15/2021,5130,NA
Fraser River,2021,136,5/16/2021,5310,NA
Fraser River,2021,137,5/17/2021,5710,NA
Fraser River,2021,138,5/18/2021,6090,NA
Fraser River,2021,139,5/19/2021,6340,NA
Fraser River,2021,140,5/20/2021,6920,NA
Fraser River,2021,141,5/21/2021,7410,NA
Fraser River,2021,142,5/22/2021,7440,NA
Fraser River,2021,143,5/23/2021,7020,NA
Fraser River,2021,144,5/24/2021,6540,NA
Fraser River,2021,145,5/25/2021,6260,NA
Fraser River,2021,146,5/26/2021,6280,NA
Fraser River,2021,147,5/27/2021,6560,NA
Fraser River,2021,148,5/28/2021,6970,NA
Fraser River,2021,149,5/29/2021,7200,NA
Fraser River,2021,150,5/30/2021,7740,NA
Fraser River,2021,151,5/31/2021,8020,NA
Fraser River,2021,152,6/1/2021,8050,NA
Fraser River,2021,153,6/2/2021,7950,NA
Fraser River,2021,154,6/3/2021,8090,NA
Fraser River,2021,155,6/4/2021,8510,NA
Fraser River,2021,156,6/5/2021,9010,NA
Fraser River,2021,157,6/6/2021,9450,NA
Fraser River,2021,158,6/7/2021,9640,NA
Fraser River,2021,159,6/8/2021,9510,NA
Fraser River,2021,160,6/9/2021,9010,NA
Fraser River,2021,161,6/10/2021,8270,NA
Fraser River,2021,162,6/11/2021,7560,NA
Fraser River,2021,163,6/12/2021,7050,NA
Fraser River,2021,164,6/13/2021,6780,NA
Fraser River,2021,165,6/14/2021,6680,NA
Fraser River,2021,166,6/15/2021,6440,NA
Fraser River,2021,167,6/16/2021,6330,NA
Fraser River,2021,168,6/17/2021,6350,NA
Fraser River,2021,169,6/18/2021,6660,NA
Fraser River,2021,170,6/19/2021,7000,NA
Fraser River,2021,171,6/20/2021,7030,NA
Fraser River,2021,172,6/21/2021,6970,41.09179937
Fraser River,2021,173,6/22/2021,6940,64.0119709
Fraser River,2021,174,6/23/2021,6960,97.47542439
Fraser River,2021,175,6/24/2021,7050,145.0965097
Fraser River,2021,176,6/25/2021,7270,211.1284173
Fraser River,2021,177,6/26/2021,7620,300.3062105
Fraser River,2021,178,6/27/2021,7720,417.551291
Fraser River,2021,179,6/28/2021,7650,567.5227077
Fraser River,2021,180,6/29/2021,7740,754.0229264
Fraser River,2021,181,6/30/2021,8000,979.2954895
Fraser River,2021,182,7/1/2021,8200,960.5340454
Fraser River,2021,183,7/2/2021,8330,988.2417582
Fraser River,2021,184,7/3/2021,8390,2604.4184
Fraser River,2021,185,7/4/2021,8330,1356.456946
Fraser River,2021,186,7/5/2021,8120,2361.213606
Fraser River,2021,187,7/6/2021,7740,2884.719935
Fraser River,2021,188,7/7/2021,7220,4241.842543
Fraser River,2021,189,7/8/2021,6680,5679.76729
Fraser River,2021,190,7/9/2021,6180,5218.180149
Fraser River,2021,191,7/10/2021,5770,4794.816
Fraser River,2021,192,7/11/2021,5460,3990.779927
Fraser River,2021,193,7/12/2021,5240,2803.023196
Fraser River,2021,194,7/13/2021,5060,4273.991605
Fraser River,2021,195,7/14/2021,4950,2833.327881
Fraser River,2021,196,7/15/2021,4820,4539.109255
Fraser River,2021,197,7/16/2021,4600,4482.431575
Fraser River,2021,198,7/17/2021,4390,4553.015597
Fraser River,2021,199,7/18/2021,4230,3630.507334
Fraser River,2021,200,7/19/2021,4090,3533.762934
Fraser River,2021,201,7/20/2021,3970,2502.893195
Fraser River,2021,202,7/21/2021,3900,2993.955421
Fraser River,2021,203,7/22/2021,3820,2006.370216
Fraser River,2021,204,7/23/2021,3710,2342.247057
Fraser River,2021,205,7/24/2021,3600,2168.499293
Fraser River,2021,206,7/25/2021,3490,3322.191788
Fraser River,2021,207,7/26/2021,3430,4614.218907
Fraser River,2021,208,7/27/2021,3300,5674.182442
Fraser River,2021,209,7/28/2021,3140,5340.920404
Fraser River,2021,210,7/29/2021,3040,5503.869244
Fraser River,2021,211,7/30/2021,2980,6910.0041
Fraser River,2021,212,7/31/2021,2930,7843.468723
Fraser River,2021,213,8/1/2021,2850,5602.218689
Fraser River,2021,214,8/2/2021,2840,8107.368786
Fraser River,2021,215,8/3/2021,2850,7363.909322
Fraser River,2021,216,8/4/2021,2920,20562.86341
Fraser River,2021,217,8/5/2021,2940,28263.57086
Fraser River,2021,218,8/6/2021,2960,21592.75769
Fraser River,2021,219,8/7/2021,2960,14167.90188
Fraser River,2021,220,8/8/2021,2890,25816.12652
Fraser River,2021,221,8/9/2021,2830,23769.80111
Fraser River,2021,222,8/10/2021,2780,21932.42172
Fraser River,2021,223,8/11/2021,2760,36553.13007
Fraser River,2021,224,8/12/2021,2690,112426.9743
Fraser River,2021,225,8/13/2021,2610,95203.77305
Fraser River,2021,226,8/14/2021,2580,97946.90641
Fraser River,2021,227,8/15/2021,2590,80053.04102
Fraser River,2021,228,8/16/2021,2520,75238.72842
Fraser River,2021,229,8/17/2021,2540,73342.45664
Fraser River,2021,230,8/18/2021,2580,51543.61998
Fraser River,2021,231,8/19/2021,2750,78383.46194
Fraser River,2021,232,8/20/2021,2790,101666.3982
Fraser River,2021,233,8/21/2021,2730,84029.87888
Fraser River,2021,234,8/22/2021,2560,64634.81646
Fraser River,2021,235,8/23/2021,2440,139192.581
Fraser River,2021,236,8/24/2021,2330,133563.0433
Fraser River,2021,237,8/25/2021,2260,94991.94037
Fraser River,2021,238,8/26/2021,2150,64851.24662
Fraser River,2021,239,8/27/2021,2120,42157.07861
Fraser River,2021,240,8/28/2021,2090,49114.40481
Fraser River,2021,241,8/29/2021,2040,45485.13758
Fraser River,2021,242,8/30/2021,1950,23052.06214
Fraser River,2021,243,8/31/2021,1890,9859.933555
Fraser River,2021,244,9/1/2021,1850,21905.72915
Fraser River,2021,245,9/2/2021,1820,17009.57235
Fraser River,2021,246,9/3/2021,1770,61457.62218
Fraser River,2021,247,9/4/2021,1710,56514.93415
Fraser River,2021,248,9/5/2021,1680,35023.42771
Fraser River,2021,249,9/6/2021,1670,11340.5241
Fraser River,2021,250,9/7/2021,1620,16345.7599
Fraser River,2021,251,9/8/2021,1570,11617.76679
Fraser River,2021,252,9/9/2021,1540,18133.92547
Fraser River,2021,253,9/10/2021,1550,16853.9586
Fraser River,2021,254,9/11/2021,1590,16058.06509
Fraser River,2021,255,9/12/2021,1630,19613.1783
Fraser River,2021,256,9/13/2021,1730,7306.318841
Fraser River,2021,257,9/14/2021,1730,25434.27371
Fraser River,2021,258,9/15/2021,1740,23060.40816
Fraser River,2021,259,9/16/2021,1690,17334.07347
Fraser River,2021,260,9/17/2021,1680,58369.17127
Fraser River,2021,261,9/18/2021,1990,30917.97411
Fraser River,2021,262,9/19/2021,1910,17171.97652
Fraser River,2021,263,9/20/2021,1860,34486.26223
Fraser River,2021,264,9/21/2021,1820,43436.85648
Fraser River,2021,265,9/22/2021,1930,35903.40448
Fraser River,2021,266,9/23/2021,2010,24391.1986
Fraser River,2021,267,9/24/2021,2030,33901.32535
Fraser River,2021,268,9/25/2021,2330,16417.31314
Fraser River,2021,269,9/26/2021,2710,4898.087508
Fraser River,2021,270,9/27/2021,2630,2889.077413
Fraser River,2021,271,9/28/2021,2480,2538.69063
Fraser River,2021,272,9/29/2021,2350,4200.588644
Fraser River,2021,273,9/30/2021,2560,3842.236364
