Fish_ID_Revised,Fish_ID,GillClip_ID_Revised,GillClip_ID,Collection_Date,RunTimingGroup,Collection_Location,Processing_Date,Col_Location_Lat,Col_Location_Long,Fish_Wt,Sex,Gonad_Wt,DWP.,Fem_Fecun_1_num,Fem_Fecun_1_wt,Fem_Fecun_2_num,Fem_Fecun_2_wt,Fem_Fecun_3_num,Fem_Fecun_3_wt,Fem_Egg_Sz_1,Fem_Egg_Sz_2,Fem_Egg_Sz_3,Carcass.guts_Wt,Oto_Well_ID,Strontium_marked_Y.N,Scales_Y.N,Scales_num,Fish_Ground_Y.N,Gonad_Saved_Y.N,Gonad_Saved_wt,Fat_Meter_1._L,Fat_Meter_1._R,Fat_Meter_2._L,Fat_Meter_2._R,Fat_Meter_3._L,Fat_Meter_3._R,Fat_Meter_4._L,Fat_Meter_4._R,Dissect_Comments,Date_LabDryStart,Fish.BagWt_g,Date_LabDryFinal,DryFish.BagWt_g,Pwater,Pdry,Dry_Comments,Date_BCProcess,Bomb_ID_1,Bomb_PelletWt_g_1,EE_Value_1,EnergyDensity_mJ.kg_1,EnergyPDry_1,Bomb_ID_2,Bomb_PelletWt_g_2,EE_value_2,EnergyDensity_mJ.kg_2,EnergyPDry_2,Bomb_ID_3,Bomb_PelletWt_g_3,EE_value_3,EnergyDensity_mJ.kg_3,EnergyPDry_3,Bomb_ID_4,Collection_RiverMile_m,Elevation_m,Year,Group_Assignment,Fish_Leng_1_mm,Fish_Leng_2_mm,Fish_Ht_mm,Fish_Grth_mm,Fish_Wdth_mm,Fish_Wt_g,bodysize_pc_g_mm,Work,Gonad_Wt_g,EnergyPDry_1_mJ_g,Carcass.guts_Wt_g,TotalEnergy_carcass_mJ,fineness
GH-6-2019,GK6-2019,GH-6-19,GK6,2019-07-27,NA,Fish Creek Gulkana,8/7/19,63.1000428,-145.481274,1.376,F,0.21,N/A,49,3.7829,52,4.3651,45,3.971,4.7,4.9,4.4,1.118,1-G9,N,Y,5,Y,Y,0.102,0.9,0.8,0.9,0.8,0.8,0.8,1.2,1.3,,11/3/19,137,11/10/19,34.7,0.7467,0.2533,,11/26/19,4,0.2888,923.3249,23.0405,5.835805474,NA,NA,NA,NA,NA,NA,NA,NA,NA,NA,NA,473968.02,988,2019,Gulkana,414,34,100,272,63,1376,-1.505030915,468.3,210,0.005835805,1118,6.52443052,6.571428571
GH-7-2019,GK7-2019,GH-7-19,GK7,2019-07-27,NA,Fish Creek Gulkana,8/7/19,63.1000428,-145.481274,1.184,F,0.188,N/A,68,6.2316,82,9.5306,47,5.5035,4.7,4.2,4.5,0.948,1-G1,N,Y,5,Y,Y,0.1,0.7,1.1,1.3,0.8,1.3,0.7,1,0.7,,11/3/19,157.8,11/10/19,37.7,0.7611,0.2389,,11/26/19,2,0.304,923.1981,19.3525,4.62350602,NA,NA,NA,NA,NA,NA,NA,NA,NA,NA,NA,473968.02,988,2019,Gulkana,398,35,88,240,53,1184,-2.580283437,468.3,188,0.004623506,948,4.383083707,7.509433962
GH-8-2019,GK8-2019,GH-8-19,GK8,2019-07-27,NA,Fish Creek Gulkana,8/7/19,63.1000428,-145.481274,1.444,F,0.236,N/A,61,7.1919,75,9.5798,48,4.18,4.8,4.6,4.3,1.148,1-G2,N,Y,5,Y,Y,0.138,0.7,0.6,0.8,0.7,0.6,0.7,0.6,0.6,,11/3/19,193.6,11/10/19,43.1,0.7774,0.2226,,11/26/19,4,0.3865,923.3249,19.4505,4.330147469,NA,NA,NA,NA,NA,NA,NA,NA,NA,NA,NA,473968.02,988,2019,Gulkana,416,33,64,252,56,1444,-2.743620223,468.3,236,0.004330147,1148,4.971009294,7.428571429
GH-9-2019,GK9-2019,GH-9-19,GK9,2019-07-27,NA,Fish Creek Gulkana,8/7/19,63.1000428,-145.481274,2.078,F,0.44,N/A,50,6.4796,85,10.2085,93,10.5876,5.1,5.3,5.1,1.59,1-F12,N,Y,5,Y,Y,0.18,1,1.1,1,1.1,0.8,1.4,0.7,1.1,,11/3/19,132,11/10/19,35.2,0.7333,0.2667,,11/26/19,2,0.3096,923.1981,22.9675,6.124666667,NA,NA,NA,NA,NA,NA,NA,NA,NA,NA,NA,473968.02,988,2019,Gulkana,462,46,122,301,69,2078,0.363420551,468.3,440,0.006124667,1590,9.738220001,6.695652174
GH-10-2019,GK10-2019,GH-10-19,GK10,2019-07-27,NA,Fish Creek Gulkana,8/7/19,63.1000428,-145.481274,1.334,F,0.198,N/A,64,3.9213,89,5.3753,60,3.7846,4.4,4.3,4.1,1.08,1-G8,N,Y,5,Y,Y,0.116,1,1.1,0.9,1,0.8,1,1,1.2,,11/3/19,95.2,11/10/19,25.7,0.73,0.27,,11/26/19,4,0.3218,923.3249,22.2529,6.007348004,NA,NA,NA,NA,NA,NA,NA,NA,NA,NA,NA,473968.02,988,2019,Gulkana,402,34,90,241,55,1334,-2.440647716,468.3,198,0.006007348,1080,6.487935844,7.309090909
GH-16-2019,GK16-2019,GH-16-19,GK16,2019-08-17,NA,Gulkana Hatchery,9/3/19,63.06732669,-145.5138318,0.738,F,0,N/A,NA,NA,NA,NA,NA,NA,NA,NA,NA,0.7,2-C8,Y,Y,5,Y,N,NA,0.4,0.5,0.5,0.5,0.6,0.5,0.5,0.4,"POST SPAWNER, NO EGGS PRESENT",11/10/19,71,11/25/19,15.4,0.7831,0.2169,TOOK SAMPLES OFF TO THAW FREEZE DRIER THEN PUT BACK ON,12/1/19,4,0.4056,923.3249,17.4722,3.789744789,NA,NA,NA,NA,NA,NA,NA,NA,NA,NA,NA,468383.14,909,2019,GulkanaHatchery,379,34,79,181,37,738,-4.019464682,425.8,0,0.003789745,700,2.652821352,10.24324324
GH-17-2019,GK17-2019,GH-17-19,GK17,2019-08-17,NA,Gulkana Hatchery,9/4/19,63.06732669,-145.5138318,1.234,F,0,N/A,NA,NA,NA,NA,NA,NA,NA,NA,NA,1.176,2-E12,N,Y,5,Y,N,NA,0.6,0.6,0.5,0.8,0.6,0.6,0.7,0.7,"POST SPAWNER, NO EGGS PRESENT",11/10/19,141.2,11/25/19,26.5,0.8123,0.1877,TOOK SAMPLES OFF TO THAW FREEZE DRIER THEN PUT BACK ON,12/1/19,2,0.4296,923.1981,19.2209,3.607321884,NA,NA,NA,NA,NA,NA,NA,NA,NA,NA,NA,468383.14,909,2019,GulkanaHatchery,444,45,99,224,47,1234,-1.702293935,425.8,0,0.003607322,1176,4.242210536,9.446808511
GH-19-2019,GK19-2019,GH-19-19,GK19,2019-08-17,NA,Gulkana Hatchery,9/3/19,63.06732669,-145.5138318,1.792,F,0,N/A,55,3.5626,NA,NA,NA,NA,4.5,NA,NA,1.618,2-D6,N,Y,5,Y,N,NA,0.7,0.5,0.5,0.5,0.7,0.5,0.7,0.5,"LIKELY A PARTIAL SPAWNER, SKEIN LOOSE WITH EGGS THROUGHOUT BODY CAVITY",11/10/19,130.5,11/25/19,27,0.7931,0.2069,TOOK SAMPLES OFF TO THAW FREEZE DRIER THEN PUT BACK ON,12/1/19,2,0.4485,923.1981,21.3085,4.408655172,NA,NA,NA,NA,NA,NA,NA,NA,NA,NA,NA,468383.14,909,2019,GulkanaHatchery,465,42,108,269,59,1792,-0.431628119,425.8,0,0.004408655,1618,7.133204068,7.881355932
GH-20-2019,GK20-2019,GH-20-19,GK20,2019-08-17,NA,Gulkana Hatchery,9/3/19,63.06732669,-145.5138318,1.164,F,0,N/A,NA,NA,NA,NA,NA,NA,NA,NA,NA,1.12,2-C12,N,Y,5,Y,N,NA,0.8,0.6,0.7,0.6,0.8,0.5,0.6,0.6,"POST SPAWNER, NO EGGS PRESENT",11/10/19,129.3,11/25/19,26.8,0.7927,0.2073,TOOK SAMPLES OFF TO THAW FREEZE DRIER THEN PUT BACK ON,12/1/19,4,0.3769,923.3249,18.6226,3.859904718,NA,NA,NA,NA,NA,NA,NA,NA,NA,NA,NA,468383.14,909,2019,GulkanaHatchery,447,40,94,229,41,1164,-1.713152969,425.8,0,0.003859905,1120,4.323093284,10.90243902
MN-6-2019,MN6-2019,MN-6-19,MN6,2019-07-26,NA,Mentasta,8/6/19,62.94958,-143.35984,1.416,F,0,N/A,NA,NA,NA,NA,NA,NA,NA,NA,NA,1.304,1-E9,Y,Y,5,Y,N,NA,0.5,0.5,0.5,0.5,0.5,0.5,0.6,0.6,EMPTY SKEINS,11/15/19,108.5,11/21/19,20.9,0.8074,0.1926,,12/11/19,2,0.3509,923.1981,18.6986,3.601850138,NA,NA,NA,NA,NA,NA,NA,NA,NA,NA,NA,472102.04,678,2019,Slana,457,41,92,222,43,1416,-1.6934179,320.1,0,0.00360185,1304,4.69681258,10.62790698
MN-7-2019,MN7-2019,MN-7-19,MN7,2019-07-26,NA,Mentasta,8/7/19,62.94958,-143.35984,1.52,F,0,N/A,32,3.3782,NA,NA,NA,NA,5,NA,NA,1.311,1-G10,N,Y,5,Y,N,NA,0.7,0.8,0.7,0.7,0.6,0.7,0.7,0.8,SKEIN RUPTURED AND FILLING BODY WITH LOOSE EGGS. LIKELY PARTIAL SPAWNER,11/15/19,154.8,11/21/19,35.3,0.772,0.228,,12/11/19,4,0.2732,923.3249,21.3669,4.872426163,NA,NA,NA,NA,NA,NA,NA,NA,NA,NA,NA,472102.04,678,2019,Slana,429,42,103,251,54,1520,-1.464455015,320.1,0,0.004872426,1311,6.3877507,7.944444444
MN-8-2019,MN8-2019,MN-8-19,MN8,2019-07-26,NA,Mentasta,8/6/19,62.94958,-143.35984,1.184,F,0,N/A,NA,NA,NA,NA,NA,NA,NA,NA,NA,1.102,1-F9,N,Y,5,Y,N,NA,0.5,0.5,0.4,0.4,0.5,0.4,0.3,0.4,"SKEINS EMPTY, POST SPAWNER",11/15/19,132.1,11/21/19,26.5,0.7994,0.2006,,12/11/19,2,0.3799,923.1981,20.1708,4.046375473,NA,NA,NA,NA,NA,NA,NA,NA,NA,NA,NA,472102.04,678,2019,Slana,437,41,85,212,39,1184,-2.382471325,320.1,0,0.004046375,1102,4.459105771,11.20512821
MN-9-2019,MN9-2019,MN-9-19,MN9,2019-07-26,NA,Mentasta,8/6/19,62.94958,-143.35984,1.46,F,0,N/A,40,4.8765,NA,NA,NA,NA,5.6,NA,NA,1.276,1-F1,N,Y,NA,Y,N,NA,0.6,0.4,0.5,0.5,0.5,0.6,0.5,0.5,"SKEINS RUPTURED, EGGS LOOSE, PARTIAL SPAWNER",11/15/19,117.9,11/21/19,24.2,0.7947,0.2053,,12/11/19,4,0.3879,923.3249,21.2445,4.360618321,NA,NA,NA,NA,NA,NA,NA,NA,NA,NA,NA,472102.04,678,2019,Slana,457,47,95,246,44,1460,-1.262223318,320.1,0,0.004360618,1276,5.564148978,10.38636364
MN-10-2019,MN10-2019,MN-10-19,MN10,2019-07-26,NA,Mentasta,8/6/19,62.94958,-143.35984,1.36,F,0,N/A,NA,NA,NA,NA,NA,NA,NA,NA,NA,1.23,1-E12,N,Y,5,Y,N,NA,0.5,0.4,0.5,0.5,0.5,0.5,0.9,0.7,"SKEINS EMPTY, NO EGGS TO MEASURE",11/15/19,99.9,11/21/19,20.7,0.7928,0.2072,,12/18/19,4,0.3387,923.3249,21.1605,4.384608108,2,0.3936,923.1981,21.2794,NA,4,0.4564,923.3249,20.7673,4.303134234,NA,472102.04,678,2019,Slana,407,45,65,242,41,1360,-3.020452769,320.1,0,0.004384608,1230,5.393067973,9.926829268
SA-1-2019,SA1-2019,SA-1-19,SA1,2019-08-20,NA,St Anne,9/3/19,61.73953006,-145.9685194,0.978,F,0,N/A,NA,NA,NA,NA,NA,NA,NA,NA,NA,0.932,2-C10,N,Y,5,Y,N,NA,0.6,0.4,0.4,0.5,0.5,0.5,0.4,0.4,"POST SPAWNER, NO EGGS",12/18/19,51.3,12/31/19,10.3,0.7992,0.2008,,2/5/20,2,0.3134,923.1981,20.4384,4.103616374,NA,NA,NA,NA,NA,NA,NA,NA,NA,NA,NA,319323.05,531,2019,KlutinaLake,404,30,96,228,37,978,-2.430817499,169.6,0,0.004103616,932,3.824570461,10.91891892
SA-2-2019,SA2-2019,SA-2-19,SA2,2019-08-20,NA,St Anne,9/1/19,61.73953006,-145.9685194,1.096,F,0,N/A,NA,NA,NA,NA,NA,NA,NA,NA,NA,1.018,2-B12,N,Y,5,Y,N,NA,0.6,0.6,0.8,0.5,0.8,0.7,0.5,0.5,"POST SPAWNER, SKEINS ARE EMPTY, LARGE TUMOR ATTACHED TO ANTERIOR END OF SWIN BLADDER",12/18/19,125.1,12/31/19,26.5,0.7882,0.2118,,2/5/20,4,0.2448,923.3249,19.656,4.163741007,NA,NA,NA,NA,NA,NA,NA,NA,NA,NA,NA,319323.05,531,2019,KlutinaLake,434,40,88,215,43,1096,-2.309776528,169.6,0,0.004163741,1018,4.238688345,10.09302326
SA-3-2019,SA3-2019,SA-3-19,SA3,2019-08-20,NA,St Anne,9/3/19,61.73953006,-145.9685194,1.406,F,0,N/A,NA,NA,NA,NA,NA,NA,NA,NA,NA,1.328,2-D5,N,Y,5,Y,N,NA,0.5,0.5,0.4,0.4,0.4,0.5,0.5,0.4,"POST SPAWNER, NO EGGS. ONLY FOUND 1 OTOLITH",12/18/19,89.4,12/31/19,17.1,0.8087,0.1913,,2/5/20,2,0.3659,923.1981,20.7438,3.967773826,NA,NA,NA,NA,NA,NA,NA,NA,NA,NA,NA,319323.05,531,2019,KlutinaLake,461,39,106,249,54,1406,-0.84779207,169.6,0,0.003967774,1328,5.269203641,8.537037037
LL-6-2019,LL6-2019,LL-6-19,LL6,2019-08-24,NA,Long Lake,9/4/19,61.37920879,-143.30713,1.534,F,0.112,N/A,25,2.1693,23,2.1491,27,2.2968,4,4.2,4.4,1.37,2-F3,N,Y,5,Y,Y,0.05,2.1,1.8,1.3,1.3,1.4,0.9,0.8,0.8,"FM IN FIELD RIGHT SIDE 1.7, 1.4, 0.9, 1.0",12/31/19,63.1,1/20/20,19.2,0.6957,0.3043,,2/11/20,2,0.2411,923.1981,24.1516,7.348822821,NA,NA,NA,NA,NA,NA,NA,NA,NA,NA,NA,258752.38,430,2019,Chitina,426,29,108,258,61,1534,-1.278946572,111.3,112,0.007348823,1370,10.06788726,6.983606557
LL-7-2019,LL7-2019,LL-7-19,LL7,2019-08-24,NA,Long Lake,9/4/19,61.37920879,-143.30713,1.72,F,0.158,N/A,29,2.5475,18,2.2222,31,2.9073,4.4,4.2,4.2,1.482,2-F5,N,Y,5,Y,Y,0.076,1.7,1.2,1.1,0.9,0.9,0.7,0.9,0.7,"FM IN FIELD 0.8, 0.9, 0.8, 0.7",12/31/19,157.1,1/20/20,41,0.739,0.261,,2/11/20,4,0.2477,923.3249,23.935,6.246562699,NA,NA,NA,NA,NA,NA,NA,NA,NA,NA,NA,258752.38,430,2019,Chitina,424,32,110,286,64,1720,-0.852076323,111.3,158,0.006246563,1482,9.25740592,6.625
LL-8-2019,LL8-2019,LL-8-19,LL8,2019-08-24,NA,Long Lake,9/4/19,61.37920879,-143.30713,1.632,F,0.178,N/A,28,2.964,31,2.9445,30,2.3721,4.5,4.5,4.6,1.392,2-F2,N,Y,5,Y,Y,0.096,0.9,0.8,0.7,0.7,0.6,0.7,0.6,0.7,"FIRST TWO FECUNDITY SAMPLES HAD LOTS OF SKEIN ATTACHED. FM IN FIELD 0.8, 0.6, 0.6, 0.6",12/31/19,58.8,1/20/20,15.5,0.7364,0.2636,,2/11/20,2,0.2955,923.1981,22.8806,6.03145068,NA,NA,NA,NA,NA,NA,NA,NA,NA,NA,NA,258752.38,430,2019,Chitina,435,39,109,267,62,1632,-0.962070967,111.3,178,0.006031451,1392,8.395779347,7.016129032
LL-9-2019,LL9-2019,LL-9-19,LL9,2019-08-24,NA,Long Lake,9/3/19,61.37920879,-143.30713,1.708,F,0.14,N/A,20,2.084,46,3.0428,19,1.418,4.3,4.1,4.2,1.508,2-C11,N,Y,5,Y,Y,0.07,0.9,1.1,1,0.9,0.8,0.7,1.2,0.9,"FM IN FIELD 0.8, 0.8, 0.7, 0.6",12/31/19,76.3,1/20/20,20.5,0.7313,0.2687,,2/11/20,4,0.3102,923.3249,23.2413,6.244385976,NA,NA,NA,NA,NA,NA,NA,NA,NA,NA,NA,258752.38,430,2019,Chitina,417,37,110,277,68,1708,-1.106411127,111.3,140,0.006244386,1508,9.416534052,6.132352941
LL-10-2019,LL10-2019,LL-10-19,LL10,2019-08-24,NA,Long Lake,9/3/19,61.37920879,-143.30713,2.07,F,0.154,N/A,27,2.2199,23,2.1332,29,2.4411,4.2,4.6,4.3,1.818,2-E1,N,Y,5,Y,Y,0.066,1.7,1.6,1.7,1.3,1.4,1,1.4,0.8,"PUNCTURE WOULD ON VENTRAL SURFACE. FM IN FIELD 1.4, 1.3, 1.1, 0.8",12/31/19,62.3,1/20/20,19.3,0.6902,0.3098,,2/11/20,2,0.3571,923.1981,24.4298,7.568140289,4,0.301,923.3249,25.444,7.882330658,4,0.3863,923.3249,25.2729,7.829325361,NA,258752.38,430,2019,Chitina,464,37,114,293,72,2070,0.06384112,111.3,154,0.00756814,1818,13.75887905,6.444444444
MA-1-2019,MA1-2019,MA-1-19,MA1,2019-08-20,NA,Mahlo,9/4/19,61.73588,-145.7294181,1.644,F,0.266,N/A,15,2.4816,20,4.2945,27,4.5288,6.1,6.1,5.9,1.274,2-E9,N,Y,5,Y,Y,0.108,0.6,0.6,0.5,0.5,0.5,0.5,0.6,0.6,,12/31/19,89,1/20/20,19,0.7865,0.2135,,2/11/20,4,0.4094,923.3249,19.4626,4.154937079,NA,NA,NA,NA,NA,NA,NA,NA,NA,NA,NA,306987.7,537,2019,KlutinaLake,436,38,120,286,76,1644,-0.367637161,164.9,266,0.004154937,1274,5.293389839,5.736842105
MA-3-2019,MA3-2019,MA-3-19,MA3,2019-08-20,NA,Mahlo,9/4/19,61.73588,-145.7294181,1.268,F,0,N/A,NA,NA,NA,NA,NA,NA,NA,NA,NA,1.192,2-E11,N,Y,5,Y,N,NA,0.4,0.5,0.5,0.5,0.7,0.7,0.5,0.6,"SPAWNED OUT, NO EGGS. FORGOT TO MEASURE WITH TAPE PRIOR TO CUTTING. ",12/31/19,95.6,1/20/20,18.4,0.8075,0.1925,,2/11/20,4,0.3028,923.3249,19.9359,3.837035146,NA,NA,NA,NA,NA,NA,NA,NA,NA,NA,NA,306987.7,537,2019,KlutinaLake,437,37,100,245.0426619,51,1268,-1.492085724,164.9,0,0.003837035,1192,4.573745894,8.568627451
MA-5-2019,MA5-2019,MA-5-19,MA5,2019-08-20,NA,Mahlo,9/3/19,61.73588,-145.7294181,1.692,F,0.388,N/A,24,2.9165,29,3.4189,27,3.0407,5.8,5.6,5.4,1.256,2-D2,N,Y,5,Y,Y,0.178,0.5,0.6,0.6,0.7,0.6,0.5,0.5,0.6,,12/31/19,105.6,1/20/20,23.2,0.7803,0.2197,,2/11/20,4,0.3712,923.3249,21.3028,4.680160606,NA,NA,NA,NA,NA,NA,NA,NA,NA,NA,NA,306987.7,537,2019,KlutinaLake,411,38,118,274,74,1692,-1.037411414,164.9,388,0.004680161,1256,5.878281721,5.554054054
MA-9-2019,MA9-2019,MA-9-19,MA9,2019-08-20,NA,Mahlo,9/3/19,61.73588,-145.7294181,1.02,F,0,N/A,NA,NA,NA,NA,NA,NA,NA,NA,NA,0.954,2-D7,N,Y,NA,Y,N,NA,0.7,0.7,0.4,0.6,0.5,0.8,0.6,0.8,"POST SPAWNER, NO EGGS",2/5/20,106.5,2/11/20,19.8,0.8141,0.1859,,2/14/20,4,0.2813,923.3249,18.7054,3.477623662,NA,NA,NA,NA,NA,NA,NA,NA,NA,NA,NA,306987.7,537,2019,KlutinaLake,419,33,83,204,44,1020,-2.870681361,164.9,0,0.003477624,954,3.317652974,9.522727273
MA-10-2019,MA10-2019,MA-10-19,MA10,2019-08-20,NA,Mahlo,9/4/19,61.73588,-145.7294181,1.452,F,0,N/A,NA,NA,NA,NA,NA,NA,NA,NA,NA,1.368,2-F1,N,Y,5,Y,N,NA,0.5,0.5,0.5,0.5,0.5,0.5,0.5,0.5,SPAWNED OUT NO EGGS,2/5/20,144.4,2/11/20,27.5,0.8096,0.1904,,2/14/20,2,0.4205,923.1981,19.5387,3.721012812,NA,NA,NA,NA,NA,NA,NA,NA,NA,NA,NA,306987.7,537,2019,KlutinaLake,435,46,107,261,49,1452,-1.103992848,164.9,0,0.003721013,1368,5.090345527,8.87755102
TN-2-2019,TNL2-2019,TN-2-19,TNL2,2019-09-10,NA,Tanada,,62.45133,-143.382153,2.022,F,0.262,N/A,38,3.889,45,3.6776,57,6.358,4.9,4.5,4.6,1.668,N/A,N,Y,NA,Y,Y,0.132,0.8,0.8,0.6,0.7,0.7,0.6,0.6,0.7,,2/5/20,99.4,2/11/20,27.8,0.7203,0.2797,,2/14/20,2,0.3062,923.1981,24.2556,6.783759356,NA,NA,NA,NA,NA,NA,NA,NA,NA,NA,NA,472343.24,887,2019,TanadaCopperLakes,467,43,120,282,60,2022,0.120400678,419,262,0.006783759,1668,11.31531061,7.783333333
TN-3-2019,TNL3-2019,TN-3-19,TNL3,2019-09-10,NA,Tanada,9/20/19,62.45133,-143.382153,1.956,F,0.296,N/A,34,5.41,37,6.597,55,8.8,4.5,4.3,4.6,1.586,2-F12,N,Y,6,Y,Y,0.166,0.8,0.7,0.8,0.8,0.7,0.7,0.7,0.6,,2/5/20,105.8,2/11/20,25.9,0.7552,0.2448,,2/14/20,4,0.3028,923.3249,22.389,5.480861059,NA,NA,NA,NA,NA,NA,NA,NA,NA,NA,NA,472343.24,887,2019,TanadaCopperLakes,450.8,40.9,110.5,280,60.1,1956,-0.453506073,419,296,0.005480861,1586,8.69264564,7.500831947
TN-4-2019,TNL4-2019,N/A,N/A,2019-09-10,NA,Tanada,,62.45133,-143.382153,1.86,F,0.262,N/A,48,7.8909,50,5.1387,83,4.1888,5.2,4.8,4.9,1.532,2-G4,N,Y,5,Y,Y,0.136,0.7,0.6,0.5,0.7,0.6,0.6,0.6,0.5,,2/5/20,140.2,2/11/20,33.9,0.7582,0.2418,,2/14/20,2,0.3141,923.1981,21.1332,5.109953495,4,0.2891,923.3249,22.3733,5.409806491,4,0.3106,923.3249,22.3789,5.411160556,NA,472343.24,887,2019,TanadaCopperLakes,459,45,118,308,58,1860,0.303241699,419,262,0.005109953,1532,7.828448754,7.913793103
MN-6-2020,MN-20-6,MN-6-20,MN-20-6,2020-07-30,NA,Mentasta,9/29/20,62.94958,-143.35984,1.554,F,0.304,Fin well: 21(2),10,0.8135,NA,NA,NA,NA,5.3,NA,NA,1.162,2-F9,N,Y,5,Y,Y,0.18,0.4,0.7,0.5,0.5,0.4,0.7,0.8,0.8,,1/10/21,89.5,1/14/21,19.3,0.7844,0.2156,NA,2/8/21,4,0.4095,923.3249,20.6751,4.458429385,NA,NA,NA,NA,NA,NA,NA,NA,NA,NA,NA,472102.04,678,2020,Slana,434,36,103,266,46,1554,-1.15803772,320.1,304,0.004458429,1162,5.180694945,9.434782609
MN-8-2020,MN-20-8,MN-8-20,MN-20-8,2020-07-30,NA,Mentasta,9/28/20,62.94958,-143.35984,1.294,F,0,Fin well ID: 12(2). Post-spawn.,NA,NA,NA,NA,NA,NA,NA,NA,NA,1.22,2-E12,N,Y,5,Y,N,NA,0.3,0.4,0.3,0.3,0.7,0.4,0.4,0.4,Post-spawn.,1/10/21,82.1,1/14/21,16.1,0.8039,0.1961,NA,2/8/21,4,0.4305,923.3249,18.817,3.690057247,NA,NA,NA,NA,NA,NA,NA,NA,NA,NA,NA,472102.04,678,2020,Slana,443,44,105,251,33,1294,-1.163162344,320.1,0,0.003690057,1220,4.501869841,13.42424242
MN-9-2020,MN-20-9,MN-9-20,MN-20-9,2020-07-30,NA,Mentasta,9/29/20,62.94958,-143.35984,1.266,F,0,"Fin well ID: 22(2). Post-spawn, no eggs",NA,NA,NA,NA,NA,NA,NA,NA,NA,1.174,2-F10,N,Y,5,Y,N,NA,0.3,0.5,0.3,0.4,0.7,0.6,0.8,0.4,"Post-spawn, no eggs",1/10/21,66.2,1/14/21,13,0.8036,0.1964,NA,2/8/21,2,0.3608,955.4635,19.476,3.824592145,NA,NA,NA,NA,NA,NA,NA,NA,NA,NA,NA,472102.04,678,2020,Slana,425,44,96,232,38,1266,-2.002557788,320.1,0,0.003824592,1174,4.490071178,11.18421053
FC-1-2020,FC-20-1,FC-1-20,FC-20-1,2020-07-31,NA,Fish Creek Gulkana,9/28/20,63.1000428,-145.481274,1.232,F,0.212,Fin well ID: 16 (2),10,0.7315,NA,NA,NA,NA,4.7,NA,NA,0.966,2-F4,N,Y,7,Y,Y,0.118,0.4,0.5,0.3,0.4,0.7,0.4,1.2,0.4,,1/10/21,93.9,1/14/21,20.2,0.7849,0.2151,NA,2/10/21,2,0.4471,955.4635,20.079,4.319444089,NA,NA,NA,NA,NA,NA,NA,NA,NA,NA,NA,473968.02,988,2020,Gulkana,428,40,101,241,36,1232,-1.682214471,468.3,212,0.004319444,966,4.17258299,11.88888889
FC-2-2020,FC-20-2,FC-2-20,FC-20-2,2020-07-31,NA,Fish Creek Gulkana,9/28/20,63.1000428,-145.481274,1.342,F,0.254,Fin well ID: 11,10,0.8079,NA,NA,NA,NA,5,NA,NA,1.044,2-E11,N,Y,5,Y,Y,0.142,0.5,0.7,0.5,0.8,1.2,0.6,1.9,0.7,,1/10/21,94.1,1/14/21,23.5,0.7503,0.2497,NA,2/10/21,4,0.5043,923.3249,19.6218,4.900236982,NA,NA,NA,NA,NA,NA,NA,NA,NA,NA,NA,473968.02,988,2020,Gulkana,409,43,104,254,47,1342,-1.745916209,468.3,254,0.004900237,1044,5.115847409,8.70212766
FC-3-2020,FC-20-3,FC-3-20,FC-20-3,2020-07-31,NA,Fish Creek Gulkana,9/28/20,63.1000428,-145.481274,1.476,F,0.262,Fin well ID: 15 (2),10,0.9226,NA,NA,NA,NA,4.9,NA,NA,1.152,2-F3,N,Y,3,Y,Y,0.15,0.4,0.7,0.6,0.8,0.5,0.7,0.5,0.9,,1/10/21,98.8,1/14/21,23,0.7672,0.2328,NA,2/10/21,2,0.4383,955.4635,22.024,5.127044534,NA,NA,NA,NA,NA,NA,NA,NA,NA,NA,NA,473968.02,988,2020,Gulkana,419,39,106,252,40,1476,-1.5442162,468.3,262,0.005127045,1152,5.906355303,10.475
FC-4-2020,FC-20-4,FC-4-20,FC-20-4,2020-07-31,NA,Fish Creek Gulkana,9/28/20,63.1000428,-145.481274,1.61,F,0.3,Fin well ID: 8(2),10,1.1557,NA,NA,NA,NA,4.9,NA,NA,1.252,2-E8 (one missing),N,Y,5,Y,Y,0.15,0.4,0.4,0.4,0.7,0.7,0.4,1.2,0.4,,1/10/21,97.7,1/14/21,20.9,0.7861,0.2139,NA,2/10/21,4,0.4454,923.3249,20.342,4.351563971,NA,NA,NA,NA,NA,NA,NA,NA,NA,NA,NA,473968.02,988,2020,Gulkana,436,44,105,266,45,1610,-1.068198331,468.3,300,0.004351564,1252,5.448158092,9.688888889
FC-5-2020,FC-20-5,FC-5-20,FC-20-5,2020-07-31,NA,Fish Creek Gulkana,9/28/20,63.1000428,-145.481274,1.93,F,0.314,Fin well ID: 10 (2),10,1.0431,NA,NA,NA,NA,5,NA,NA,1.526,2-E10,N,Y,5,Y,Y,0.15,0.7,0.6,0.7,0.7,0.6,0.8,1.3,0.6,,1/10/21,98.9,1/14/21,23.2,0.7654,0.2346,NA,2/10/21,2,0.3338,955.4635,22.8293,5.355305966,NA,NA,NA,NA,NA,NA,NA,NA,NA,NA,NA,473968.02,988,2020,Gulkana,428,46,117,293,55,1930,-0.488622958,468.3,314,0.005355306,1526,8.172196904,7.781818182
GH2-6-2020,GH2-20-6,GH2-6-20,GH2-20-6,2020-09-08,NA,Gulkana Hatchery,9/28/20,63.06732669,-145.5138318,1.608,F,0.3,Fin well ID: 4(2),10,0.8572,NA,NA,NA,NA,4.9,NA,NA,1.24,2-E4,Y,Y,4,Y,Y,0.078,0.3,0.5,0.5,0.7,0.4,0.6,2.4,0.5,,1/15/21,79.3,1/21/21,17.9,0.7743,0.2257,NA,2/16/21,2,0.4163,955.4635,20.5785,4.645083859,NA,NA,NA,NA,NA,NA,NA,NA,NA,NA,NA,468383.14,909,2020,GulkanaHatchery,456,46,110,266,42,1608,-0.579283255,425.8,300,0.004645084,1240,5.759903985,10.85714286
GH2-7-2020,GH2-20-7,GH2-7-20,GH2-20-7,2020-09-08,NA,Gulkana Hatchery,9/26/20,63.06732669,-145.5138318,1.822,F,0.142,N/A,10,0.7874,NA,NA,NA,NA,5.1,NA,NA,2.65,2-C11,Y,Y,5,Y,Y,0.068,0.7,0.7,0.4,0.5,0.4,0.5,0.4,0.6,,1/15/21,109.6,1/20/21,23.1,0.7892,0.2108,NA,2/16/21,4,0.3837,923.3249,20.0141,4.218300274,NA,NA,NA,NA,NA,NA,NA,NA,NA,NA,NA,468383.14,909,2020,GulkanaHatchery,473,52,114,259,47,1822,-0.27240891,425.8,142,0.0042183,2650,11.17849573,10.06382979
GH2-8-2020,GH2-20-8,GH2-8-20,GH2-20-8,2020-09-08,NA,Gulkana Hatchery,9/26/20,63.06732669,-145.5138318,1.47,F,0.04,"fin well id:34, partial spawner",10,0.9769,NA,NA,NA,NA,5.2,NA,NA,1.348,2-C10 (1 OTO),Y,,,Y,Y,0.036,1,0.6,0.5,0.5,0.6,0.4,0.6,0.6,partial spawner,1/15/21,110.5,1/21/21,22.7,0.7946,0.2054,NA,2/16/21,2,0.3141,955.4635,21.2779,4.371116109,NA,NA,NA,NA,NA,NA,NA,NA,NA,NA,NA,468383.14,909,2020,GulkanaHatchery,457,46,98,240,41,1470,-1.267652258,425.8,40,0.004371116,1348,5.892264515,11.14634146
GH2-9-2020,GH2-20-9,GH2-9-20,GH2-20-9,2020-09-08,NA,Gulkana Hatchery,9/26/20,63.06732669,-145.5138318,1.928,F,0.26,fin well id: 38,10,0.738,NA,NA,NA,NA,5.1,NA,NA,1.548,"2-D2, one missing",Y,Y,6,Y,Y,0.074,0.7,0.5,0.5,0.6,0.5,0.7,0.6,0.8,,1/15/21,82.5,1/21/21,19.4,0.7648,0.2352,NA,2/16/21,4,0.3602,923.3249,20.0948,4.725322667,NA,NA,NA,NA,NA,NA,NA,NA,NA,NA,NA,468383.14,909,2020,GulkanaHatchery,470,51,117,271,49,1928,-0.068727057,425.8,260,0.004725323,1548,7.314799489,9.591836735
GH2-10-2020,GH2-20-10,GH2-10-20,GH2-20-10,2020-09-08,NA,Gulkana Hatchery,9/28/20,63.06732669,-145.5138318,1.602,F,0.222,fin well id: 6,10,0.666,NA,NA,NA,NA,4.3,NA,NA,2.458,2-E6,Y,Y,6,Y,Y,0.034,1.5,0.5,0.8,0.6,0.7,0.5,0.8,0.5,,1/15/21,78.9,1/21/21,16.9,0.7858,0.2142,NA,2/16/21,2,0.3518,955.4635,21.4286,4.589902915,NA,NA,NA,NA,NA,NA,NA,NA,NA,NA,NA,468383.14,909,2020,GulkanaHatchery,452,48,106,265,40,1602,-0.773516152,425.8,222,0.004589903,2458,11.28198137,11.3
MA-4-2020,MA-20-4,MA-4-20,MA-20-4,2020-08-10,NA,Mahlo,9/29/20,61.73588,-145.7294181,1.682,F,0.034,Fin clip 20 (2),10,1.2747,NA,NA,NA,NA,6,NA,NA,1.514,2-F8,N,Y,5,Y,Y,0.034,0.5,0.4,0.7,0.6,0.4,0.5,0.6,0.5,,1/5/20,102.5,1/9/21,21.8,0.7873,0.2127,NA,2/18/21,2,0.4142,955.4635,22.2347,4.728941073,NA,NA,NA,NA,NA,NA,NA,NA,NA,NA,NA,306987.7,537,2020,KlutinaLake,435,48,119,270,45,1682,-0.645422734,164.9,34,0.004728941,1514,7.159616785,9.666666667
MA-5-2020,MA-20-5,MA-5-20,MA-20-5,2020-08-10,NA,Mahlo,9/26/20,61.73588,-145.7294181,1.132,F,6,"Fin clip 43, post-spawn",10,0.8801,NA,NA,NA,NA,5.5,NA,NA,1.042,"2-D7, one missing",N,Y,7,Y,N,NA,0.5,0.4,0.4,0.4,0.4,0.4,1.1,0.5,,1/5/21,144.9,1/9/21,27.9,0.8075,0.1925,NA,2/18/21,4,0.3775,923.3249,17.1082,3.294125466,2,0.2947,955.4635,20.0857,3.867432919,NA,NA,NA,NA,NA,NA,306987.7,537,2020,KlutinaLake,424,42,106,235.668074,35,1132,-1.693807435,164.9,6000,0.003294125,1042,3.432478736,12.11428571
MA-7-2020,MA-20-7,MA-7-20,MA-20-7,2020-08-10,NA,Mahlo,9/29/20,61.73588,-145.7294181,1.406,F,0.004,Fin clip 29 (2),NA,NA,NA,NA,NA,NA,6.4,NA,NA,1.342,2-G5,NO READ,Y,4,Y,Y,0.004,0.3,0.3,0.3,0.3,0.3,0.4,0.4,0.6,,1/5/21,116.5,1/9/21,23.4,0.7991,0.2009,NA,2/18/21,2,0.3061,955.4635,20.6622,4.150175794,NA,NA,NA,NA,NA,NA,NA,NA,NA,NA,NA,306987.7,537,2020,KlutinaLake,432,53,110,257,40,1406,-1.133176873,164.9,4,0.004150176,1342,5.569535916,10.8
MA-9-2020,MA-20-9,MA-9-20,MA-20-9,2020-08-10,NA,Mahlo,9/29/20,61.73588,-145.7294181,1.748,F,0.196,Fin clip 24(2),10,1.0853,NA,NA,NA,NA,5.7,NA,NA,2.578,2-F12,N,Y,5,Y,Y,0.062,0.4,0.3,0.7,0.5,0.4,0.4,0.5,0.4,,1/5/21,137.1,1/9/21,26,0.8104,0.1896,NA,2/18/21,2,0.4272,955.4635,20.9315,3.969504012,NA,NA,NA,NA,NA,NA,NA,NA,NA,NA,NA,306987.7,537,2020,KlutinaLake,445,45,134,296,42,1748,0.318674207,164.9,196,0.003969504,2578,10.23338134,10.5952381
SA-4-2020,SA-20-4,SA-4-20,SA-20-4,2020-08-10,NA,St Anne,9/29/20,61.73953006,-145.9685194,1.482,F,0,"Fin clip: 23(2), post spawn, no eggs",NA,NA,NA,NA,NA,NA,NA,NA,NA,1.406,2-F11,N,Y,5,Y,N,NA,0.4,0.4,0.3,0.5,0.7,0.5,0.3,0.4,"post spawn, no eggs",1/23/21,78.3,1/28/21,14.5,0.8148,0.1852,NA,2/23/21,4,0.3226,923.3249,20.2953,3.758388889,NA,NA,NA,NA,NA,NA,NA,NA,NA,NA,NA,319323.05,531,2020,KlutinaLake,439,47,106,241,39,1482,-1.351889356,169.6,0,0.003758389,1406,5.284294778,11.25641026
SA-5-2020,SA-20-5,SA-5-20,SA-20-5,2020-08-11,NA,St Anne,9/29/20,61.73953006,-145.9685194,1.33,F,0,"Fin clip 18(2), post-spawn, just one egg",1,NA,NA,NA,NA,NA,5.8,NA,NA,1.244,2-F6,N,Y,6,Y,N,NA,0.8,0.4,0.5,0.5,0.4,0.5,0.4,0.5,"post-spawn, just one egg",1/23/21,75.1,1/28/21,14.2,0.8109,0.1891,NA,2/23/21,2,0.2672,955.4635,20.4194,3.860925166,NA,NA,NA,NA,NA,NA,NA,NA,NA,NA,NA,319323.05,531,2020,KlutinaLake,417,55,104,254,37,1330,-1.604947355,169.6,0,0.003860925,1244,4.802990907,11.27027027
SA-6-2020,SA-20-6,SA-6-20,SA-20-6,2020-08-11,NA,St Anne,9/29/20,61.73953006,-145.9685194,1.534,F,0.012,Fin clip 27,1,NA,NA,NA,NA,NA,5.7,NA,NA,1.446,2-G3,N,Y,5,Y,Y,0.012,0.5,0.7,0.4,0.5,0.4,0.5,0.4,0.5,,1/23/21,79.9,1/28/21,16.5,0.7935,0.2065,NA,2/23/21,4,0.3644,923.3249,21.0183,4.340449937,NA,NA,NA,NA,NA,NA,NA,NA,NA,NA,NA,319323.05,531,2020,KlutinaLake,434,44,117,270,47,1534,-0.717641017,169.6,12,0.00434045,1446,6.276290609,9.234042553
SA-8-2020,SA-20-8,SA-8-20,SA-20-8,2020-08-11,NA,St Anne,9/26/20,61.73953006,-145.9685194,1.536,F,0,"Fin clip, 45 only one single egg, post-spawn",NA,NA,NA,NA,NA,NA,5.75,NA,NA,1.392,2-D9,N,Y,5,Y,N,NA,0.3,0.4,0.3,0.4,0.5,0.5,0.8,0.6,"only one single egg, post-spawn",1/23/21,130,1/28/21,24.8,0.8092,0.1908,NA,2/23/21,4,0.339,923.3249,21.0664,4.018820923,NA,NA,NA,NA,NA,NA,NA,NA,NA,NA,NA,319323.05,531,2020,KlutinaLake,444,53,106,262,42,1536,-0.958147358,169.6,0,0.004018821,1392,5.594198725,10.57142857
LL-2-2020,LL-20-2,LL-2-20,LL-20-2,2020-08-31,NA,Long Lake,9/26/20,61.37920879,-143.30713,1.732,F,0.19,Fin clip 36,NA,NA,NA,NA,NA,NA,5.1,NA,NA,1.464,2-C12 one missing,N,Y,6,Y,Y,0.096,0.7,0.7,0.8,0.7,1,0.7,0.9,0.7,,1/15/21,120,1/21/21,29.9,0.7508,0.2492,NA,2/25/21,4,0.4181,923.3249,22.0032,5.482464,NA,NA,NA,NA,NA,NA,NA,NA,NA,NA,NA,258752.38,430,2020,Chitina,442,47,111,273,55,1732,-0.69680134,111.3,190,0.005482464,1464,8.026327296,8.036363636
LL-7-2020,LL--20-7,LL-7-20,LL-20-7,2020-08-31,NA,Long Lake,9/26/20,61.37920879,-143.30713,2.102,F,0.15,Fin clip 37,NA,NA,NA,NA,NA,NA,4.7,NA,NA,1.852,2-D1,N,Y,7,Y,Y,0.072,1.7,0.8,1.7,1.1,0.9,0.7,1.3,0.8,,1/15/21,122.2,1/21/21,32.8,0.7316,0.2684,NA,2/25/21,4,0.3075,923.3249,23.2044,6.228349591,NA,NA,NA,NA,NA,NA,NA,NA,NA,NA,NA,258752.38,430,2020,Chitina,470,46,107,270,60,2102,-0.356267056,111.3,150,0.00622835,1852,11.53490344,7.833333333
LL-8-2020,LL-20-8,LL-8-20,LL-20-8,2020-08-31,NA,Long Lake,9/26/20,61.37920879,-143.30713,1.976,F,0.138,Fin clip 39,NA,NA,NA,NA,NA,NA,4.7,NA,NA,1.724,2-D3,N,Y,7,Y,Y,0.07,1.3,0.8,1.5,0.7,1.3,0.6,0.9,0.7,,1/15/21,118.3,1/21/21,31.2,0.7363,0.2637,NA,2/25/21,2,0.3495,955.4635,22.4827,5.929503297,NA,NA,NA,NA,NA,NA,NA,NA,NA,NA,NA,258752.38,430,2020,Chitina,482,44,107,280,55,1976,0.000727398,111.3,138,0.005929503,1724,10.22246368,8.763636364
LL-9-2020,LL-20-9,LL-9-20,LL-20-9,2020-08-31,NA,Long Lake,9/26/20,61.37920879,-143.30713,1.312,F,0.086,Fin clip 32,NA,NA,NA,NA,NA,NA,4.6,NA,NA,1.154,2-C8 one missing,N,Y,6,Y,Y,0.044,1.4,1.5,1.3,0.8,2.2,1,0.8,0.7,,1/15/21,114.8,1/21/21,30.8,0.7317,0.2683,NA,2/25/21,4,0.3103,923.3249,22.7512,6.103980488,NA,NA,NA,NA,NA,NA,NA,NA,NA,NA,NA,258752.38,430,2020,Chitina,405,39,98,245,47,1312,-2.111179221,111.3,86,0.00610398,1154,7.043993483,8.617021277
LL-10-2020,LL-20-10,LL-10-20,LL-20-10,2020-08-31,NA,Long Lake,9/26/20,61.37920879,-143.30713,1.972,F,0.132,Fin clip 33,NA,NA,NA,NA,NA,NA,4.3,NA,NA,1.748,2-C9,N,Y,7,Y,Y,0.07,2.1,1.4,1.5,1.3,1.5,1,2.1,2.1,,1/15/21,101.8,1/21/21,29,0.7151,0.2849,NA,2/25/21,2,0.2688,955.4635,24.6991,7.036089391,NA,NA,NA,NA,NA,NA,NA,NA,NA,NA,NA,258752.38,430,2020,Chitina,457,46,104,264,62,1972,-0.754561912,111.3,132,0.007036089,1748,12.29908426,7.370967742
MA-1-2021,MA-1-2021,MA-1-21,MA-1,2021-07-18,NA,Mahlo,7/24/21,61.73588,-145.7294181,2.022,F,0.378,2-F7,6,0.7286,NA,NA,NA,NA,6.2,NA,NA,1.582,1-H11,N,Y,5,Y,Y,0.176,1.1,1,1.3,0.9,0.8,0.8,0.9,1,,10/6/21,130.8,10/11/21,32.2,0.7538,0.2462,NA,10/12/21,2,0.2932,955.4635,25.1648,6.195004281,NA,NA,NA,NA,NA,NA,NA,NA,NA,NA,NA,306987.7,537,2021,KlutinaLake,436,53,136,318,65,2022,0.534872005,164.9,378,0.006195004,1582,9.800496773,6.707692308
MA-2-2021,MA-2-2021,MA-2-21,MA-2,2021-07-18,NA,Mahlo,7/24/21,61.73588,-145.7294181,1.928,F,0.374,2-F3,7,0.654,NA,NA,NA,NA,5.6,NA,NA,1.498,1-H7,N,Y,5,Y,Y,0.17,0.8,1,0.8,0.8,0.7,0.6,1,0.8,,10/6/21,141.9,10/11/21,36.2,0.7449,0.2551,NA,10/12/21,4,0.2923,923.3249,24.3645,6.215608879,NA,NA,NA,NA,NA,NA,NA,NA,NA,NA,NA,306987.7,537,2021,KlutinaLake,433,50,125,305,63,1928,-0.00747931,164.9,374,0.006215609,1498,9.310982101,6.873015873
MA-7-2021,MA-7-2021,MA-7-21,MA-7,2021-07-18,NA,Mahlo,7/24/21,61.73588,-145.7294181,1.752,F,0.336,2-F4,6,0.499,NA,NA,NA,NA,5.65,NA,NA,1.378,1-H8,N,Y,5,Y,Y,0.15,0.6,0.6,0.5,0.7,0.6,0.6,0.5,0.7,,10/6/21,123.1,10/11/21,27.8,0.7742,0.2258,NA,10/12/21,2,0.2709,955.4635,23.6048,5.330734687,NA,NA,NA,NA,NA,NA,NA,NA,NA,NA,NA,306987.7,537,2021,KlutinaLake,432,48,125,290,66,1752,-0.243412178,164.9,336,0.005330735,1378,7.345752399,6.545454545
MA-9-2021,MA-9-2021,MA-9-21,MA-9,2021-07-18,NA,Mahlo,7/24/21,61.73588,-145.7294181,1.874,F,0.356,3-A4,10,1.2,NA,NA,NA,NA,5.95,NA,NA,1.474,2-A4,N,Y,5,Y,Y,0.202,0.5,0.8,0.4,1,0.5,1.1,0.5,1.3,,10/6/21,109.4,10/11/21,25.7,0.7651,0.2349,NA,10/12/21,2,0.3686,955.4635,23.264,5.465126143,4,0.3181,923.3249,21.2536,4.992847532,NA,NA,NA,NA,NA,NA,306987.7,537,2021,KlutinaLake,452,38,123,304,72,1874,0.258170424,164.9,356,0.005465126,1474,8.055595935,6.277777778
MA-10-2021,MA-10-2021,MA-10-21,MA-10,2021-07-18,NA,Mahlo,7/24/21,61.73588,-145.7294181,1.686,F,0.33,3-A8,10,1.1884,NA,NA,NA,NA,6.05,NA,NA,1.292,2-A8,N,Y,5,Y,Y,0.148,0.5,1,0.5,0.8,0.4,0.6,0.5,0.7,,10/6/21,83.1,10/11/21,20.9,0.7485,0.2515,NA,10/12/21,4,0.3308,955.4635,23.6591,5.950363297,NA,NA,NA,NA,NA,NA,NA,NA,NA,NA,NA,306987.7,537,2021,KlutinaLake,433,37,113,282,68,1686,-0.669807068,164.9,330,0.005950363,1292,7.68786938,6.367647059
MA-14-2021,MA-14-2021,MA-14-21,MA-14,2021-08-10,NA,Mahlo,9/5/21,61.73588,-145.7294181,0.906,F,0,4-C4,8,0.6293,NA,NA,NA,NA,3.8,NA,NA,0.848,2-F8,N,Y,5,Y,N,NA,0.4,0.4,0.4,0.5,0.4,0.4,0.6,0.6,Spawned out,10/6/21,104.3,10/11/21,18.2,0.8255,0.1745,NA,10/12/21,4,0.2355,955.8343,19.0294,3.320566443,NA,NA,NA,NA,NA,NA,NA,NA,NA,NA,NA,306987.7,537,2021,KlutinaLake,395,38,98,220,43,906,-2.651243222,164.9,0,0.003320566,848,2.815840344,9.186046512
MA-16-2021,MA-16-2021,MA-16-21,MA-16,2021-08-10,NA,Mahlo,9/5/21,61.73588,-145.7294181,0.992,F,0,4-D3,NA,NA,NA,NA,NA,NA,NA,NA,NA,0.936,2-G3,N,Y,5,Y,N,NA,0.4,0.8,0.4,0.4,0.5,0.5,1,0.5,spawned out,10/7/21,72.7,10/10/21,14.3,0.8033,0.1967,NA,10/12/21,4,0.2551,955.8343,19.8412,3.902739477,NA,NA,NA,NA,NA,NA,NA,NA,NA,NA,NA,306987.7,537,2021,KlutinaLake,401,46,100,231,42,992,-2.330824115,164.9,0,0.003902739,936,3.65296415,9.547619048
SA-1-2021,SA-1-2021,SA-1-21,SA-1,2021-07-18,NA,St Anne,7/24/21,61.73953006,-145.9685194,2.122,F,0.408,2-F8,10,0.8256,NA,NA,NA,NA,6.2,NA,NA,1.624,1-H12,N,Y,5,Y,Y,0.2,0.5,0.9,0.5,0.5,0.6,0.7,0.7,0.9,,10/6/21,72.7,10/11/21,17.1,0.7648,0.2352,NA,10/12/21,4,0.3008,923.3249,23.5817,5.546727235,NA,NA,NA,NA,NA,NA,NA,NA,NA,NA,NA,319323.05,531,2021,KlutinaLake,462,44,136,317,69,2122,0.978466663,169.6,408,0.005546727,1624,9.00788503,6.695652174
SA-3-2021,SA-3-2021,SA-3-21,SA-3,2021-07-18,NA,St Anne,7/24/21,61.73953006,-145.9685194,1.96,F,0.382,2-F5,7,0.8175,NA,NA,NA,NA,5.6,NA,NA,1.538,1-H9,N,Y,5,Y,Y,0.176,0.7,0.7,0.7,0.6,0.7,0.6,0.6,0.7,,10/6/21,115.6,10/11/21,28.6,0.7526,0.2474,NA,10/12/21,4,0.3771,923.3249,22.171,5.485212803,NA,NA,NA,NA,NA,NA,NA,NA,NA,NA,NA,319323.05,531,2021,KlutinaLake,458,56,127,302,63,1960,0.443983182,169.6,382,0.005485213,1538,8.436257291,7.26984127
SA-4-2021,SA-4-2021,SA-4-21,SA-4,2021-07-18,NA,St Anne,7/24/21,61.73953006,-145.9685194,1.722,F,0.338,2-F6,7,0.9003,NA,NA,NA,NA,5.8,NA,NA,1.34,1-H10,N,Y,5,Y,Y,0.056,0.6,0.6,0.8,0.7,0.6,0.7,0.6,1,,10/6/21,144.6,10/11/21,33.9,0.7656,0.2344,NA,10/12/21,2,0.3161,955.8343,24.4966,5.742978838,4,0.337,923.3249,23.4965,5.50851556,NA,NA,NA,NA,NA,NA,319323.05,531,2021,KlutinaLake,442,45,128,298,66,1722,0.131127593,169.6,338,0.005742979,1340,7.695591643,6.696969697
SA-7-2021,SA-7-2021,SA-7-21,SA-7,2021-07-18,NA,St Anne,7/24/21,61.73953006,-145.9685194,1.782,F,0.346,3-A3,10,1.2252,NA,NA,NA,NA,5.8,NA,NA,1.382,2-A3,N,Y,5,Y,Y,0.126,0.4,0.6,0.4,0.4,0.4,0.5,0.6,1,,10/6/21,93.7,10/11/21,21.9,0.7663,0.2337,NA,10/13/21,4,0.3286,955.8343,21.604,5.049387407,NA,NA,NA,NA,NA,NA,NA,NA,NA,NA,NA,319323.05,531,2021,KlutinaLake,448,38,124,301,62,1782,0.171322233,169.6,346,0.005049387,1382,6.978253396,7.225806452
SA-8-2021,SA-8-2021,SA-8-21,SA-8,2021-07-18,NA,St Anne,7/24/21,61.73953006,-145.9685194,1.89,F,0.352,3-A2,10,0.996,NA,NA,NA,NA,6,NA,NA,1.554,2-A2,N,Y,5,Y,Y,0.036,0.8,0.5,0.4,0.4,0.4,0.6,0.5,0.7,,10/6/21,78.2,10/11/21,18.6,0.7621,0.2379,NA,10/13/21,2,0.36,923.3249,21.2416,5.052349872,NA,NA,NA,NA,NA,NA,NA,NA,NA,NA,NA,319323.05,531,2021,KlutinaLake,462,40,131,306,59,1890,0.681878431,169.6,352,0.00505235,1554,7.851351701,7.830508475
SA-11-2021,SA-11-2021,SA-11-21,SA-11,2021-08-10,NA,St Anne,9/4/21,61.73953006,-145.9685194,0.978,F,0,4-A3,NA,NA,NA,NA,NA,NA,NA,NA,NA,0.924,2-E3,N,Y,5,Y,N,NA,0.4,0.4,0.5,0.4,0.5,0.4,0.7,0.9,spawned out completely,10/7/21,58.2,10/10/21,12.9,0.7784,0.2216,NA,10/13/21,4,0.2698,955.8343,20.0721,4.448970619,NA,NA,NA,NA,NA,NA,NA,NA,NA,NA,NA,319323.05,531,2021,KlutinaLake,395,33,95,324,45,978,-1.219510781,169.6,0,0.004448971,924,4.110848852,8.777777778
SA-13-2021,SA-13-2021,SA-13-21,SA-13,2021-08-10,NA,St Anne,9/5/21,61.73953006,-145.9685194,0.982,F,0,4-C3,NA,NA,NA,NA,NA,NA,NA,NA,NA,0.92,2-F7,N,Y,5,Y,N,NA,0.4,0.4,0.4,0.4,0.4,0.4,0.7,0.4,spawned out,10/7/21,78.9,10/10/21,18.8,0.7617,0.2383,NA,10/13/21,2,0.32,923.3249,18.0336,4.296979468,NA,NA,NA,NA,NA,NA,NA,NA,NA,NA,NA,319323.05,531,2021,KlutinaLake,406,39,97,223,46,982,-2.441047284,169.6,0,0.004296979,920,3.953221111,8.826086957
SA-14-2021,SA-14-2021,SA-14-21,SA-14,2021-08-10,NA,St Anne,9/3/21,61.73953006,-145.9685194,1.218,F,0,3-D2,5,0.89,NA,NA,NA,NA,6.95,NA,NA,1.132,2-C2,N,Y,5,Y,N,NA,0.6,0.7,0.5,0.8,0.4,0.5,0.9,0.7,spawned out,10/7/21,66.3,10/10/21,15.6,0.7647,0.2353,NA,10/13/21,4,0.3028,955.8343,16.8897,3.974047059,NA,NA,NA,NA,NA,NA,NA,NA,NA,NA,NA,319323.05,531,2021,KlutinaLake,435,50,105,241,48,1218,-1.449672371,169.6,0,0.003974047,1132,4.498621271,9.0625
LL-2-2021,LL-2-2021,LL-2-21,LL-L-2,2021-08-22,NA,Long Lake,9/4/21,61.37920879,-143.30713,1.454,F,0.112,4-A7,9,0.38,NA,NA,NA,NA,3.4,NA,NA,1.308,2-E7,N,Y,5,Y,Y,0.052,0.8,0.9,0.7,0.8,0.7,0.9,0.8,0.8,,10/11/21,80.6,10/15/21,25.3,0.6861,0.3139,NA,10/15/21,4,0.4327,923.3249,24.2873,7.623681017,NA,NA,NA,NA,NA,NA,NA,NA,NA,NA,NA,258752.38,430,2021,Chitina,428,33,100,256,65,1454,-1.491201299,111.3,112,0.007623681,1308,9.97177477,6.584615385
LL-5-2021,LL-5-2021,LL-5-21,LL-L-5,2021-08-22,NA,Long Lake,9/4/21,61.37920879,-143.30713,1.618,F,0.16,4-B5,10,0.4436,NA,NA,NA,NA,3.4,NA,NA,1.41,2-F1,N,Y,5,Y,Y,0.08,0.7,0.6,0.6,0.6,0.7,0.6,0.6,0.8,,10/11/21,69.3,10/15/21,20.2,0.7085,0.2915,NA,10/15/21,2,0.3738,955.8343,23.8339,6.947255123,NA,NA,NA,NA,NA,NA,NA,NA,NA,NA,NA,258752.38,430,2021,Chitina,440,38,103,263,64,1618,-1.095973432,111.3,160,0.006947255,1410,9.795629723,6.875
LL-6-2021,LL-6-2021,LL-6-21,LL-L-6,2021-08-26,NA,Long Lake,9/4/21,61.37920879,-143.30713,1.606,F,0.144,4-B1,10,0.5408,NA,NA,NA,NA,3.6,NA,NA,1.402,2-E9,N,Y,5,Y,Y,0.066,0.9,1.3,1,0.8,0.6,1,0.6,1.6,,10/11/21,98.7,10/15/21,29.8,0.6981,0.3019,NA,10/15/21,4,0.3255,923.3249,22.8076,6.886185208,NA,NA,NA,NA,NA,NA,NA,NA,NA,NA,NA,258752.38,430,2021,Chitina,430,35,108,273,63,1606,-0.990150385,111.3,144,0.006886185,1402,9.654431662,6.825396825
LL-7-2021,LL-7-2021,LL-7-21,LL-L-7,2021-08-26,NA,Long Lake,9/5/21,61.37920879,-143.30713,1.886,F,0.152,4-D6,6,0.692,NA,NA,NA,NA,4.59,NA,NA,1.682,2-G6,N,Y,5,Y,Y,0.082,1.7,1.4,1.5,1,1.2,0.9,1.4,1.4,,10/15/21,81.3,10/19/21,22.3,0.7257,0.2743,NA,10/19/21,4,0.3398,923.3249,23.6049,6.474652768,NA,NA,NA,NA,NA,NA,NA,NA,NA,NA,NA,258752.38,430,2021,Chitina,472,50,112,273,63,1886,-0.14086955,111.3,152,0.006474653,1682,10.89036596,7.492063492
LL-9-2021,LL-9-2021,LL-9-21,LL-L-9,2021-08-26,NA,Long Lake,9/5/21,61.37920879,-143.30713,1.378,F,0.1,4-C1,5,0.2126,NA,NA,NA,NA,3.7,NA,NA,1.23,2-F5,N,Y,5,Y,Y,0.048,1.2,1.8,1,1.2,0.9,1,0.8,1.1,,10/15/21,101.8,10/19/21,28.1,0.724,0.276,NA,10/19/21,2,0.3169,955.8343,24.8353,6.855323477,NA,NA,NA,NA,NA,NA,NA,NA,NA,NA,NA,258752.38,430,2021,Chitina,415,42,105,260,60,1378,-1.525566276,111.3,100,0.006855323,1230,8.432047877,6.916666667
LL-14-2021,LL-14-2021,LL-14-21,LL-L-14,2021-09-23,NA,Long Lake,9/24/21,61.37920879,-143.30713,1.348,F,0.052,4-E7,10,0.7305,NA,NA,NA,NA,5.3,NA,NA,1.246,2-H3,N,Y,NA,Y,Y,NA,0.4,0.5,0.4,0.5,0.4,0.4,5,0.4,Eggs with worms,10/15/21,159.1,10/20/21,30.9,0.8058,0.1942,NA,10/20/21,4,0.2792,923.3249,20.4174,3.965415839,NA,NA,NA,NA,NA,NA,NA,NA,NA,NA,NA,258752.38,430,2021,Chitina,426.3330519,NA,107.2934903,262,49.08321814,1348,-1.234148078,111.3,52,0.003965416,1246,4.940908135,8.68592297
LL-15-2021,LL-15-2021,LL-15-21,LL-L-15,2021-09-23,NA,Long Lake,9/24/21,61.37920879,-143.30713,1.48,F,0.208,4-F2,10,0.8253,NA,NA,NA,NA,5,NA,NA,1.23,2-H6,N,Y,NA,Y,Y,NA,0.5,0.5,0.5,0.5,0.5,0.5,0.6,0.5,"probably prespawn, eggs loose",10/15/21,146.3,10/20/21,30.8,0.7895,0.2105,NA,10/20/21,2,0.3392,955.8343,21.655,4.558947368,NA,NA,NA,NA,NA,NA,NA,NA,NA,NA,NA,258752.38,430,2021,Chitina,433.6346546,NA,114.0455599,280,52.31177667,1480,-0.659189677,111.3,208,0.004558947,1230,5.607505263,8.289427012
LL-16-2021,LL-16-2021,LL-16-21,LL-L-16,2021-09-23,NA,Long Lake,9/24/21,61.37920879,-143.30713,1.516,F,0.108,4-F3,10,0.7907,NA,NA,NA,NA,4.8,NA,NA,1.366,2-H7,N,Y,NA,Y,Y,NA,0.6,0.4,0.4,0.4,0.5,0.4,0.5,0.4,loose eggs maybe partial spawn,10/15/21,194.1,10/20/21,40.1,0.7934,0.2066,NA,10/20/21,4,0.409,923.3249,19.814,4.093464194,NA,NA,NA,NA,NA,NA,NA,NA,NA,NA,NA,258752.38,430,2021,Chitina,435.6260008,NA,111.79487,274,53.19229264,1516,-0.772865313,111.3,108,0.004093464,1366,5.591672089,8.189645139
LL-17-2021,LL-17-2021,LL-17-21,LL-L-17,2021-09-23,NA,Long Lake,9/24/21,61.37920879,-143.30713,1.686,F,0.228,4-E8,10,0.7326,NA,NA,NA,NA,5.1,NA,NA,1.414,2-H4,N,Y,NA,Y,Y,NA,0.5,0.5,0.5,0.5,0.5,0.5,0.8,0.5,"maybe prespawn, but most eggs loose",10/15/21,188.2,10/20/21,36.7,0.805,0.195,NA,10/20/21,2,0.4124,955.8343,22.4969,4.387015037,NA,NA,NA,NA,NA,NA,NA,NA,NA,NA,NA,258752.38,430,2021,Chitina,445.0295801,NA,122.2980894,302,57.35028469,1686,0.087074507,111.3,228,0.004387015,1414,6.203239262,7.759849538
LL-18-2021,LL-18-2021,LL-18-21,LL-L-18,2021-09-23,NA,Long Lake,9/24/21,61.37920879,-143.30713,1.95,F,0.302,4-F1,10,1.036,NA,NA,NA,NA,5.2,NA,NA,1.616,2-H5,N,Y,NA,Y,Y,NA,0.5,0.6,0.6,0.6,0.5,0.5,0.5,0.5,"prespawn but loose eggs, eggs wth worms",10/15/21,177.8,10/20/21,37.3,0.7902,0.2098,NA,10/20/21,4,0.3826,923.3249,21.0635,4.41883324,NA,NA,NA,NA,NA,NA,NA,NA,NA,NA,NA,258752.38,430,2021,Chitina,459.6327856,NA,127.1745841,315,63.80740176,1950,0.666724096,111.3,302,0.004418833,1616,7.140834516,7.20343993
GH-6-2021,GH-6-2021,GH-6-21,GH-6,2021-08-31,NA,Gulkana Hatchery,9/4/21,63.06732669,-145.5138318,2.152,F,0.376,4-A8,10,1.158,NA,NA,NA,NA,5.1,NA,NA,1.744,2-E8,Y,Y,5,Y,Y,0.188,NA,NA,NA,NA,NA,NA,NA,NA,,10/15/21,73.9,10/19/21,19.1,0.7415,0.2585,NA,10/19/21,4,0.3155,923.3249,22.7438,5.878302842,NA,NA,NA,NA,NA,NA,NA,NA,NA,NA,NA,468383.14,909,2021,GulkanaHatchery,492,44,118,298,80,2152,0.739197048,425.8,376,0.005878303,1744,10.25176016,6.15
GH-7-2021,GH-7-2021,GH-7-21,GH-7,2021-08-31,NA,Gulkana Hatchery,9/5/21,63.06732669,-145.5138318,2.052,F,0.392,4-C8,6,0.6606,NA,NA,NA,NA,4.65,NA,NA,1.628,2-F12,Y,Y,5,Y,Y,0.178,0.9,0.8,0.7,0.6,0.7,1,1.2,1.1,,10/15/21,85.8,10/19/21,22.3,0.7401,0.2599,NA,10/19/21,2,0.4254,955.8343,23.8192,6.190771096,4,0.3796,923.3249,22.8309,5.933905245,NA,NA,NA,NA,NA,NA,468383.14,909,2021,GulkanaHatchery,470,57,119,298,67,2052,0.378831288,425.8,392,0.006190771,1628,10.07857534,7.014925373
GH-8-2021,GH-8-2021,GH-8-21,GH-8,2021-08-31,NA,Gulkana Hatchery,9/4/21,63.06732669,-145.5138318,1.984,F,0.312,4-A2,10,0.8205,NA,NA,NA,NA,4.4,NA,NA,1.63,2-E2,Y,Y,5,Y,Y,0.118,0.6,0.7,0.5,0.6,0.6,0.7,0.6,0.6,,10/15/21,83.9,10/19/21,22.8,0.7282,0.2718,NA,10/21/21,4,0.359,923.3249,22.3351,6.069610012,NA,NA,NA,NA,NA,NA,NA,NA,NA,NA,NA,468383.14,909,2021,GulkanaHatchery,479,46,117,288,60,1984,0.337282899,425.8,312,0.00606961,1630,9.89346432,7.983333333
GH-9-2021,GH-9-2021,GH-9-21,GH-9,2021-08-31,NA,Gulkana Hatchery,9/5/21,63.06732669,-145.5138318,1.668,F,0.306,4-C6,10,1.1347,NA,NA,NA,NA,5.1,NA,NA,1.324,2-F10,Y,Y,5,Y,Y,0.142,0.7,0.5,0.6,0.5,0.7,0.6,1,0.5,,10/15/21,96.3,10/19/21,22.3,0.7684,0.2316,NA,10/21/21,2,0.3188,955.8343,23.8833,5.530608411,NA,NA,NA,NA,NA,NA,NA,NA,NA,NA,NA,468383.14,909,2021,GulkanaHatchery,456,54,108,270,62,1668,-0.575663962,425.8,306,0.005530608,1324,7.322525536,7.35483871
GH-10-2021,GH-10-2021,GH-10-21,GH-10,2021-08-31,NA,Gulkana Hatchery,9/4/21,63.06732669,-145.5138318,1.536,F,0.312,4-A6,10,0.8578,NA,NA,NA,NA,4.75,NA,NA,1.188,2-E6,Y,Y,5,Y,Y,0.16,0.4,0.5,0.5,0.5,0.5,0.5,0.5,0.5,,10/15/21,65.8,10/19/21,16.4,0.7508,0.2492,NA,10/21/21,4,0.3103,923.3249,21.0763,5.253059574,NA,NA,NA,NA,NA,NA,NA,NA,NA,NA,NA,468383.14,909,2021,GulkanaHatchery,444,42,101,264,67,1536,-1.065532064,425.8,312,0.00525306,1188,6.240634774,6.626865672
FC-3-2021,FC-3-2021,FC-3-21,FC-3,2021-07-14,NA,Fish Creek Gulkana,7/24/21,63.1000428,-145.481274,2.1,F,0.282,2-F1,6,0.3134,NA,NA,NA,NA,5.5,NA,NA,1.74,1-H5,N,Y,5,Y,Y,0.146,1.5,1.4,1.3,1.1,1.4,1.1,1.3,1.5,,10/15/21,138.3,10/20/21,39,0.718,0.282,NA,10/21/21,4,0.2973,923.3249,23.8397,6.722691974,NA,NA,NA,NA,NA,NA,NA,NA,NA,NA,NA,473968.02,988,2021,Gulkana,470,52,125,313,65,2100,0.760934577,468.3,282,0.006722692,1740,11.69748403,7.230769231
FC-6-2021,FC-6-2021,FC-6-21,FC-6,2021-07-14,NA,Fish Creek Gulkana,7/24/21,63.1000428,-145.481274,1.714,F,0.228,3-A1,10,0.6402,NA,NA,NA,NA,5.45,NA,NA,1.43,2-A1,N,Y,5,Y,Y,0.102,1.3,1.1,1.3,0.9,1.1,1,1.2,1,,10/15/21,78,10/19/21,21.3,0.7269,0.2731,NA,10/21/21,2,0.3549,955.8343,24.748,6.758107692,NA,NA,NA,NA,NA,NA,NA,NA,NA,NA,NA,473968.02,988,2021,Gulkana,433,40,105,275,65,1714,-0.990074595,468.3,228,0.006758108,1430,9.664094,6.661538462
FC-8-2021,FC-8-2021,FC-8-21,FC-8,2021-07-14,NA,Fish Creek Gulkana,7/24/21,63.1000428,-145.481274,1.608,F,0.226,2-E3,5,0.2661,NA,NA,NA,NA,5.25,NA,NA,1.332,1-G11,N,Y,5,Y,Y,0.098,0.7,0.7,0.8,1.3,0.7,0.7,0.7,0.8,,10/15/21,97.1,10/19/21,27.9,0.7127,0.2873,NA,10/21/21,2,0.3574,955.8343,23.6535,6.79642276,NA,NA,NA,NA,NA,NA,NA,NA,NA,NA,NA,473968.02,988,2021,Gulkana,443,50,106,266,62,1608,-0.917551995,468.3,226,0.006796423,1332,9.052835116,7.14516129
FC-9-2021,FC-9-2021,FC-9-21,FC-9,2021-07-14,NA,Fish Creek Gulkana,7/24/21,63.1000428,-145.481274,1.766,F,0.228,2-E4,5,0.3688,NA,NA,NA,NA,4.95,NA,NA,1.488,1-G12,N,Y,5,Y,Y,0.102,1,0.8,0.9,1.2,0.9,1.2,1.5,1.4,,10/15/21,109.9,10/19/21,29.9,0.7279,0.2721,NA,10/21/21,4,0.269,923.3249,23.5201,6.399008098,2,0.3466,955.8343,25.4668,6.928638035,NA,NA,NA,NA,NA,NA,473968.02,988,2021,Gulkana,453,50,105,272,67,1766,-0.681314812,468.3,228,0.006399008,1488,9.52172405,6.76119403
FC-10-2021,FC-10-2021,FC-10-21,FC-10,2021-07-14,NA,Fish Creek Gulkana,7/24/21,63.1000428,-145.481274,1.812,F,0.236,3-A6,10,0.6547,NA,NA,NA,NA,5.5,NA,NA,1.508,2-A6,N,Y,5,Y,Y,0.108,0.6,1.1,0.8,0.6,0.9,1.1,1,1.2,,10/15/21,95.7,10/19/21,27.3,0.7147,0.2853,NA,10/21/21,4,0.4741,923.3249,23.4075,6.677374608,NA,NA,NA,NA,NA,NA,NA,NA,NA,NA,NA,473968.02,988,2021,Gulkana,450,44,114,283,64,1812,-0.328395548,468.3,236,0.006677375,1508,10.06948091,7.03125
MN-2-2021,MN-2-2021,MN-2-21,MN-2,2021-07-08,NA,Mentasta,7/23/21,62.94958,-143.35984,2.214,F,0.476,2-B2,10,1.0445,NA,NA,NA,NA,5.3,NA,NA,1.68,1-E10,N,Y,5,Y,Y,0.286,0.8,0.5,0.5,1,0.7,1.2,1.2,1.3,,10/19/21,103.7,10/23/21,25.1,0.758,0.242,NA,10/27/21,4,0.3382,923.3249,22.986,5.56363163,NA,NA,NA,NA,NA,NA,NA,NA,NA,NA,NA,472102.04,678,2021,Slana,456,43,115,309,86,2214,0.183036732,320.1,476,0.005563632,1680,9.346901138,5.302325581
MN-4-2021,MN-4-2021,MN-4-21,MN-4,2021-07-08,NA,Mentasta,7/24/21,62.94958,-143.35984,1.7,F,0.288,2-D6,5,0.274,NA,NA,NA,NA,5.8,NA,NA,1.376,1-G6,N,Y,5,Y,Y,0.092,1.1,0.6,1.1,0.6,0.7,0.8,0.9,1.3,,10/19/21,100,10/23/21,23.1,0.769,0.231,NA,10/27/21,4,0.3411,923.3249,22.1992,5.1280152,NA,NA,NA,NA,NA,NA,NA,NA,NA,NA,NA,472102.04,678,2021,Slana,451,48,116,280,63,1700,-0.299839617,320.1,288,0.005128015,1376,7.056148915,7.158730159
MN-7-2021,MN-7-2021,MN-7-21,MN-7,2021-07-08,NA,Mentasta,7/24/21,62.94958,-143.35984,1.754,F,0.32,2-D8,5,0.135,NA,NA,NA,NA,5.5,NA,NA,1.396,1-G8,N,Y,5,Y,Y,0.142,1.1,0.9,0.9,0.7,0.8,0.7,1.5,1.1,,10/20/21,103.4,10/23/21,25.6,0.7524,0.2476,NA,10/27/21,2,0.3955,923.3914,24.2603,6.006418569,NA,NA,NA,NA,NA,NA,NA,NA,NA,NA,NA,472102.04,678,2021,Slana,442,53,118,288,68,1754,-0.287399462,320.1,320,0.006006419,1396,8.384960322,6.5
MN-8-2021,MN-8-2021,MN-8-21,MN-8,2021-07-08,NA,Mentasta,7/24/21,62.94958,-143.35984,2.06,F,0.374,2-D7,5,0.1021,NA,NA,NA,NA,5.1,NA,NA,1.648,1-G7,N,Y,5,Y,Y,0.172,0.7,0.7,0.7,1,0.8,0.7,0.9,0.5,,10/20/21,117.3,10/23/21,28.3,0.7587,0.2413,NA,10/27/21,4,0.3992,923.3249,23.0109,5.551649361,NA,NA,NA,NA,NA,NA,NA,NA,NA,NA,NA,472102.04,678,2021,Slana,460,58,120,288,76,2060,0.084377635,320.1,374,0.005551649,1648,9.149118147,6.052631579
MN-9-2021,MN-9-2021,MN-9-21,MN-9,2021-07-08,NA,Mentasta,7/24/21,62.94958,-143.35984,1.886,F,0.318,2-F2,7,0.6286,NA,NA,NA,NA,5.5,NA,NA,1.52,1-H6,N,Y,5,Y,Y,0.13,0.6,0.5,0.6,0.6,0.6,0.6,1,0.6,,10/29/21,129.4,11/3/21,31.5,0.7566,0.2434,NA,11/3/21,4,0.4725,923.3249,22.8553,5.563693586,NA,NA,NA,NA,NA,NA,NA,NA,NA,NA,NA,472102.04,678,2021,Slana,448,55,127,293,64,1886,0.136785058,320.1,318,0.005563694,1520,8.456814251,7
MN-10-2021,MN-10-2021,MN-10-21,MN-10,2021-07-08,NA,Mentasta,7/24/21,62.94958,-143.35984,1.81,F,0.3,2-E1,5,0.6616,NA,NA,NA,NA,4.8,NA,NA,1.458,1-G9,N,Y,5,Y,Y,0.096,0.7,0.7,0.5,0.8,0.8,0.7,0.7,0.8,,10/29/21,139.6,11/3/21,30.5,0.7815,0.2185,NA,11/3/21,2,0.4628,923.3914,22.3935,4.892562679,NA,NA,NA,NA,NA,NA,NA,NA,NA,NA,NA,472102.04,678,2021,Slana,450,46,113,283,64,1810,-0.355694136,320.1,300,0.004892563,1458,7.133356386,7.03125
MN-14-2021,MN-14-2021,MN-14-21,MN-14,2021-07-29,NA,Mentasta,9/5/21,62.94958,-143.35984,1.544,F,0,4-D1,NA,NA,NA,NA,NA,NA,NA,NA,NA,1.474,2-G1,N,Y,5,Y,N,NA,0.8,0.5,0.8,0.4,0.7,0.5,0.9,0.5,spawned out,10/29/21,95.4,11/3/21,19,0.8008,0.1992,NA,11/3/21,2,0.3823,923.3249,20.0847,4.000097484,NA,NA,NA,NA,NA,NA,NA,NA,NA,NA,NA,472102.04,678,2021,Slana,458,54,118,272,50,1544,-0.238327632,320.1,0,0.004000097,1474,5.896143691,9.16
TN-1-2021,TN-1-2021,N/A,N/A,2021-08-04,NA,Tanada,9/5/21,62.45133,-143.382153,1.6,F,0.146,4-C5,6,0.3826,NA,NA,NA,NA,3.75,NA,NA,1.394,2-F9,N,Y,5,Y,Y,0.076,0.9,0.7,0.8,0.7,0.6,0.7,0.7,0.9,Mort- no gill clip,10/29/21,119.1,11/3/21,31.7,0.7338,0.2662,NA,11/4/21,2,0.3162,923.3914,23.8957,6.360148531,NA,NA,NA,NA,NA,NA,NA,NA,NA,NA,NA,472343.24,887,2021,TanadaCopperLakes,456,45,115,264,59,1600,-0.471898549,419,146,0.006360149,1394,8.866047052,7.728813559
TN-3-2021,TN-3-2021,TN-3-21,TN-3,2021-08-04,NA,Tanada,9/5/21,62.45133,-143.382153,1.944,F,0.168,4-D5,7,0.488,NA,NA,NA,NA,4.7,NA,NA,1.721,2-G5,N,Y,5,Y,Y,0.074,1.7,1.5,1.2,0.9,0.9,0.8,1,0.9,,10/29/21,107.3,11/3/21,28.6,0.7335,0.2665,NA,11/4/21,2,0.2719,923.3914,23.577,6.28427027,NA,NA,NA,NA,NA,NA,NA,NA,NA,NA,NA,472343.24,887,2021,TanadaCopperLakes,475,47,120,290,62,1944,0.377802471,419,168,0.00628427,1721,10.81522913,7.661290323
TN-5-2021,TN-5-2021,TN-5-21,TN-5,2021-08-04,NA,Tanada,9/4/21,62.45133,-143.382153,1.77,F,0.156,4-B3,10,0.498,NA,NA,NA,NA,3.25,NA,NA,1.556,2-E11,N,Y,5,Y,Y,0.072,1.2,1,0.8,0.9,0.7,1.2,0.7,1,,10/29/21,78.9,11/3/21,21.8,0.7237,0.2763,NA,11/4/21,2,0.2455,923.3914,24.1094,6.66140583,NA,NA,NA,NA,NA,NA,NA,NA,NA,NA,NA,472343.24,887,2021,TanadaCopperLakes,455,40,105,268,68,1770,-0.704289068,419,156,0.006661406,1556,10.36514747,6.691176471
TN-8-2021,TN-8-2021,TN-8-21,TN-8,2021-08-04,NA,Tanada,9/5/21,62.45133,-143.382153,1.462,F,0.14,4-C2,5,0.2528,NA,NA,NA,NA,3.5,NA,NA,1.27,2-F6,N,Y,5,Y,Y,0.064,1,1.1,1.1,0.8,0.8,0.7,0.9,1,,10/29/21,117,11/3/21,30.2,0.7419,0.2581,NA,11/4/21,2,0.2636,923.3914,23.5525,6.079363248,2,0.2942,923.3914,22.5869,5.830122906,NA,NA,NA,NA,NA,NA,472343.24,887,2021,TanadaCopperLakes,444,42,108,260,63,1462,-0.932658417,419,140,0.006079363,1270,7.720791325,7.047619048
TN-9-2021,TN-9-2021,TN-9-21,TN-9,2021-08-04,NA,Tanada,9/5/21,62.45133,-143.382153,1.78,F,0.218,4-D7,6,0.7129,NA,NA,NA,NA,4.05,NA,NA,1.504,2-G7,N,Y,5,Y,Y,0.092,1.1,1,1.1,1.2,0.8,0.9,0.8,0.7,,10/29/21,77.3,11/3/21,21.2,0.7257,0.2743,NA,11/4/21,2,0.3285,922.7887,21.8297,5.986929366,NA,NA,NA,NA,NA,NA,NA,NA,NA,NA,NA,472343.24,887,2021,TanadaCopperLakes,466,46,117,280,62,1780,-0.008224428,419,218,0.005986929,1504,9.004341766,7.516129032
TN-11-2021,TN-11-2021,TN-11-21,TN-11,2021-08-04,NA,Tanada,9/5/21,62.45133,-143.382153,1.412,F,0.152,4-E1,8,0.6249,NA,NA,NA,NA,3.75,NA,NA,1.21,2-G9,N,Y,5,Y,Y,0.066,0.9,0.9,0.8,0.8,0.7,0.7,1.1,0.8,,10/29/21,102.8,11/3/21,27.2,0.7354,0.2646,NA,11/4/21,2,0.3422,922.7887,24.3945,6.454575875,NA,NA,NA,NA,NA,NA,NA,NA,NA,NA,NA,472343.24,887,2021,TanadaCopperLakes,425,38,113,266,56,1412,-1.043641799,419,152,0.006454576,1210,7.810036809,7.589285714
GH-1-2019,GK1-2019,GH-1-19,GK1,2019-07-27,NA,Fish Creek Gulkana,8/8/19,63.1000428,-145.481274,1.984,M,0.048,N/A,NA,NA,NA,NA,NA,NA,NA,NA,NA,1.89,1-H9,N,Y,5,Y,Y,0.022,0.7,1,0.9,0.7,0.7,1,0.7,0.9,,11/3/19,105.7,11/10/19,26.3,0.7512,0.2488,,11/26/19,2,0.2375,923.1981,21.393,5.322950804,NA,NA,NA,NA,NA,NA,NA,NA,NA,NA,NA,473968.02,988,2019,Gulkana,437,67,118,288,65,1984,-0.375504996,468.3,48,0.005322951,1890,10.06037702,6.723076923
GH-2-2019,GK2-2019,GH-2-19,GK2,2019-07-27,NA,Fish Creek Gulkana,8/8/19,63.1000428,-145.481274,1.414,M,0.038,N/A,NA,NA,NA,NA,NA,NA,NA,NA,NA,1.31,1-H6,N,Y,5,Y,Y,0.019,0.7,1,0.7,0.7,0.8,1,0.7,0.7,,11/3/19,120.9,11/10/19,33.4,0.7237,0.2763,,11/26/19,4,0.2183,923.3249,22.7845,6.294477254,NA,NA,NA,NA,NA,NA,NA,NA,NA,NA,NA,473968.02,988,2019,Gulkana,396,57,107,269,58,1414,-1.674783071,468.3,38,0.006294477,1310,8.245765203,6.827586207
GH-3-2019,GK3-2019,GH-3-19,GK3,2019-07-27,NA,Fish Creek Gulkana,8/7/19,63.1000428,-145.481274,2.19,M,0.046,N/A,NA,NA,NA,NA,NA,NA,NA,NA,NA,2.064,1-G3,N,Y,5,Y,Y,0.022,0.7,0.7,0.8,0.6,1,0.5,0.5,0.6,,11/3/19,106,11/10/19,24.6,0.7679,0.2321,,11/26/19,2,0.2278,923.1981,20.7418,4.813663019,NA,NA,NA,NA,NA,NA,NA,NA,NA,NA,NA,473968.02,988,2019,Gulkana,472,71,125,304,69,2190,0.665189735,468.3,46,0.004813663,2064,9.935400471,6.84057971
GH-4-2019,GK4-2019,GH-4-19,GK4,2019-07-27,NA,Fish Creek Gulkana,8/8/19,63.1000428,-145.481274,2.11,M,0.026,N/A,NA,NA,NA,NA,NA,NA,NA,NA,NA,1.99,1-H10,N,Y,5,Y,Y,0.008,0.7,0.7,0.6,0.7,0.6,0.8,0.8,0.8,,11/3/19,201.8,11/10/19,48,0.7621,0.2379,,11/26/19,4,0.2998,923.3249,22.0355,5.241347869,NA,NA,NA,NA,NA,NA,NA,NA,NA,NA,NA,473968.02,988,2019,Gulkana,447,65,134,309,71,2110,0.543119947,468.3,26,0.005241348,1990,10.43028226,6.295774648
GH-5-2019,GK5-2019,GH-5-19,GK5,2019-07-27,NA,Fish Creek Gulkana,8/8/19,63.1000428,-145.481274,1.63,M,0.042,N/A,NA,NA,NA,NA,NA,NA,NA,NA,NA,1.534,1-H11,N,Y,5,Y,Y,0.02,0.8,0.9,1,0.7,1,0.6,0.9,0.6,,11/3/19,150.8,11/10/19,38.1,0.7473,0.2527,,11/26/19,2,0.3226,923.1981,21.9064,5.534707162,NA,NA,NA,NA,NA,NA,NA,NA,NA,NA,NA,473968.02,988,2019,Gulkana,426,58,108,270,62,1630,-1.104297164,468.3,42,0.005534707,1534,8.490240787,6.870967742
GH-11-2019,GK11-2019,GH-11-19,GK11,2019-08-17,NA,Gulkana Hatchery,9/1/19,63.06732669,-145.5138318,2.204,M,0.068,N/A,NA,NA,NA,NA,NA,NA,NA,NA,NA,2.03,2-C6,N,Y,5,Y,Y,0.034,0.5,0.5,0.5,0.4,0.5,0.5,0.5,0.5,only found 1 otolith,11/10/19,205.7,11/25/19,41.8,0.7968,0.2032,TOOK SAMPLES OFF TO THAW FREEZE DRIER THEN PUT BACK ON,12/1/19,2,0.3075,923.1981,21.7378,4.417306952,NA,NA,NA,NA,NA,NA,NA,NA,NA,NA,NA,468383.14,909,2019,GulkanaHatchery,457,77,141,331,58,2204,1.230611713,425.8,68,0.004417307,2030,8.967133113,7.879310345
GH-12-2019,GK12-2019,GH-12-19,GK12,2019-08-17,NA,Gulkana Hatchery,9/3/19,63.06732669,-145.5138318,1.794,M,0.03,N/A,NA,NA,NA,NA,NA,NA,NA,NA,NA,1.574,2-C9,N,Y,5,Y,Y,0.018,0.5,0.4,0.4,0.4,0.5,0.6,0.5,0.4,partial spawner,11/10/19,212.5,11/25/19,37,0.8259,0.1741,TOOK SAMPLES OFF TO THAW FREEZE DRIER THEN PUT BACK ON,12/1/19,4,0.3263,923.3249,17.7668,3.093513412,NA,NA,NA,NA,NA,NA,NA,NA,NA,NA,NA,468383.14,909,2019,GulkanaHatchery,476,61,127,282,57,1794,0.470080756,425.8,30,0.003093513,1574,4.86919011,8.350877193
GH-13-2019,GK13-2019,GH-13-19,GK13,2019-08-17,NA,Gulkana Hatchery,9/1/19,63.06732669,-145.5138318,1.598,M,0.032,N/A,NA,NA,NA,NA,NA,NA,NA,NA,NA,1.58,2-C3,N,Y,5,Y,Y,0.012,0.4,0.4,0.5,0.4,0.4,0.5,0.5,0.4,"possibly a partial spawner, gonads seemed small",11/10/19,168.4,11/25/19,32.6,0.8064,0.1936,TOOK SAMPLES OFF TO THAW FREEZE DRIER THEN PUT BACK ON,12/1/19,2,0.4566,923.1981,16.9268,3.276803325,NA,NA,NA,NA,NA,NA,NA,NA,NA,NA,NA,468383.14,909,2019,GulkanaHatchery,453,67,127,289,52,1598,0.166674123,425.8,32,0.003276803,1580,5.177349254,8.711538462
GH-14-2019,GK14-2019,GH-14-19,GK14,2019-08-18,NA,Gulkana Hatchery,9/1/19,63.06732669,-145.5138318,1.248,M,0.028,N/A,NA,NA,NA,NA,NA,NA,NA,NA,NA,1.158,2-C5,N,Y,5,Y,Y,0.014,0.5,0.4,0.5,0.5,0.5,0.4,0.5,0.5,PARTIAL SPAWNER,11/10/19,164.3,11/25/19,30.7,0.8131,0.1869,TOOK SAMPLES OFF TO THAW FREEZE DRIER THEN PUT BACK ON,12/1/19,4,0.3501,923.3249,17.6081,3.290131893,NA,NA,NA,NA,NA,NA,NA,NA,NA,NA,NA,468383.14,909,2019,GulkanaHatchery,436,57,110,240,44,1248,-1.310112441,425.8,28,0.003290132,1158,3.809972732,9.909090909
GH-15-2019,GK15-2019,GH-15-19,GK15,2019-08-17,NA,Gulkana Hatchery,9/3/19,63.06732669,-145.5138318,2.27,M,0.036,N/A,NA,NA,NA,NA,NA,NA,NA,NA,NA,2.154,2-D4,N,Y,5,Y,Y,0.018,0.4,0.5,0.4,0.5,0.4,0.4,0.5,0.4,,11/10/19,157.8,11/25/19,29.3,0.8143,0.1857,TOOK SAMPLES OFF TO THAW FREEZE DRIER THEN PUT BACK ON,12/1/19,2,0.3351,923.1981,18.783,3.487591255,4,0.2889,923.3249,20.2735,NA,4,0.3195,923.3249,20.5043,3.807198923,NA,468383.14,909,2019,GulkanaHatchery,496,76,138,311,55,2270,1.544856764,425.8,36,0.003487591,2154,7.512271563,9.018181818
MN-1-2019,MN1-2019,MN-1-19,MN1,2019-07-26,NA,Mentasta,8/5/19,62.94958,-143.35984,2.256,M,0.018,N/A,NA,NA,NA,NA,NA,NA,NA,NA,NA,2.164,1-E2,N,Y,5,Y,Y,0.008,0.4,0.4,0.4,0.4,0.5,0.4,0.6,0.4,"POST SPAWNER, GONADS MOSTLY EMPTY",11/10/19,147,11/25/19,26.2,0.8218,0.1782,TOOK SAMPLES OFF TO THAW FREEZE DRIER THEN PUT BACK ON,12/1/19,4,0.4985,923.3249,20.0086,3.566158639,NA,NA,NA,NA,NA,NA,NA,NA,NA,NA,NA,472102.04,678,2019,Slana,443,81,135,323,53,2256,0.703691751,320.1,18,0.003566159,2164,7.717167295,8.358490566
MN-2-2019,MN2-2019,MN-2-19,MN2,2019-07-26,NA,Mentasta,8/5/19,62.94958,-143.35984,2.52,M,0.022,N/A,NA,NA,NA,NA,NA,NA,NA,NA,NA,NA,1-E3,N,Y,5,Y,Y,0.014,0.4,0.7,0.5,0.4,0.5,0.4,0.6,0.4,,11/15/19,123,11/21/19,22.8,0.8146,0.1854,,12/11/19,2,0.3264,923.1981,20.3689,3.775698537,NA,NA,NA,NA,NA,NA,NA,NA,NA,NA,NA,472102.04,678,2019,Slana,452,86,143,328,57,2520,1.153441004,320.1,22,0.003775699,,,7.929824561
MN-3-2019,MN3-2019,MN-3-19,MN3,2019-07-26,NA,Mentasta,8/5/19,62.94958,-143.35984,2.1,M,0.018,N/A,NA,NA,NA,NA,NA,NA,NA,NA,NA,1.974,1-E7,N,Y,5,Y,Y,0.008,0.5,0.5,0.5,0.4,0.4,0.4,0.5,0.5,PARTIAL SPAWNER,11/15/19,145,11/21/19,28.9,0.8007,0.1993,,12/11/19,4,0.3084,923.3249,21.4914,4.283458345,NA,NA,NA,NA,NA,NA,NA,NA,NA,NA,NA,472102.04,678,2019,Slana,451,72,128,324,56,2100,0.668124605,320.1,18,0.004283458,1974,8.455546773,8.053571429
MN-4-2019,MN4-2019,MN-4-19,MN4,2019-07-26,NA,Mentasta,8/5/19,62.94958,-143.35984,2.368,M,0.058,N/A,NA,NA,NA,NA,NA,NA,NA,NA,NA,2.168,1-E8,N,Y,5,Y,Y,0.026,0.4,0.5,0.4,0.4,0.4,0.5,0.4,0.5,,11/15/19,93.5,11/21/19,18.8,0.7989,0.2011,,12/11/19,2,0.2499,923.1981,20.6084,4.14372107,NA,NA,NA,NA,NA,NA,NA,NA,NA,NA,NA,472102.04,678,2019,Slana,455,69,141,331,57,2368,1.1953695,320.1,58,0.004143721,2168,8.98358728,7.98245614
MN-5-2019,MN5-2019,MN-5-19,MN5,2019-07-26,NA,Mentasta,8/5/19,62.94958,-143.35984,2.428,M,0.062,N/A,NA,NA,NA,NA,NA,NA,NA,NA,NA,2.268,1-E6,N,Y,5,Y,Y,0.034,0.5,0.7,0.6,0.4,0.4,0.4,0.7,0.5,PARTIAL SPAWNER,11/15/19,93.8,11/21/19,17.9,0.8092,0.1908,,12/11/19,4,0.4327,923.3249,20.2265,3.859854478,NA,NA,NA,NA,NA,NA,NA,NA,NA,NA,NA,472102.04,678,2019,Slana,463,79,128,325,55,2428,0.894132003,320.1,62,0.003859854,2268,8.754149956,8.418181818
SA-4-2019,SA4-2019,SA-4-19,SA4,2019-08-20,NA,St Anne,9/3/19,61.73953006,-145.9685194,2.568,M,0.05,N/A,NA,NA,NA,NA,NA,NA,NA,NA,NA,2.348,2-D3,N,Y,5,Y,Y,0.026,0.4,0.5,0.5,0.5,0.5,0.6,0.6,0.5,,12/18/19,130.9,12/31/19,28.4,0.783,0.217,,2/6/20,4,0.1791,923.3249,19.7205,4.278550038,2,0.2765,923.1981,20.6741,4.485442628,4,0.3136,923.3249,20.062,4.352641711,NA,319323.05,531,2019,KlutinaLake,464,83,151,352,62,2568,1.932581806,169.6,50,0.00427855,2348,10.04603549,7.483870968
SA-5-2019,SA5-2019,SA-5-19,SA5,2019-08-20,NA,St Anne,9/4/19,61.73953006,-145.9685194,2.384,M,0.046,N/A,NA,NA,NA,NA,NA,NA,NA,NA,NA,2.168,2-E8,N,Y,5,Y,Y,0.024,0.5,0.4,0.4,0.4,0.4,0.4,0.4,0.4,can't find sample,,NA,,NA,#DIV/0!,#DIV/0!,CAN'T FIND SAMPLE,,NA,NA,NA,NA,NA,NA,NA,NA,NA,NA,NA,NA,NA,NA,NA,NA,319323.05,531,2019,KlutinaLake,488,73,147,351,63,2384,2.231739898,169.6,46,,,,7.746031746
SA-7-2019,SA7-2019,SA-7-19,SA7,2019-08-20,NA,St Anne,9/1/19,61.73953006,-145.9685194,1.786,M,0.07,N/A,NA,NA,NA,NA,NA,NA,NA,NA,NA,1.598,2-C7,N,Y,5,Y,Y,0.038,0.7,0.8,0.7,0.8,0.7,0.8,0.8,0.7,,12/18/19,123.2,12/31/19,29,0.7646,0.2354,,2/6/20,4,0.2716,923.3249,22.2772,5.243821429,NA,NA,NA,NA,NA,NA,NA,NA,NA,NA,NA,319323.05,531,2019,KlutinaLake,438,70,123,280,56,1786,-0.337823887,169.6,70,0.005243821,1598,8.379626644,7.821428571
SA-8-2019,SA8-2019,SA-8-19,SA8,2019-08-20,NA,St Anne,9/1/19,61.73953006,-145.9685194,1.882,M,0.072,N/A,NA,NA,NA,NA,NA,NA,NA,NA,NA,1.734,2-B10,N,Y,5,Y,Y,0.03,0.5,0.5,0.4,0.4,0.4,0.5,0.5,0.6,,12/18/19,112.4,12/31/19,19.9,0.823,0.177,,2/6/20,2,0.3699,923.1981,20.8056,3.683553737,NA,NA,NA,NA,NA,NA,NA,NA,NA,NA,NA,319323.05,531,2019,KlutinaLake,437,68,138,341,60,1882,0.941834988,169.6,72,0.003683554,1734,6.38728218,7.283333333
SA-9-2019,SA9-2019,SA-9-19,SA9,2019-08-20,NA,St Anne,9/1/19,61.73953006,-145.9685194,1.434,M,0.042,N/A,NA,NA,NA,NA,NA,NA,NA,NA,NA,1.326,2-C1,N,Y,NA,Y,Y,0.014,0.4,0.4,0.4,0.5,0.4,0.5,0.5,0.5,,12/18/19,159.1,12/31/19,30.7,0.807,0.193,,2/6/20,4,0.3289,23.3249,20.369,3.930410434,NA,NA,NA,NA,NA,NA,NA,NA,NA,NA,NA,319323.05,531,2019,KlutinaLake,420.9392628,NA,112.6841947,267.2381058,52.8753006,1434,-1.105797985,169.6,42,0.00393041,1326,5.211724235,7.960980987
LL-1-2019,LL1-2019,LL-1-19,LL1,2019-08-24,NA,Long Lake,9/4/19,61.37920879,-143.30713,2.348,M,0.07,N/A,NA,NA,NA,NA,NA,NA,NA,NA,NA,2.186,2-E7,N,Y,5,Y,Y,0.032,1.3,1.4,0.8,0.9,0.9,0.8,0.8,0.8,"FM IN FIELD 0.8, 0.8, 0.8, 0.7",12/18/19,128.9,12/31/19,36.4,0.7176,0.2824,,2/6/20,4,0.4509,923.3249,24.4802,6.912950194,NA,NA,NA,NA,NA,NA,NA,NA,NA,NA,NA,258752.38,430,2019,Chitina,471,54,120,303,71,2348,0.49652157,111.3,70,0.00691295,2186,15.11170912,6.633802817
LL-2-2019,LL2-2019,LL-2-19,LL2,2019-08-24,NA,Long Lake,9/4/19,61.37920879,-143.30713,1.814,M,0.036,N/A,NA,NA,NA,NA,NA,NA,NA,NA,NA,1.716,2-E6,N,Y,5,Y,Y,0.018,1,0.9,0.8,0.7,0.8,0.7,0.7,0.7,"FM IN FIELD 0.7, 0.7, 0.6, 0.6",12/18/19,129.4,12/31/19,35.8,0.7233,0.2767,,2/6/20,2,0.41,923.1981,23.7683,6.575773879,NA,NA,NA,NA,NA,NA,NA,NA,NA,NA,NA,258752.38,430,2019,Chitina,443,46,106,267,64,1814,-0.902997878,111.3,36,0.006575774,1716,11.28402798,6.921875
LL-3-2019,LL3-2019,LL-3-19,LL3,2019-08-24,NA,Long Lake,,61.37920879,-143.30713,2.312,M,0.056,N/A,NA,NA,NA,NA,NA,NA,NA,NA,NA,2.164,2-D12,N,Y,NA,Y,Y,0.026,1.1,1,0.9,0.8,0.7,0.8,0.7,0.8,"FM IN FIELD 0.7, 0.7, 0.6, 0.5",12/18/19,164.8,12/31/19,42.4,0.7427,0.2573,,2/6/20,4,0.395,923.3249,24.0521,6.18816165,NA,NA,NA,NA,NA,NA,NA,NA,NA,NA,NA,258752.38,430,2019,Chitina,475,60,121,302,69,2312,0.579750467,111.3,56,0.006188162,2164,13.39118181,6.884057971
LL-4-2019,LL4-2019,LL-4-19,LL4,2019-08-24,NA,Long Lake,9/3/19,61.37920879,-143.30713,2.276,M,0.058,N/A,NA,NA,NA,NA,NA,NA,NA,NA,NA,2.168,2-D10,N,Y,5,Y,Y,0.024,1,1.3,0.8,0.9,0.7,0.7,0.7,0.7,"FM IN FIELD 0.9, 0.8, 0.7, 0.6",12/18/19,104.3,12/31/19,29.7,0.7152,0.2848,,2/6/20,2,0.3563,923.1981,24.0087,6.836609684,NA,NA,NA,NA,NA,NA,NA,NA,NA,NA,NA,258752.38,430,2019,Chitina,462,58,128,310,66,2276,0.658199136,111.3,58,0.00683661,2168,14.82176979,7
LL-5-2019,LL5-2019,LL-5-19,LL5,2019-08-24,NA,Long Lake,9/3/19,61.37920879,-143.30713,2.31,M,0.056,N/A,NA,NA,NA,NA,NA,NA,NA,NA,NA,2.172,2-D11,N,Y,5,Y,Y,0.026,1.3,0.9,1.1,1,1.2,0.9,1,1.1,"FM IN FIELD 1.0, 0.8, 0.8, 0.7",12/18/19,91.2,12/31/19,26.1,0.7138,0.2862,,2/11/20,4,0.2979,923.3249,23.4465,6.710018092,NA,NA,NA,NA,NA,NA,NA,NA,NA,NA,NA,258752.38,430,2019,Chitina,482,56,118,294,66,2310,0.504769511,111.3,56,0.006710018,2172,14.5741593,7.303030303
MA-2-2019,MA2-2019,MA-2-19,MA2,2019-08-20,NA,Mahlo,9/3/19,61.73588,-145.7294181,1.482,M,0.03,N/A,NA,NA,NA,NA,NA,NA,NA,NA,NA,1.344,2-D1,N,Y,5,Y,Y,0.014,0.5,0.5,0.5,0.4,0.5,0.4,0.4,0.5,POSSIBLY A PARTIAL SPAWNER,12/31/19,94.1,1/20/20,16.8,0.8215,0.1785,,2/11/20,2,0.257,923.1981,19.23,3.433198725,NA,NA,NA,NA,NA,NA,NA,NA,NA,NA,NA,306987.7,537,2019,KlutinaLake,426,44,130,276,45,1482,-0.41640352,164.9,30,0.003433199,1344,4.614219086,9.466666667
MA-4-2019,MA4-2019,MA-4-19,MA4,2019-08-20,NA,Mahlo,9/3/19,61.73588,-145.7294181,2.414,M,0.05,N/A,NA,NA,NA,NA,NA,NA,NA,NA,NA,2.272,2-D9,N,Y,5,Y,Y,0.024,0.5,0.5,0.6,0.4,0.6,0.4,0.5,0.4,,12/31/19,105.6,1/20/20,22.1,0.7907,0.2093,,2/11/20,2,0.3479,923.1981,21.3625,4.470750473,NA,NA,NA,NA,NA,NA,NA,NA,NA,NA,NA,306987.7,537,2019,KlutinaLake,469,83,143,331,65,2414,1.49666217,164.9,50,0.00447075,2272,10.15754507,7.215384615
MA-6-2019,MA6-2019,MA-6-19,MA6,2019-08-20,NA,Mahlo,9/3/19,61.73588,-145.7294181,1.602,M,0.036,N/A,NA,NA,NA,NA,NA,NA,NA,NA,NA,1.488,2-E2,N,Y,5,Y,Y,0.014,0.5,0.4,0.4,0.4,0.5,0.5,0.4,0.6,,2/5/20,114.3,2/11/20,22.1,0.8066,0.1934,,2/14/20,2,0.2543,923.1981,19.4865,3.767730971,NA,NA,NA,NA,NA,NA,NA,NA,NA,NA,NA,306987.7,537,2019,KlutinaLake,438,51,123,263,52,1602,-0.585243882,164.9,36,0.003767731,1488,5.606383685,8.423076923
MA-7-2019,MA7-2019,MA-7-19,MA7,2019-08-20,NA,Mahlo,9/3/19,61.73588,-145.7294181,2.32,M,0.036,N/A,NA,NA,NA,NA,NA,NA,NA,NA,NA,2.118,2-D8,N,Y,5,Y,Y,0.016,0.4,0.4,0.4,0.3,0.4,0.3,0.4,0.4,,2/5/20,84.2,2/11/20,16.5,0.804,0.196,,2/14/20,4,0.2717,923.3249,19.0055,3.724355701,NA,NA,NA,NA,NA,NA,NA,NA,NA,NA,NA,306987.7,537,2019,KlutinaLake,488,54,150,354,69,2320,2.357298014,164.9,36,0.003724356,2118,7.888185375,7.072463768
MA-8-2019,MA8-2019,MA-8-19,MA8,2019-08-20,NA,Mahlo,9/4/19,61.73588,-145.7294181,2.14,M,0.032,N/A,NA,NA,NA,NA,NA,NA,NA,NA,NA,2.012,2-E10,N,Y,5,Y,Y,0.012,0.4,0.5,0.4,0.5,0.4,0.4,0.4,0.4,,2/5/20,80.9,2/11/20,16.2,0.7998,0.2002,,2/14/20,2,0.3651,923.1981,19.7064,3.946151792,NA,NA,NA,NA,NA,NA,NA,NA,NA,NA,NA,306987.7,537,2019,KlutinaLake,463,78,144,340,65,2140,1.549221174,164.9,32,0.003946152,2012,7.939657406,7.123076923
TN-6-2019,TNL6-2019,TN-6-19,TNL6,2019-09-10,NA,Tanada,9/19/19,62.45133,-143.382153,3.54,M,0.06,N/A,NA,NA,NA,NA,NA,NA,NA,NA,NA,3.26,2-F6,N,Y,5,Y,Y,0.03,0.5,0.5,0.4,0.5,0.4,0.5,0.4,0.5,,2/5/20,122.2,2/11/20,24.4,0.8003,0.1997,,2/14/20,2,0.2394,923.1981,21.7521,4.343299836,NA,NA,NA,NA,NA,NA,NA,NA,NA,NA,NA,472343.24,887,2019,TanadaCopperLakes,500.2,90.9,180.4,420.3,50.5,3540,4.367090578,419,60,0.0043433,3260,14.15915747,9.904950495
TN-7-2019,TNL7-2019,TN-7-19,TNL7,2019-09-10,NA,Tanada,9/10/19,62.45133,-143.382153,2.002,M,0.022,N/A,NA,NA,NA,NA,NA,NA,NA,NA,NA,1.876,2-F7,N,Y,5,Y,Y,0.01,0.4,0.5,0.4,0.4,0.4,0.4,0.4,0.4,,2/5/20,127.6,2/11/20,23.7,0.8143,0.1857,,2/14/20,4,0.4144,923.3249,19.3748,3.598610972,NA,NA,NA,NA,NA,NA,NA,NA,NA,NA,NA,472343.24,887,2019,TanadaCopperLakes,460.4,70.2,140.6,310.6,40.7,2002,0.982700046,419,22,0.003598611,1876,6.750994183,11.31203931
TN-8-2019,TNL8-2019,TN-8-19,TNL8,2019-09-10,NA,Tanada,9/19/19,62.45133,-143.382153,2.946,M,0.076,N/A,NA,NA,NA,NA,NA,NA,NA,NA,NA,2.714,2-F9,N,Y,5,Y,Y,0.038,0.4,0.4,0.4,0.4,0.4,0.4,0.5,0.5,,2/5/20,124.7,2/11/20,24.8,0.8011,0.1989,,2/14/20,2,0.3603,923.1981,20.5642,4.089752686,NA,NA,NA,NA,NA,NA,NA,NA,NA,NA,NA,472343.24,887,2019,TanadaCopperLakes,500.5,80.4,160.1,380,50.7,2946,3.23168464,419,76,0.004089753,2714,11.09958879,9.871794872
TN-9-2019,TNL9-2019,TN-9-19,TNL9,2019-09-10,NA,Tanada,9/19/19,62.45133,-143.382153,2.004,M,0.03,N/A,NA,NA,NA,NA,NA,NA,NA,NA,NA,1.898,2-F10,N,Y,NA,Y,Y,0.016,0.4,0.4,0.4,0.4,0.5,0.5,0.5,0.5,,2/5/20,151.1,2/11/20,31.1,0.7942,0.2058,,2/14/20,4,0.4018,923.3249,20.415,4.201896095,NA,NA,NA,NA,NA,NA,NA,NA,NA,NA,NA,472343.24,887,2019,TanadaCopperLakes,460.7,60.9,120.1,290.8,50.3,2004,0.140193797,419,30,0.004201896,1898,7.975198788,9.159045726
TN-10-2019,TNL10-2019,TN-10-19,TNL10,2019-09-10,NA,Tanada,9/19/19,62.45133,-143.382153,2.488,M,0.04,N/A,NA,NA,NA,NA,NA,NA,NA,NA,NA,NA,2-F8,N,Y,5,Y,Y,0.016,0.6,0.5,0.4,0.4,0.4,0.4,0.4,0.5,,2/5/20,170.5,2/11/20,33.4,0.8041,0.1959,,2/14/20,2,0.3191,923.1981,21.0252,4.118719531,NA,NA,NA,NA,NA,NA,NA,NA,NA,NA,NA,472343.24,887,2019,TanadaCopperLakes,470.2,80.3,160.4,360.6,50.9,2488,2.423604806,419,40,0.00411872,,,9.237721022
MN-1-2020,MN-20-1,MN-1-20,MN-20-1,2020-07-30,NA,Mentasta,9/23/20,62.94958,-143.35984,1.896,M,0.05,2-A6,NA,NA,NA,NA,NA,NA,NA,NA,NA,1.71,2-A6 (1 OTO,N,Y (bad scales),,Y,Y,0.028,0.5,0.3,0.2,0.3,0.3,0.3,0.4,0.5,,1/10/21,104.1,1/14/21,19.7,0.8108,0.1892,NA,2/8/21,4,0.4666,923.3249,20.1929,3.821326897,NA,NA,NA,NA,NA,NA,NA,NA,NA,NA,NA,472102.04,678,2020,Slana,454,70,133,315,55,1896,0.72649381,320.1,50,0.003821327,1710,6.534468994,8.254545455
MN-2-2020,MN-20-2,MN-2-20,MN-20-2,2020-07-30,NA,Mentasta,9/24/20,62.94958,-143.35984,2.024,M,0.036,2-C3,NA,NA,NA,NA,NA,NA,NA,NA,NA,1.848,2-B7 (1 OTO),N,,,Y,Y,0.02,0.4,0.4,0.4,0.5,0.6,0.5,0.6,0.5,,1/10/21,81.3,1/14/21,15.6,0.8081,0.1919,NA,2/8/21,2,0.3468,955.4635,19.8806,3.814727675,NA,NA,NA,NA,NA,NA,NA,NA,NA,NA,NA,472102.04,678,2020,Slana,456,67,140,320,43,2024,1.025596727,320.1,36,0.003814728,1848,7.049616743,10.60465116
MN-3-2020,MN-20-3,MN-3-20,MN-20-3,2020-07-30,NA,Mentasta,9/26/20,62.94958,-143.35984,1.04,M,0.03,Fin well ID 41,NA,NA,NA,NA,NA,NA,NA,NA,NA,0.946,2-D5 (1 OTO),N,Y,5,Y,Y,0.016,0.3,0.4,0.4,0.3,0.4,0.5,0.4,0.5,,1/10/21,103.6,1/14/21,18.3,0.8234,0.1766,NA,2/8/21,4,0.4429,923.3249,19.3462,3.417330695,NA,NA,NA,NA,NA,NA,NA,NA,NA,NA,NA,472102.04,678,2020,Slana,388,44,110,238.9315865,29,1040,-2.171475379,320.1,30,0.003417331,946,3.232794837,13.37931034
MN-4-2020,MN-20-4,MN-4-20,MN-20-4,2020-07-30,NA,Mentasta,9/28/20,62.94958,-143.35984,1.642,M,0.038,Fin well ID 17(2),NA,NA,NA,NA,NA,NA,NA,NA,NA,1.492,2-F5,N,Y,3,Y,Y,0.016,0.3,0.3,0.3,0.5,0.3,0.3,0.4,0.5,,1/10/21,79.3,1/14/21,14.6,0.8159,0.1841,NA,2/8/21,2,0.5085,955.4635,20.8907,3.846207062,NA,NA,NA,NA,NA,NA,NA,NA,NA,NA,NA,472102.04,678,2020,Slana,499,74,125,306,44,1642,1.170067851,320.1,38,0.003846207,1492,5.738540937,11.34090909
MN-5-2020,MN-20-5,MN-5-20,MN-20-5,2020-07-30,NA,Mentasta,9/28/20,62.94958,-143.35984,1.724,M,0.018,Fin well: 13(2),NA,NA,NA,NA,NA,NA,NA,NA,NA,1.592,2-F1,N,Y,4,Y,Y,0.01,0.6,0.3,1.3,0.4,3.5,0.2,1.2,0.3,,1/10/21,89.5,1/14/21,17.2,0.8078,0.1922,NA,2/8/21,4,0.3452,923.3249,18.1366,3.485469497,2,0.3865,955.4635,20.0588,3.854875531,NA,NA,NA,NA,NA,NA,472102.04,678,2020,Slana,460,67,123,282,41,1724,0.078948696,320.1,18,0.003485469,1592,5.548867439,11.2195122
FC-6-2020,FC-20-6,FC-6-20,FC-20-6,2020-07-31,NA,Fish Creek Gulkana,9/24/20,63.1000428,-145.481274,2.39,M,0.056,2-C5,NA,NA,NA,NA,NA,NA,NA,NA,NA,2.232,2-B9,Y,Y,bad scales,Y,Y,0.026,0.6,0.4,0.3,0.5,0.6,0.5,0.4,0.6,,1/10/21,105.7,1/14/21,22.8,0.7843,0.2157,NA,2/10/21,4,0.4718,923.3249,21.1345,4.558813623,NA,NA,NA,NA,NA,NA,NA,NA,NA,NA,NA,473968.02,988,2020,Gulkana,482,83,146,325,50,2390,1.720307618,468.3,56,0.004558814,2232,10.17527201,9.64
FC-7-2020,FC-20-7,FC-7-20,FC-20-7,2020-07-31,NA,Fish Creek Gulkana,9/29/20,63.1000428,-145.481274,2.59,M,0.044,Fin well ID: 25 (2),NA,NA,NA,NA,NA,NA,NA,NA,NA,2.386,2-G1 (one missing),N,Y,4,Y,Y,0.024,0.3,0.8,0.3,0.8,0.3,0.4,0.4,0.3,,1/10/21,115.5,1/14/21,25.8,0.7766,0.2234,NA,2/10/21,2,0.2739,955.4635,21.5977,4.824421299,NA,NA,NA,NA,NA,NA,NA,NA,NA,NA,NA,473968.02,988,2020,Gulkana,488,83,134,321,56,2590,1.440234731,468.3,44,0.004824421,2386,11.51106922,8.714285714
FC-9-2020,FC-20-9,FC-9-20,FC-20-9,2020-07-31,NA,Fish Creek Gulkana,9/24/20,63.1000428,-145.481274,2.662,M,0.052,2-C7,NA,NA,NA,NA,NA,NA,NA,NA,NA,2.432,2-B11,N,Y,5,Y,Y,0.026,0.3,0.4,0.4,0.5,0.4,0.5,0.5,0.5,,1/10/21,141.1,1/14/21,28.3,0.7994,0.2006,NA,2/10/21,2,0.2875,955.4635,21.9455,4.401542523,NA,NA,NA,NA,NA,NA,NA,NA,NA,NA,NA,473968.02,988,2020,Gulkana,486,89,148,340,53,2662,2.063700982,468.3,52,0.004401543,2432,10.70455142,9.169811321
FC-10-2020,FC-20-10,FC-10-20,FC-20-10,2020-07-31,NA,Fish Creek Gulkana,9/24/20,63.1000428,-145.481274,2.392,M,0.066,2-D3,NA,NA,NA,NA,NA,NA,NA,NA,NA,2.19,2-C3,Y,Y,,Y,Y,0.03,0.7,0.7,0.6,0.6,0.5,0.8,0.6,0.6,,1/10/21,115.2,1/14/21,29.4,0.7448,0.2552,NA,2/10/21,4,0.348,923.3249,21.5555,5.501143229,NA,NA,NA,NA,NA,NA,NA,NA,NA,NA,NA,473968.02,988,2020,Gulkana,476,83,138,320,52,2392,1.323421685,468.3,66,0.005501143,2190,12.04750367,9.153846154
GH2-1-2020,GH2-1-2020,GH2-1-20,GH2-1 (2020),2020-09-08,NA,Gulkana Hatchery,7/23/21,63.06732669,-145.5138318,2.262,M,0.026,2-A4,NA,NA,NA,NA,NA,NA,NA,NA,NA,2.138,1-E4,Y,Y,5,Y,Y,0.014,0.5,0.4,0.4,0.4,0.5,0.5,0.5,0.5,,10/15/21,114.2,10/20/21,22.4,0.8039,0.1961,NA,10/21/21,2,0.4449,955.8343,21.481,4.213436077,NA,NA,NA,NA,NA,NA,NA,NA,NA,NA,NA,468383.14,909,2020,GulkanaHatchery,502,89,135,311,63,2262,1.56868764,425.8,26,0.004213436,2138,9.008326333,7.968253968
GH2-2-2020,GH2-20-2,GH2-2-20,GH2-20-2,2020-09-08,NA,Gulkana Hatchery,9/23/20,63.06732669,-145.5138318,2.45,M,0.07,2-B2,NA,NA,NA,NA,NA,NA,NA,NA,NA,2.232,2-A10,Y,Y,6,Y,Y,0.036,0.7,0.6,0.4,0.7,0.4,0.7,0.4,0.5,,1/15/21,75.2,1/21/21,16.2,0.7846,0.2154,NA,2/16/21,4,0.3792,923.3249,20.9377,4.51051516,2,0.4191,955.4635,21.6538,4.664781383,NA,NA,NA,NA,NA,NA,468383.14,909,2020,GulkanaHatchery,490,82,128,324,57,2450,1.355347767,425.8,70,0.004510515,2232,10.06746984,8.596491228
GH2-3-2020,GH2-3-2020,GH2-3-20,GH2-3 (2020),2020-09-08,NA,Gulkana Hatchery,7/23/21,63.06732669,-145.5138318,2.562,M,0.05,2-C3,NA,NA,NA,NA,NA,NA,NA,NA,NA,2.482,1-F7,Y,Y,5,Y,Y,0.022,0.5,0.4,0.8,0.4,0.4,0.5,0.4,0.4,,10/15/21,98.7,10/19/21,22.8,0.769,0.231,NA,10/21/21,4,0.4742,923.3249,18.26,4.218115502,NA,NA,NA,NA,NA,NA,NA,NA,NA,NA,NA,468383.14,909,2020,GulkanaHatchery,494,84,140,329,64,2562,1.826185839,425.8,50,0.004218116,2482,10.46936268,7.71875
GH2-4-2020,GH2-4-2020,GH2-4-20,GH2-4 (2020),2020-09-08,NA,Gulkana Hatchery,7/23/21,63.06732669,-145.5138318,1.856,M,0.046,2-C2,NA,NA,NA,NA,NA,NA,NA,NA,NA,1.764,1-F6 (no otoliths),NO READ,Y,5,Y,Y,0.022,0.7,0.6,0.7,0.4,0.4,0.7,0.5,1,,10/15/21,101.9,10/19/21,23.6,0.7684,0.2316,NA,10/21/21,2,0.3092,955.8343,20.4585,4.738180569,NA,NA,NA,NA,NA,NA,NA,NA,NA,NA,NA,468383.14,909,2020,GulkanaHatchery,449,68,120,300,64,1856,0.06519487,425.8,46,0.004738181,1764,8.358150524,7.015625
GH2-5-2020,GH2-20-5,GH2-5-20,GH2-20-5,2020-09-08,NA,Gulkana Hatchery,9/23/20,63.06732669,-145.5138318,1.666,M,0.05,2-A8,NA,NA,NA,NA,NA,NA,NA,NA,NA,1.494,2-A8 (NO OTOS),N,Y,2 bad scales,Y,Y,0.024,0.4,0.6,0.7,0.7,0.7,1.1,0.7,0.6,,1/15/21,139.3,1/21/21,30.6,0.7803,0.2197,NA,2/16/21,4,0.3504,923.3249,21.4158,4.70440402,NA,NA,NA,NA,NA,NA,NA,NA,NA,NA,NA,468383.14,909,2020,GulkanaHatchery,418,73,108,270,50,1666,-1.245266018,425.8,50,0.004704404,1494,7.028379606,8.36
MA-1-2020,MA-20-1,MA-1-20,MA-20-1,2020-08-10,NA,Mahlo,9/24/20,61.73588,-145.7294181,2.53,M,0.05,2-B8,NA,NA,NA,NA,NA,NA,NA,NA,NA,2.288,1-B4,N,Y,bad scales,Y,Y,0.024,0.5,0.3,0.5,0.4,0.5,0.5,0.7,0.6,,1/5/21,121.1,1/9/21,26.8,0.7787,0.2213,NA,2/18/21,4,0.4585,923.3249,19.9867,4.423150784,NA,NA,NA,NA,NA,NA,NA,NA,NA,NA,NA,306987.7,537,2020,KlutinaLake,446,79,176,394,44,2530,2.909139519,164.9,50,0.004423151,2288,10.12016899,10.13636364
MA-2-2020,MA-20-2,MA-2-20,MA-20-2,2020-08-10,NA,Mahlo,9/29/20,61.73588,-145.7294181,2.448,M,0.04,Fin clip 28 (2),NA,NA,NA,NA,NA,NA,NA,NA,NA,2.256,2-G4,N,Y,6,Y,Y,0.018,0.3,0.3,0.4,0.4,0.4,0.4,0.4,0.4,,1/5/21,116.9,1/9/21,23.8,0.7964,0.2036,NA,2/18/21,2,0.4247,955.4635,19.9238,4.056342515,NA,NA,NA,NA,NA,NA,NA,NA,NA,NA,NA,306987.7,537,2020,KlutinaLake,473,84,155,347,38,2448,2.127595533,164.9,40,0.004056343,2256,9.151108714,12.44736842
MA-6-2020,MA-20-6,MA-6-20,MA-20-6,2020-08-10,NA,Mahlo,9/26/20,61.73588,-145.7294181,2.112,M,0.038,fin well id:40,NA,NA,NA,NA,NA,NA,NA,NA,NA,1.896,2-D4,N,Y,6,Y,Y,0.018,0.3,0.3,0.3,0.4,0.3,0.4,0.3,0.5,,1/5/21,94.3,1/9/21,18.3,0.8059,0.1941,NA,2/18/21,4,0.4246,923.3249,19.3812,3.761144857,NA,NA,NA,NA,NA,NA,NA,NA,NA,NA,NA,306987.7,537,2020,KlutinaLake,448,77,146,340,46,2112,1.33950175,164.9,38,0.003761145,1896,7.131130649,9.739130435
MA-8-2020,MA-20-8,MA-8-20,MA-20-8,2020-08-10,NA,Mahlo,9/24/20,61.73588,-145.7294181,2.362,M,0.036,2-C2,NA,NA,NA,NA,NA,NA,NA,NA,NA,2.162,2-B6,N,Y,5,Y,Y,0.02,0.5,0.4,0.4,0.4,0.6,0.5,0.4,0.5,,1/5/21,142,1/9/21,31.6,0.7775,0.2225,NA,2/18/21,4,0.3808,923.3249,17.703,3.939540845,NA,NA,NA,NA,NA,NA,NA,NA,NA,NA,NA,306987.7,537,2020,KlutinaLake,456,86,156,358,49,2362,2.015430598,164.9,36,0.003939541,2162,8.517287307,9.306122449
MA-10-2020,MA-20-10,MA-10-20,MA-20-10,2020-08-10,NA,Mahlo,9/24/20,61.73588,-145.7294181,2.472,M,0.008,2-D2,NA,NA,NA,NA,NA,NA,NA,NA,NA,2.264,2-C2 one missing oto,N,Y,,Y,Y,0.002,0.3,0.4,0.3,0.4,0.4,0.4,0.6,0.4,,1/5/21,138.8,1/9/21,25.4,0.817,0.183,NA,2/18/21,4,0.4258,923.3249,18.8246,3.44484755,NA,NA,NA,NA,NA,NA,NA,NA,NA,NA,NA,306987.7,537,2020,KlutinaLake,494,92,158,343,50,2472,2.521318069,164.9,8,0.003444848,2264,7.799134853,9.88
SA-2-2020,SA-20-2,SA-2-20,SA-20-2,2020-08-11,NA,St Anne,9/24/20,61.73953006,-145.9685194,1.926,M,0.016,2-D4,NA,NA,NA,NA,NA,NA,NA,NA,NA,1.798,2-C4,N,,,Y,Y,0.006,0.3,0.6,0.5,0.4,0.5,0.4,0.7,0.6,,1/23/20,85.5,1/28/21,15.2,0.8222,0.1778,NA,2/23/21,4,0.3158,923.3249,19.5469,3.475004444,NA,NA,NA,NA,NA,NA,NA,NA,NA,NA,NA,319323.05,531,2020,KlutinaLake,449,78,153,302.5853329,45,1926,1.003675518,169.6,16,0.003475004,1798,6.24805799,9.977777778
SA-3-2020,SA-20-3,SA-3-20,SA-20-3,2020-08-11,NA,St Anne,9/24/20,61.73953006,-145.9685194,1.688,M,0.016,2-D1,NA,NA,NA,NA,NA,NA,NA,NA,NA,1.54,2-C1,N,Y,,Y,Y,0.008,0.3,0.3,0.4,0.4,0.3,0.6,0.5,0.4,,1/23/21,105.5,1/28/21,21.7,0.7943,0.2057,NA,2/23/21,2,0.4868,955.4635,17.9294,3.687848152,NA,NA,NA,NA,NA,NA,NA,NA,NA,NA,NA,319323.05,531,2020,KlutinaLake,477,61,124,266,40,1688,0.17294022,169.6,16,0.003687848,1540,5.679286154,11.925
SA-7-2020,SA-20-7,SA-7-20,SA-20-7,2020-08-11,NA,St Anne,9/24/20,61.73953006,-145.9685194,2.24,M,0.03,2-D6,NA,NA,NA,NA,NA,NA,NA,NA,NA,2.118,2-C6,N,Y,bad scales,Y,Y,0.016,0.3,0.3,0.3,0.7,0.8,0.3,0.5,0.4,,1/23/21,104.2,1/28/21,20.3,0.8052,0.1948,NA,2/23/21,2,0.3927,955.4635,18.2457,3.554584549,NA,NA,NA,NA,NA,NA,NA,NA,NA,NA,NA,319323.05,531,2020,KlutinaLake,469,85,158,350,49,2240,2.182669222,169.6,30,0.003554585,2118,7.528610075,9.571428571
SA-10-2020,SA-20-10,SA-10-20,SA-20-10,2020-08-11,NA,St Anne,9/24/20,61.73953006,-145.9685194,1.982,M,0.046,2-C6,NA,NA,NA,NA,NA,NA,NA,NA,NA,1.77,2-B10,N,Y,5,Y,Y,0.026,0.4,0.4,0.3,0.4,0.4,0.4,0.3,0.4,,1/23/21,92.2,1/28/21,18.7,0.7972,0.2028,NA,2/23/21,4,0.5074,923.3249,20.6418,4.18656898,NA,NA,NA,NA,NA,NA,NA,NA,NA,NA,NA,319323.05,531,2020,KlutinaLake,440,73,149,330,48,1982,1.134887487,169.6,46,0.004186569,1770,7.410227095,9.166666667
LL-1-2020,LL-20-1,LL-1-20,LL-20-1,2020-08-31,NA,Long Lake,9/23/20,61.37920879,-143.30713,2.61,M,0.046,2-A1,NA,NA,NA,NA,NA,NA,NA,NA,NA,2.34,2-A1,N,Y,5,Y,Y,0.026,NA,NA,NA,NA,NA,NA,NA,NA,,1/15/21,125.3,1/21/21,30.9,0.7534,0.2466,NA,2/25/21,2,0.3648,923.3249,23.1414,5.706857622,NA,NA,NA,NA,NA,NA,NA,NA,NA,NA,NA,258752.38,430,2020,Chitina,504,84,123,310,62,2610,1.261792678,111.3,46,0.005706858,2340,13.35404684,8.129032258
LL-3-2020,LL-20-3,LL-3-20,LL-20-3,2020-08-31,NA,Long Lake,9/23/20,61.37920879,-143.30713,2.246,M,0.054,2-A4,NA,NA,NA,NA,NA,NA,NA,NA,NA,2.076,2-A4,N,Y,6,Y,Y,0.026,0.7,0.7,0.7,0.8,1,0.8,0.6,0.6,,1/15/21,146.1,1/21/21,36.2,0.7522,0.2478,NA,2/25/21,2,0.3852,955.4635,23.2672,5.765042026,NA,NA,NA,NA,NA,NA,NA,NA,NA,NA,NA,258752.38,430,2020,Chitina,480,69,112,290,58,2246,0.247519299,111.3,54,0.005765042,2076,11.96822725,8.275862069
LL-4-2020,LL-20-4,LL-4-20,LL-20-4,2020-08-31,NA,Long Lake,9/26/20,61.37920879,-143.30713,2.518,M,0.068,Fin clip 42,NA,NA,NA,NA,NA,NA,NA,NA,NA,2.318,2-D6,N,Y,4,Y,Y,0.034,1.2,0.6,1.6,0.7,0.7,0.7,0.7,0.5,,1/15/21,139,1/21/21,33.7,0.7576,0.2424,NA,2/25/21,2,0.3714,955.4635,23.2971,5.648289712,NA,NA,NA,NA,NA,NA,NA,NA,NA,NA,NA,258752.38,430,2020,Chitina,489,78,120,296,55,2518,0.711822669,111.3,68,0.00564829,2318,13.09273555,8.890909091
LL-5-2020,LL-20-5,LL-5-20,LL-20-5,2020-08-31,NA,Long Lake,9/23/20,61.37920879,-143.30713,2.228,M,0.04,N/A,NA,NA,NA,NA,NA,NA,NA,NA,NA,2.032,2-A3,N,Y,5,Y,Y,0.022,1.3,2.1,0.9,1.3,1.2,1.4,1,0.8,,1/15/21,122,1/21/21,34.6,0.7164,0.2836,NA,2/25/21,4,0.3548,923.3249,24.2427,6.875388689,NA,NA,NA,NA,NA,NA,NA,NA,NA,NA,NA,258752.38,430,2020,Chitina,461,63,115,320,65,2228,0.431237557,111.3,40,0.006875389,2032,13.97078982,7.092307692
LL-6-2020,LL-20-6,LL-6-20,LL-20-6,2020-08-31,NA,Long Lake,9/26/20,61.37920879,-143.30713,2.28,M,0.054,Fin clip 31,NA,NA,NA,NA,NA,NA,NA,NA,NA,2.096,2-C7 one missing,N,Y,5,Y,Y,0.03,2.1,1.2,1.4,1.2,0.8,1.1,1.4,1.1,,1/15/21,113.9,1/21/21,36.1,0.6831,0.3169,NA,2/25/21,2,0.3212,955.4635,25.6287,8.122880334,NA,NA,NA,NA,NA,NA,NA,NA,NA,NA,NA,258752.38,430,2020,Chitina,475,63,114,296,62,2280,0.301335646,111.3,54,0.00812288,2096,17.02555718,7.661290323
MA-3-2021,MA-3-2021,MA-3-21,MA-3,2021-07-18,NA,Mahlo,7/23/21,61.73588,-145.7294181,1.808,M,0.068,1-F1,NA,NA,NA,NA,NA,NA,NA,NA,NA,1.656,1-D5,N,Y,5,Y,Y,0.042,0.6,0.4,0.6,0.4,0.6,0.4,0.6,0.5,,10/6/21,109.5,10/11/21,24,0.7808,0.2192,NA,10/12/21,2,0.3227,955.4635,22.8666,5.011857534,NA,NA,NA,NA,NA,NA,NA,NA,NA,NA,NA,306987.7,537,2021,KlutinaLake,405,70,144,316,65,1808,0.177898167,164.9,68,0.005011858,1656,8.299636076,6.230769231
MA-4-2021,MA-4-2021,MA-4-21,MA-4,2021-07-18,NA,Mahlo,7/23/21,61.73588,-145.7294181,1.768,M,0.054,1-F3,NA,NA,NA,NA,NA,NA,NA,NA,NA,1.65,1-D7,N,Y,5,Y,Y,0.028,0.5,0.5,0.4,0.4,0.5,0.6,0.6,0.6,,10/6/21,117.3,10/11/21,25.4,0.7835,0.2165,NA,10/12/21,4,0.2785,923.3249,20.4498,4.428174936,NA,NA,NA,NA,NA,NA,NA,NA,NA,NA,NA,306987.7,537,2021,KlutinaLake,443,70,133,303,60,1768,0.358012227,164.9,54,0.004428175,1650,7.306488644,7.383333333
MA-5-2021,MA-5-2021,MA-5-21,MA-5,2021-07-18,NA,Mahlo,7/23/21,61.73588,-145.7294181,2.238,M,0.05,1-F2,NA,NA,NA,NA,NA,NA,NA,NA,NA,2.106,1-D6,N,Y,5,Y,Y,0.024,0.6,0.4,0.7,0.5,0.6,0.5,0.6,0.5,,10/6/21,112,10/11/21,26.3,0.7652,0.2348,NA,10/12/21,2,0.2094,955.4635,23.7454,5.57592875,NA,NA,NA,NA,NA,NA,NA,NA,NA,NA,NA,306987.7,537,2021,KlutinaLake,461,84,143,339,63,2238,1.472126255,164.9,50,0.005575929,2106,11.74290595,7.317460317
MA-6-2021,MA-6-2021,MA-6-21,MA-6,2021-07-18,NA,Mahlo,7/23/21,61.73588,-145.7294181,2.678,M,0.066,1-F4,NA,NA,NA,NA,NA,NA,NA,NA,NA,2.494,1-D8,N,Y,5,Y,Y,0.034,0.5,0.5,0.5,0.6,0.6,0.7,0.7,0.8,,10/6/21,131.9,10/11/21,29.3,0.7779,0.2221,NA,10/12/21,4,0.3282,923.3249,22.3332,4.961052009,NA,NA,NA,NA,NA,NA,NA,NA,NA,NA,NA,306987.7,537,2021,KlutinaLake,500,84,168,368,67,2678,3.263883525,164.9,66,0.004961052,2494,12.37286371,7.462686567
MA-8-2021,MA-8-2021,MA-8-21,MA-8,2021-07-18,NA,Mahlo,7/23/21,61.73588,-145.7294181,2.33,M,0.048,1-F5,NA,NA,NA,NA,NA,NA,NA,NA,NA,2.18,1-D9,N,Y,5,Y,Y,0.024,0.6,0.5,0.5,0.5,0.6,0.7,0.6,0.7,,10/6/21,92.8,10/11/21,21.4,0.7694,0.2306,NA,10/12/21,4,0.2015,923.3249,22.2291,5.126107112,NA,NA,NA,NA,NA,NA,NA,NA,NA,NA,NA,306987.7,537,2021,KlutinaLake,473,76,160,354,60,2330,2.365967295,164.9,48,0.005126107,2180,11.1749135,7.883333333
MA-11-2021,MA-11-2021,MA-11-21,MA-11,2021-08-10,NA,Mahlo,9/3/21,61.73588,-145.7294181,2.274,M,0.046,3-D5,NA,NA,NA,NA,NA,NA,NA,NA,NA,2.11,2-C5,N,Y,5,Y,Y,0.024,0.4,0.3,0.4,0.4,0.4,0.4,0.4,0.6,,10/6/21,112,10/11/21,19.9,0.8223,0.1777,NA,10/12/21,2,0.2298,923.3249,17.78,3.159125,NA,NA,NA,NA,NA,NA,NA,NA,NA,NA,NA,306987.7,537,2021,KlutinaLake,466,88,165,351,58,2274,2.335450137,164.9,46,0.003159125,2110,6.66575375,8.034482759
MA-17-2021,MA-17-2021,MA-17-21,MA-17,2021-08-10,NA,Mahlo,9/3/21,61.73588,-145.7294181,0.872,M,0.026,3-C2,NA,NA,NA,NA,NA,NA,NA,NA,NA,0.816,2-B6,N,Y,5,Y,Y,0.014,0.5,0.4,0.5,0.5,0.5,0.4,0.5,0.4,,10/7/21,103.4,10/10/21,19.9,0.8075,0.1925,NA,10/12/21,2,0.3161,923.3249,20.9833,4.03837205,NA,NA,NA,NA,NA,NA,NA,NA,NA,NA,NA,306987.7,537,2021,KlutinaLake,340,54,120,257,43,872,-2.48133281,164.9,26,0.004038372,816,3.295311593,7.906976744
MA-18-2021,MA-18-2021,MA-18-21,MA-18,2021-08-10,NA,Mahlo,9/3/21,61.73588,-145.7294181,2.354,M,0.048,3-E6,NA,NA,NA,NA,NA,NA,NA,NA,NA,2.226,2-D2,N,Y,5,Y,Y,0.024,0.4,0.3,0.3,0.3,0.5,0.7,0.4,0.5,,10/7/21,96.4,10/10/21,17.6,0.8174,0.1826,NA,10/12/21,4,0.3012,955.8343,19.8509,3.624230705,NA,NA,NA,NA,NA,NA,NA,NA,NA,NA,NA,306987.7,537,2021,KlutinaLake,470,91,157,355,65,2354,2.245762328,164.9,48,0.003624231,2226,8.067537549,7.230769231
MA-19-2021,MA-19-2021,MA-19-21,MA-19,2021-08-10,NA,Mahlo,9/3/21,61.73588,-145.7294181,1.226,M,0.04,3-C1,NA,NA,NA,NA,NA,NA,NA,NA,NA,1.136,2-B5,N,Y,5,Y,Y,0.022,0.8,0.5,0.7,0.6,0.6,0.5,0.6,0.4,,10/7/21,113.6,10/10/21,23.9,0.7896,0.2104,NA,10/12/21,4,0.4298,923.3249,19.7383,4.152688116,NA,NA,NA,NA,NA,NA,NA,NA,NA,NA,NA,306987.7,537,2021,KlutinaLake,390,58,122,275,51,1226,-1.283706185,164.9,40,0.004152688,1136,4.7174537,7.647058824
MA-20-2021,MA-20-2021,MA-20-21,MA-20,2021-08-10,NA,Mahlo,9/3/21,61.73588,-145.7294181,0.456,M,0.024,3-C3,NA,NA,NA,NA,NA,NA,NA,NA,NA,0.416,2-B7,N,Y,5,Y,Y,0.012,1,0.7,1.1,0.6,1.6,0.5,1.7,0.8,,10/7/21,80.2,10/10/21,16.6,0.793,0.207,NA,10/12/21,2,0.3338,955.8343,21.2459,4.397530424,NA,NA,NA,NA,NA,NA,NA,NA,NA,NA,NA,306987.7,537,2021,KlutinaLake,280,30,85,196,38,456,-5.381850959,164.9,24,0.00439753,416,1.829372656,7.368421053
SA-2-2021,SA-2-2021,SA-2-21,SA-2,2021-07-18,NA,St Anne,7/23/21,61.73953006,-145.9685194,2.796,M,0.046,1-F8,NA,NA,NA,NA,NA,NA,NA,NA,NA,2.626,1-D12,N,Y,5,Y,Y,0.02,0.4,0.4,0.5,0.4,0.4,0.4,0.5,0.5,,10/6/21,118.9,10/11/21,23.7,0.8007,0.1993,NA,10/12/21,2,0.2613,955.8343,22.3577,4.456496972,NA,NA,NA,NA,NA,NA,NA,NA,NA,NA,NA,319323.05,531,2021,KlutinaLake,482,83,184,407,60,2796,3.951091592,169.6,46,0.004456497,2626,11.70276105,8.033333333
SA-5-2021,SA-5-2021,SA-5-21,SA-5,2021-07-18,NA,St Anne,7/23/21,61.73953006,-145.9685194,2.758,M,0.048,1-F7,NA,NA,NA,NA,NA,NA,NA,NA,NA,NA,1-D11,N,Y,5,Y,Y,0.026,0.5,0.4,0.6,0.4,0.5,0.5,0.5,0.5,,10/6/21,112,10/11/21,24.4,0.7821,0.2179,NA,10/13/21,4,0.322,955.8343,21.1558,4.608942143,NA,NA,NA,NA,NA,NA,NA,NA,NA,NA,NA,319323.05,531,2021,KlutinaLake,487,82,175,382,64,2758,3.429656898,169.6,48,0.004608942,,,7.609375
SA-6-2021,SA-6-2021,SA-6-21,SA-6,2021-07-18,NA,St Anne,7/23/21,61.73953006,-145.9685194,3.068,M,0.05,1-F6,NA,NA,NA,NA,NA,NA,NA,NA,NA,2.894,1-D10,N,Y,5,Y,Y,0.022,0.6,0.5,0.4,0.5,0.5,0.5,0.5,0.5,,10/6/21,116.9,10/11/21,26.2,0.7759,0.2241,NA,10/13/21,2,0.2818,923.3249,21.6628,4.855135672,NA,NA,NA,NA,NA,NA,NA,NA,NA,NA,NA,319323.05,531,2021,KlutinaLake,491,73,176,395,67,3068,3.716643439,169.6,50,0.004855136,2894,14.05076263,7.328358209
SA-9-2021,SA-9-2021,SA-9-21,SA-9,2021-07-18,NA,St Anne,7/23/21,61.73953006,-145.9685194,2.686,M,0.05,2-A2,NA,NA,NA,NA,NA,NA,NA,NA,NA,2.498,1-E2,N,Y,5,Y,Y,0.022,0.7,0.5,0.6,0.5,0.5,0.5,0.5,0.5,,10/6/21,120.9,10/11/21,24.3,0.799,0.201,NA,10/13/21,4,0.3059,955.8343,23.8329,4.790235484,NA,NA,NA,NA,NA,NA,NA,NA,NA,NA,NA,319323.05,531,2021,KlutinaLake,462,83,168,366,64,2686,2.565173235,169.6,50,0.004790235,2498,11.96600824,7.21875
SA-10-2021,SA-10-2021,SA-10-21,SA-10,2021-07-18,NA,St Anne,7/23/21,61.73953006,-145.9685194,2.842,M,0.052,2-A1,NA,NA,NA,NA,NA,NA,NA,NA,NA,2.7,1-E1,N,Y,5,Y,Y,0.022,0.5,0.6,0.5,0.5,0.5,0.5,0.5,0.4,,10/6/21,114.1,10/11/21,23.8,0.7914,0.2086,NA,10/13/21,2,0.2655,923.3249,22.9338,4.783737423,NA,NA,NA,NA,NA,NA,NA,NA,NA,NA,NA,319323.05,531,2021,KlutinaLake,495,70,170,387,63,2842,3.506903398,169.6,52,0.004783737,2700,12.91609104,7.857142857
SA-16-2021,SA-16-2021,SA-16-21,SA-16,2021-08-10,NA,St Anne,9/4/21,61.73953006,-145.9685194,2.04,M,0.012,3-F3,NA,NA,NA,NA,NA,NA,NA,NA,NA,1.97,2-D7,N,Y,5,Y,Y,0.06,0.4,0.4,0.4,0.4,0.4,0.4,0.4,0.4,,10/11/21,71.3,10/14/21,15.2,0.7868,0.2132,NA,10/14/21,2,0.394,955.8343,19.9601,4.255168583,NA,NA,NA,NA,NA,NA,NA,NA,NA,NA,NA,319323.05,531,2021,KlutinaLake,470,75,144,316,57,2040,1.323270105,169.6,12,0.004255169,1970,8.382682109,8.245614035
SA-17-2021,SA-17-2021,SA-17-21,SA-17,2021-08-10,NA,St Anne,9/4/21,61.73953006,-145.9685194,2.18,M,0.02,3-E8,NA,NA,NA,NA,NA,NA,NA,NA,NA,2.07,2-D4,N,Y,5,Y,Y,0.01,0.7,0.4,0.7,0.3,0.4,0.4,0.4,0.4,,10/15/21,88.6,10/19/21,17.2,0.8059,0.1941,NA,10/19/21,2,0.4459,955.8343,19.44,3.773905192,NA,NA,NA,NA,NA,NA,NA,NA,NA,NA,NA,319323.05,531,2021,KlutinaLake,469,74,61,354,52,2180,-0.40707736,169.6,20,0.003773905,2070,7.811983747,9.019230769
SA-18-2021,SA-18-2021,SA-18-21,SA-18,2021-08-10,NA,St Anne,9/3/21,61.73953006,-145.9685194,2.25,M,0.042,3-D8,NA,NA,NA,NA,NA,NA,NA,NA,NA,2.108,2-C8,N,Y,5,Y,Y,0.02,0.6,0.5,0.3,0.3,0.3,0.4,0.6,0.5,,10/11/21,97.8,10/15/21,17.5,0.8211,0.1789,NA,10/15/21,2,0.379,955.8343,18.9866,3.397397751,NA,NA,NA,NA,NA,NA,NA,NA,NA,NA,NA,319323.05,531,2021,KlutinaLake,490,82,142,319,63,2250,1.664757415,169.6,42,0.003397398,2108,7.161714459,7.777777778
SA-19-2021,SA-19-2021,SA-19-21,SA-19,2021-08-10,NA,St Anne,9/3/21,61.73953006,-145.9685194,2.734,M,0.046,3-D7,NA,NA,NA,NA,NA,NA,NA,NA,NA,2.584,2-C7,N,Y,5,Y,Y,0.028,0.7,0.4,0.7,0.6,0.9,0.7,0.8,0.8,,10/11/21,112.4,10/15/21,21.2,0.8114,0.1886,NA,10/15/21,4,0.3765,923.3249,20.5598,3.877827046,NA,NA,NA,NA,NA,NA,NA,NA,NA,NA,NA,319323.05,531,2021,KlutinaLake,495,80,165,368,59,2734,3.093882227,169.6,46,0.003877827,2584,10.02030509,8.389830508
SA-20-2021,SA-20-2021,SA-20-21,SA-20,2021-08-10,NA,St Anne,9/3/21,61.73953006,-145.9685194,2.022,M,0.046,3-D6,NA,NA,NA,NA,NA,NA,NA,NA,NA,1.908,2-C6,N,Y,5,Y,Y,0.024,0.7,0.5,0.5,0.9,0.6,0.8,0.5,0.7,,10/11/21,103.2,10/15/21,17.1,0.8343,0.1657,NA,10/15/21,2,0.3518,955.8343,21.2191,3.515955523,4,0.2837,923.3249,20.0082,3.315312209,NA,NA,NA,NA,NA,NA,319323.05,531,2021,KlutinaLake,458,76,135,307,59,2022,0.735142474,169.6,46,0.003515956,1908,6.708443138,7.762711864
LL-1-2021,LL-1-2021,LL-1-21,LL-L-1,2021-08-22,NA,Long Lake,9/3/21,61.37920879,-143.30713,1.82,M,0.054,3-E3,NA,NA,NA,NA,NA,NA,NA,NA,NA,1.694,2-C11,N,Y,5,Y,Y,0.028,0.8,0.8,1,1,0.6,0.7,0.6,1.3,,10/11/21,73,10/15/21,20.9,0.7137,0.2863,NA,10/15/21,2,0.357,955.8343,24.2812,6.951740822,NA,NA,NA,NA,NA,NA,NA,NA,NA,NA,NA,258752.38,430,2021,Chitina,451,50,106,260,61,1820,-0.863907846,111.3,54,0.006951741,1694,11.77624895,7.393442623
LL-3-2021,LL-3-2021,LL-3-21,LL-L-3,2021-08-22,NA,Long Lake,9/3/21,61.37920879,-143.30713,1.868,M,0.046,3-F1,NA,NA,NA,NA,NA,NA,NA,NA,NA,1.748,2-C9,N,Y,5,Y,Y,0.026,0.7,0.8,1.3,0.7,1.3,0.8,1,1.2,,10/11/21,111.1,10/15/21,31.3,0.7183,0.2817,NA,10/15/21,2,0.3299,955.8343,24.6665,6.949247975,NA,NA,NA,NA,NA,NA,NA,NA,NA,NA,NA,258752.38,430,2021,Chitina,454,54,106,274,62,1868,-0.607286883,111.3,46,0.006949248,1748,12.14728546,7.322580645
LL-4-2021,LL-4-2021,LL-4-21,LL-L-4,2021-08-22,NA,Long Lake,9/3/21,61.37920879,-143.30713,1.878,M,0.062,3-E2,NA,NA,NA,NA,NA,NA,NA,NA,NA,1.758,2-C10,N,Y,5,Y,Y,0.032,0.8,0.7,0.7,0.6,0.7,1.1,1.1,1.2,,10/11/21,107.5,10/15/21,28.9,0.7312,0.2688,NA,10/15/21,4,0.4045,923.3249,23.9016,6.425639442,NA,NA,NA,NA,NA,NA,NA,NA,NA,NA,NA,258752.38,430,2021,Chitina,448,58,113,285,64,1878,-0.361828115,111.3,62,0.006425639,1758,11.29627414,7
LL-8-2021,LL-8-2021,LL-8-21,LL-L-8,2021-08-26,NA,Long Lake,9/3/21,61.37920879,-143.30713,1.756,M,0.05,3-D1,NA,NA,NA,NA,NA,NA,NA,NA,NA,1.654,2-C1,N,Y,5,Y,Y,0.026,0.7,1.1,0.6,1,0.6,1,0.6,1.1,,10/15/21,116.8,10/20/21,29.3,0.7491,0.2509,NA,10/20/21,4,0.467,923.3249,21.9218,5.499218664,NA,NA,NA,NA,NA,NA,NA,NA,NA,NA,NA,258752.38,430,2021,Chitina,453,59,112,274,64,1756,-0.46111646,111.3,50,0.005499219,1654,9.09570767,7.078125
LL-10-2021,LL-10-2021,LL-10-21,LL-L-10,2021-08-26,NA,Long Lake,9/4/21,61.37920879,-143.30713,1.682,M,0.048,3-F5,NA,NA,NA,NA,NA,NA,NA,NA,NA,1.592,2-D9,N,Y,5,Y,Y,0.022,0.6,0.7,0.7,0.6,0.6,0.7,0.7,1.2,,10/15/21,69.1,10/19/21,19.3,0.7207,0.2793,NA,10/19/21,4,0.2696,923.3249,23.0268,6.431508538,NA,NA,NA,NA,NA,NA,NA,NA,NA,NA,NA,258752.38,430,2021,Chitina,441,50,111,274,64,1682,-0.699868329,111.3,48,0.006431509,1592,10.23896159,6.890625
LL-11-2021,LL-11-2021,LL-11-21,LL-L-11,2021-09-23,NA,Long Lake,9/24/21,61.37920879,-143.30713,1.954,M,0.03,4-E4,NA,NA,NA,NA,NA,NA,NA,NA,NA,1.826,2-G12,N,Y,NA,Y,Y,NA,0.4,0.4,0.7,0.4,0.4,0.4,0.4,0.6,Maybe partial spawn,10/15/21,147.4,10/20/21,30.2,0.7951,0.2049,NA,10/20/21,2,0.4417,955.8343,19.8775,4.07259498,NA,NA,NA,NA,NA,NA,NA,NA,NA,NA,NA,258752.38,430,2021,Chitina,449.8333931,NA,147.9714856,344,56.68080502,1954,1.483843409,111.3,30,0.004072595,1826,7.436558433,7.936256249
LL-12-2021,LL-12-2021,LL-12-21,LL-L-12,2021-09-23,NA,Long Lake,9/24/21,61.37920879,-143.30713,2.22,M,0.024,4-E6,NA,NA,NA,NA,NA,NA,NA,NA,NA,2.078,2-H2,N,Y,NA,Y,Y,NA,0.4,0.4,0.6,0.4,0.4,0.4,0.6,0.4,Partial Spawned,10/15/21,176.3,10/20/21,31.4,0.8219,0.1781,NA,10/20/21,4,0.3855,923.3249,19.3267,3.442191605,NA,NA,NA,NA,NA,NA,NA,NA,NA,NA,NA,258752.38,430,2021,Chitina,464.613852,NA,155.326654,360,58.6274669,2220,2.177943043,111.3,24,0.003442192,2078,7.152874155,7.924849505
LL-13-2021,LL-13-2021,LL-13-21,LL-L-13,2021-09-23,NA,Long Lake,9/24/21,61.37920879,-143.30713,1.942,M,0.026,4-E5,NA,NA,NA,NA,NA,NA,NA,NA,NA,1.856,2-H1 (1 missing),N,Y,NA,Y,Y,NA,0.5,0.5,0.7,0.4,0.5,0.4,0.6,0.4,probably partial spawn,10/15/21,129.5,10/20/21,24.8,0.8085,0.1915,NA,10/20/21,2,0.3071,955.8343,20.8236,3.98784,NA,NA,NA,NA,NA,NA,NA,NA,NA,NA,NA,258752.38,430,2021,Chitina,449.1666054,NA,151.6490698,352,56.59298569,1942,1.688919668,111.3,26,0.00398784,1856,7.40143104,7.936789338
LL-19-2021,LL-19-2021,LL-19-21,LL-L-19,2021-09-23,NA,Long Lake,9/24/21,61.37920879,-143.30713,2.012,M,0.044,4-E2,NA,NA,NA,NA,NA,NA,NA,NA,NA,1.856,2-G10,N,Y,NA,Y,Y,NA,NA,NA,NA,NA,NA,NA,NA,NA,"picking up where cormac/phil left off in oto tray, no fat measurements, maybe partial spawn",10/15/21,122.2,10/20/21,24.4,0.8003,0.1997,NA,10/21/21,2,0.4053,955.8343,22.1093,4.414622913,NA,NA,NA,NA,NA,NA,NA,NA,NA,NA,NA,258752.38,430,2021,Chitina,453.0561999,NA,143.8342034,335,57.10526513,2012,1.296703813,111.3,44,0.004414623,1856,8.193540127,7.933702765
LL-20-2021,LL-20-2021,LL-20-21,LL-L-20,2021-09-23,NA,Long Lake,9/24/21,61.37920879,-143.30713,2.086,M,0.032,4-E3,NA,NA,NA,NA,NA,NA,NA,NA,NA,1.98,2-G11,N,Y,NA,Y,Y,NA,0.7,0.4,0.4,0.5,0.5,0.4,0.4,0.5,maybe partal spawn,10/15/21,122.2,10/20/21,24.6,0.7987,0.2013,NA,10/21/21,4,0.4025,923.3249,19.9437,4.014852864,NA,NA,NA,NA,NA,NA,NA,NA,NA,NA,NA,258752.38,430,2021,Chitina,457.1680569,NA,145.2132975,338,57.64681768,2086,1.450468957,111.3,32,0.004014853,1980,7.949408671,7.930499467
GH-1-2021,GH-1-2021,GH-1-21,GH-1,2021-08-31,NA,Gulkana Hatchery,9/3/21,63.06732669,-145.5138318,1.956,M,0.058,3-D3,NA,NA,NA,NA,NA,NA,NA,NA,NA,1.836,2-C3,Y,Y,5,Y,Y,0.028,0.6,0.4,0.7,0.5,0.5,0.7,0.9,0.8,,10/15/21,101.9,10/20/21,21.7,0.787,0.213,NA,10/21/21,2,0.2763,955.8343,22.337,4.756750736,NA,NA,NA,NA,NA,NA,NA,NA,NA,NA,NA,468383.14,909,2021,GulkanaHatchery,471,82,126,294,66,1956,0.529326042,425.8,58,0.004756751,1836,8.733394351,7.136363636
GH-2-2021,GH-2-2021,GH-2-21,GH-2-2021,2021-08-31,NA,Gulkana Hatchery,9/3/21,63.06732669,-145.5138318,1.856,M,0.056,3-D4,NA,NA,NA,NA,NA,NA,NA,NA,NA,1.756,2-C4,Y,Y,5,Y,Y,0.028,1.1,0.5,1.6,0.5,1.1,0.6,1,0.6,,10/15/21,119.9,10/20/21,27,0.7748,0.2252,NA,10/21/21,4,0.3732,923.3249,21.8379,4.917625521,NA,NA,NA,NA,NA,NA,NA,NA,NA,NA,NA,468383.14,909,2021,GulkanaHatchery,457,83,116,278,59,1856,-0.223221211,425.8,56,0.004917626,1756,8.635350415,7.745762712
GH-3-2021,GH-3-2021,GH-3-21,GH-3,2021-08-31,NA,Gulkana Hatchery,9/3/21,63.06732669,-145.5138318,2.032,M,0.052,3-C8,NA,NA,NA,NA,NA,NA,NA,NA,NA,1.92,2-B12,N,Y,3,Y,Y,0.024,1.1,0.7,0.7,0.6,0.6,0.6,0.7,0.9,,10/15/21,130.1,10/20/21,27.6,0.7879,0.2121,NA,10/21/21,2,0.3793,955.8343,23.4707,4.979180015,NA,NA,NA,NA,NA,NA,NA,NA,NA,NA,NA,468383.14,909,2021,GulkanaHatchery,469,89,123,292,60,2032,0.38307983,425.8,52,0.00497918,1920,9.560025629,7.816666667
GH-4-2021,GH-4-2021,GH-4-21,GH-4,2021-08-31,NA,Gulkana Hatchery,9/4/21,63.06732669,-145.5138318,1.784,M,0.06,3-F1,NA,NA,NA,NA,NA,NA,NA,NA,NA,1.676,2-D5,N,Y,5,Y,Y,0.03,0.6,0.5,0.6,0.6,0.6,1.1,0.5,1,,10/15/21,78.6,10/19/21,18.9,0.7595,0.2405,NA,10/19/21,2,0.4678,955.8343,21.1055,5.074986641,NA,NA,NA,NA,NA,NA,NA,NA,NA,NA,NA,468383.14,909,2021,GulkanaHatchery,447,64,120,274,59,1784,-0.348454395,425.8,60,0.005074987,1676,8.50567761,7.576271186
GH-5-2021,GH-5-2021,GH-5-21,GH-5,2021-08-31,NA,Gulkana Hatchery,9/3/21,63.06732669,-145.5138318,1.794,M,0.052,3-C5,NA,NA,NA,NA,NA,NA,NA,NA,NA,1.684,2-B9,Y,Y,5,Y,Y,0.026,0.7,1,0.6,0.6,1,0.7,0.8,0.8,,10/15/21,133.4,10/20/21,29.1,0.7819,0.2181,NA,10/21/21,4,0.3277,923.3249,22.1549,4.83289048,2,0.3296,955.8343,23.0543,5.029086432,NA,NA,NA,NA,NA,NA,468383.14,909,2021,GulkanaHatchery,447,71,122,285,57,1794,-0.133761928,425.8,52,0.00483289,1684,8.138587568,7.842105263
FC-1-2021,FC-1-2021,FC-1-21,FC-1,2021-07-14,NA,Fish Creek Gulkana,7/23/21,63.1000428,-145.481274,2.088,M,0.05,2-B4,NA,NA,NA,NA,NA,NA,NA,NA,NA,1.966,1-E12,N,Y,5,Y,Y,0.028,0.6,0.7,0.6,0.5,1,1,1,1,,10/15/21,112,10/19/21,29,0.7411,0.2589,NA,10/21/21,4,0.3537,923.3249,22.578,5.846089286,NA,NA,NA,NA,NA,NA,NA,NA,NA,NA,NA,473968.02,988,2021,Gulkana,438,66,137,308,66,2088,0.451871633,468.3,50,0.005846089,1966,11.49341154,6.636363636
FC-2-2021,FC-2-2021,FC-2-21,FC-2,2021-07-14,NA,Fish Creek Gulkana,7/23/21,63.1000428,-145.481274,2.046,M,0.056,2-B3,NA,NA,NA,NA,NA,NA,NA,NA,NA,1.916,1-E11,N,Y,5,Y,Y,0.028,0.7,0.7,0.7,1.1,0.7,0.9,1,0.9,,10/15/21,126.9,10/20/21,33.4,0.7368,0.2632,NA,10/21/21,2,0.3183,955.8343,21.4536,5.646573995,NA,NA,NA,NA,NA,NA,NA,NA,NA,NA,NA,473968.02,988,2021,Gulkana,461,55,121,292,66,2046,0.1875138,468.3,56,0.005646574,1916,10.81883577,6.984848485
FC-4-2021,FC-4-2021,FC-4-21,FC-4,2021-07-14,NA,Fish Creek Gulkana,7/23/21,63.1000428,-145.481274,2.374,M,0.036,2-B6,NA,NA,NA,NA,NA,NA,NA,NA,NA,2.24,1-F2,N,Y,5,Y,Y,0.018,0.6,0.5,0.4,0.9,0.5,0.6,0.5,1.1,,10/15/21,97.3,10/19/21,22.6,0.7677,0.2323,NA,10/21/21,2,0.3449,955.8343,22.2554,5.169291264,NA,NA,NA,NA,NA,NA,NA,NA,NA,NA,NA,473968.02,988,2021,Gulkana,490,71,134,306,67,2374,1.257165184,468.3,36,0.005169291,2240,11.57921243,7.313432836
FC-5-2021,FC-5-2021,FC-5-21,FC-5,2021-07-14,NA,Fish Creek Gulkana,7/23/21,63.1000428,-145.481274,2.078,M,0.032,2-A5,NA,NA,NA,NA,NA,NA,NA,NA,NA,1.982,1-E5,N,Y,5,Y,Y,0.016,0.7,0.5,0.7,0.7,0.5,0.7,0.7,0.7,,10/15/21,121.2,10/19/21,29.2,0.7591,0.2409,NA,10/21/21,4,0.3864,923.3249,22.4262,5.403011881,NA,NA,NA,NA,NA,NA,NA,NA,NA,NA,NA,473968.02,988,2021,Gulkana,472,71,123,299,63,2078,0.537821971,468.3,32,0.005403012,1982,10.70876955,7.492063492
FC-7-2021,FC-7-2021,FC-7-21,FC-7,2021-07-14,NA,Fish Creek Gulkana,7/23/21,63.1000428,-145.481274,2.16,M,0.082,2-B5,NA,NA,NA,NA,NA,NA,NA,NA,NA,2.018,1-F1,N,Y,5,Y,Y,0.042,1,0.9,0.9,1.1,1,0.7,0.7,0.8,,10/15/21,117.7,10/19/21,30.7,0.7392,0.2608,NA,10/21/21,4,0.4149,923.3249,22.3613,5.832556585,NA,NA,NA,NA,NA,NA,NA,NA,NA,NA,NA,473968.02,988,2021,Gulkana,470,54,120,294,69,2160,0.347913407,468.3,82,0.005832557,2018,11.77009919,6.811594203
MN-1-2021,MN-1-2021,MN-1-21,MN-1,2021-07-08,NA,Mentasta,7/23/21,62.94958,-143.35984,2.692,M,0.07,2-B1,NA,NA,NA,NA,NA,NA,NA,NA,NA,2.486,1-E9,N,Y,5,Y,Y,0.036,0.9,0.4,0.4,0.4,0.4,0.4,0.4,0.6,,10/19/21,87.9,10/23/21,19.3,0.7804,0.2196,NA,10/27/21,2,0.477,923.3914,20.6881,4.542438339,NA,NA,NA,NA,NA,NA,NA,NA,NA,NA,NA,472102.04,678,2021,Slana,494,63,145,339,68,2692,2.108219954,320.1,70,0.004542438,2486,11.29250171,7.264705882
MN-3-2021,MN-3-2021,MN-3-21,MN-3,2021-07-08,NA,Mentasta,7/23/21,62.94958,-143.35984,2.308,M,0.058,2-A7,NA,NA,NA,NA,NA,NA,NA,NA,NA,2.118,1-E7,N,Y,5,Y,Y,0.03,0.4,0.4,0.4,0.4,0.4,0.9,0.4,0.4,,10/19/21,101.5,10/23/21,20.3,0.8,0.2,NA,10/27/21,2,0.3683,923.3914,20.2505,4.0501,NA,NA,NA,NA,NA,NA,NA,NA,NA,NA,NA,472102.04,678,2021,Slana,447,58,155,345,65,2308,1.640338523,320.1,58,0.0040501,2118,8.5781118,6.876923077
MN-5-2021,MN-5-2021,MN-5-21,MN-5,2021-07-08,NA,Mentasta,7/23/21,62.94958,-143.35984,2.38,M,0.062,2-A6,NA,NA,NA,NA,NA,NA,NA,NA,NA,2.176,1-E6,N,Y,5,Y,Y,0.032,0.5,0.5,0.5,0.4,0.6,0.5,0.8,0.6,,10/19/21,110.9,10/23/21,24.9,0.7755,0.2245,NA,10/27/21,2,0.3185,923.3914,21.7414,4.881522633,NA,NA,NA,NA,NA,NA,NA,NA,NA,NA,NA,472102.04,678,2021,Slana,468,89,159,351,65,2380,2.206900821,320.1,62,0.004881523,2176,10.62219325,7.2
MN-6-2021,MN-6-2021,MN-6-21,MN-6,2021-07-08,NA,Mentasta,7/23/21,62.94958,-143.35984,2.286,M,0.074,2-A8 (Empty),NA,NA,NA,NA,NA,NA,NA,NA,NA,2.11,1-E8,N,Y,5,Y,Y,0.034,0.4,0.4,0.5,0.4,0.5,0.6,0.6,0.5,,10/20/21,103.9,10/23/21,22.1,0.7873,0.2127,NA,10/27/21,4,0.2992,923.3249,21.9957,4.678584889,NA,NA,NA,NA,NA,NA,NA,NA,NA,NA,NA,472102.04,678,2021,Slana,445,67,147,330,67,2286,1.168395844,320.1,74,0.004678585,2110,9.871814116,6.641791045
MN-11-2021,MN-11-2021,MN-11-21,MN-11,2021-07-29,NA,Mentasta,9/4/21,62.94958,-143.35984,2.014,M,0.058,3-F8,NA,NA,NA,NA,NA,NA,NA,NA,NA,1.874,2-D12,N,Y,5,Y,Y,0.028,0.3,0.6,0.3,0.4,0.4,0.4,0.4,0.4,,10/20/21,91.3,10/23/21,17.9,0.8039,0.1961,NA,10/27/21,2,0.3577,923.3914,18.3093,3.589665608,NA,NA,NA,NA,NA,NA,NA,NA,NA,NA,NA,472102.04,678,2021,Slana,442,60,137,327,66,2014,0.79888429,320.1,58,0.003589666,1874,6.727033349,6.696969697
MN-16-2021,MN-16-2021,MN-16-21,MN-16,2021-07-29,NA,Mentasta,9/4/21,62.94958,-143.35984,2.086,M,0.026,3-F6,NA,NA,NA,NA,NA,NA,NA,NA,NA,1.996,2-D10,N,Y,5,Y,Y,0.01,0.4,0.4,0.4,0.4,0.4,0.4,0.4,0.4,,10/29/21,63.3,11/3/21,14.2,0.7757,0.2243,NA,11/4/21,2,0.3685,923.3914,20.0502,4.497833175,NA,NA,NA,NA,NA,NA,NA,NA,NA,NA,NA,472102.04,678,2021,Slana,462,65,145,335,56,2086,1.486128069,320.1,26,0.004497833,1996,8.977675017,8.25
MN-17-2021,MN-17-2021,MN-17-21,MN-17,2021-07-29,NA,Mentasta,9/4/21,62.94958,-143.35984,1.92,M,0.038,3-E7,NA,NA,NA,NA,NA,NA,NA,NA,NA,1.792,2-D3,N,Y,5,Y,Y,0.018,0.4,0.4,0.4,0.4,0.4,0.4,0.4,0.4,,10/29/21,69.2,11/3/21,14.1,0.7962,0.2038,NA,11/4/21,4,0.3048,923.3249,19.9715,4.069337428,NA,NA,NA,NA,NA,NA,NA,NA,NA,NA,NA,472102.04,678,2021,Slana,439,58,144,328,60,1920,0.951665204,320.1,38,0.004069337,1792,7.292252671,7.316666667
MN-18-2021,MN-18-2021,MN-18-21,MN-18,2021-07-29,NA,Mentasta,9/4/21,62.94958,-143.35984,2.976,M,0.09,3-F7,NA,NA,NA,NA,NA,NA,NA,NA,NA,2.796,2-D11,N,Y,5,Y,Y,0.044,0.4,0.4,0.4,0.4,0.8,0.4,0.4,0.4,,10/29/21,98.2,11/3/21,21.1,0.7851,0.2149,NA,11/4/21,2,0.2349,923.3914,20.8578,4.481665784,NA,NA,NA,NA,NA,NA,NA,NA,NA,NA,NA,472102.04,678,2021,Slana,483,83,179,403,71,2976,3.774003288,320.1,90,0.004481666,2796,12.53073753,6.802816901
MN-19-2021,MN-19-2021,MN-19-21,MN-19,2021-07-29,NA,Mentasta,9/4/21,62.94958,-143.35984,2.444,M,0.054,3-F4,NA,NA,NA,NA,NA,NA,NA,NA,NA,2.3,2-D8,N,Y,5,Y,Y,0.028,0.4,0.4,0.4,0.4,0.4,0.4,0.4,0.4,,10/29/21,41.7,11/3/21,17.5,0.5803,0.4197,NA,11/4/21,4,0.3086,923.3249,19.2627,8.083866906,NA,NA,NA,NA,NA,NA,NA,NA,NA,NA,NA,472102.04,678,2021,Slana,457,69,171,374,55,2444,2.675396405,320.1,54,0.008083867,2300,18.59289388,8.309090909
TN-2-2021,TN-2-2021,TN-2-21,TN-2,2021-08-04,NA,Tanada,9/3/21,62.45133,-143.382153,2.188,M,0.044,3-E4,NA,NA,NA,NA,NA,NA,NA,NA,NA,2.076,2-C12,N,Y,5,Y,Y,0.022,0.7,0.7,0.7,0.6,0.7,0.8,0.6,0.8,,10/29/21,103.4,11/3/21,29.5,0.7147,0.2853,NA,11/4/21,2,0.2753,923.3914,23.5586,6.721264023,NA,NA,NA,NA,NA,NA,NA,NA,NA,NA,NA,472343.24,887,2021,TanadaCopperLakes,475,62,121,299,70,2188,0.536088115,419,44,0.006721264,2076,13.95334411,6.785714286
TN-4-2021,TN-4-2021,TN-4-21,TN-4,2021-08-04,NA,Tanada,9/4/21,62.45133,-143.382153,2.154,M,0.046,3-F2,NA,NA,NA,NA,NA,NA,NA,NA,NA,2.03,2-D6,N,Y,5,Y,Y,0.022,0.6,0.6,0.5,0.6,0.6,0.6,0.6,0.8,,10/29/21,75.6,11/3/21,20,0.7354,0.2646,NA,11/4/21,2,0.308,923.3914,22.3277,5.906798942,NA,NA,NA,NA,NA,NA,NA,NA,NA,NA,NA,472343.24,887,2021,TanadaCopperLakes,467,48,135,307,65,2154,0.893732435,419,46,0.005906799,2030,11.99080185,7.184615385
TN-6-2021,TN-6-2021,TN-6-21,TN-6,2021-08-04,NA,Tanada,9/3/21,62.45133,-143.382153,1.952,M,0.054,3-C4,NA,NA,NA,NA,NA,NA,NA,NA,NA,1.832,2-B8,N,Y,5,Y,Y,0.03,1.1,0.9,1,1.5,1.3,1.3,1.2,1.2,,10/29/21,130.8,11/3/21,34.5,0.7362,0.2638,NA,11/4/21,2,0.3424,923.3914,22.2467,5.867822248,NA,NA,NA,NA,NA,NA,NA,NA,NA,NA,NA,472343.24,887,2021,TanadaCopperLakes,470,62,127,309,66,1952,0.757315284,419,54,0.005867822,1832,10.74985036,7.121212121
TN-7-2021,TN-7-2021,TN-7-21,TN-7,2021-08-04,NA,Tanada,9/3/21,62.45133,-143.382153,2.817,M,0.036,3-E5,NA,NA,NA,NA,NA,NA,NA,NA,NA,2.686,2-D1,N,Y,5,Y,Y,0.02,0.6,0.6,0.7,0.6,0.9,0.6,1,0.6,,10/29/21,120.2,11/3/21,30.4,0.7471,0.2529,NA,11/4/21,2,0.2514,923.3914,22.0219,5.569598669,NA,NA,NA,NA,NA,NA,NA,NA,NA,NA,NA,472343.24,887,2021,TanadaCopperLakes,505,80,145,339,70,2817,2.302052128,419,36,0.005569599,2686,14.95994202,7.214285714
TN-10-2021,TN-10-2021,TN-10-21,TN-10,2021-08-04,NA,Tanada,9/5/21,62.45133,-143.382153,1.984,M,0.052,4-D8,NA,NA,NA,NA,NA,NA,NA,NA,NA,1.86,2-G8,N,Y,5,Y,Y,0.026,1.6,0.7,0.8,0.7,0.8,0.7,1,0.7,,10/29/21,111.4,11/3/21,27.8,0.7504,0.2496,NA,11/4/21,2,0.3018,922.7887,23.4456,5.85087684,NA,NA,NA,NA,NA,NA,NA,NA,NA,NA,NA,472343.24,887,2021,TanadaCopperLakes,471,69,123,288,62,1984,0.360105574,419,52,0.005850877,1860,10.88263092,7.596774194